ID,GameCoords_0,GameCoords_1,GameCoords_2,GameFalloffStart,GameFalloffEnd,ContinentID,LightParamsID_0,LightParamsID_1,LightParamsID_2,LightParamsID_3,LightParamsID_4,LightParamsID_5,LightParamsID_6,LightParamsID_7
1,0,0,0,0,0,0,12,13,10,13,3,0,0,0
2,-10666.671875,64,0,533.33331298828,718.36114501953,0,14,15,494,15,3,0,0,0
3,-10358.361328125,-2789.171875,0,386.77777099609,536.05554199219,0,16,15,496,15,3,0,0,0
4,-9786.671875,1573.3330078125,0,640,800,0,17,18,497,18,3,0,0,0
5,-10426.671875,-1973.333984375,-4.91666650772,310.19445800781,454.5,0,19,20,463,20,3,0,0,0
6,-11299.861328125,-3073.47265625,0,386.72222900391,563.83331298828,0,21,22,454,22,3,0,0,0
7,-7862.171875,-1074.03125,0,660.36114501953,813.63891601563,0,23,24,456,24,3,0,0,0
8,-10773.333984375,1466.666015625,0,720,880,0,17,25,497,25,3,0,0,0
9,-13333.333984375,0,0,1770.6666259766,2005.3333740234,0,26,27,409,27,3,0,0,0
12,-1552.484375,-3046.861328125,233.62126159668,35.32273483276,60.03237533569,0,30,31,10,31,3,0,0,0
13,-106,-733.78125,464.9333190918,24.89477729797,24.89477729797,0,32,33,10,33,3,0,0,0
14,-10376.076171875,-4017.1328125,22.72459602356,743.94445800781,853.33331298828,0,16,15,496,15,3,0,0,0
15,-10707.28125,-1058.046875,25.05819129944,666.66668701172,879.38891601563,0,14,15,494,15,3,0,0,0
16,-5161.328125,-1442.015625,435.77481079102,999.31134033203,1214.2452392578,0,34,35,406,35,3,0,0,0
17,-11021.171875,-2023.140625,65.13889312744,307.44445800781,405.91665649414,0,19,20,463,20,3,0,0,0
18,-10213.333984375,-1386.671875,0,186.66667175293,213.33332824707,0,14,15,494,15,3,0,0,0
19,-12041.5,-2450.28125,0,450.48706054688,529.36114501953,0,916,37,36,37,3,0,0,0
20,-7978.671875,-2570.671875,0,704,832,0,23,24,456,24,3,0,0,0
21,-6730.671875,-3733.333984375,322.73056030273,29.30805397034,30.90694618225,0,28,24,493,24,3,0,0,0
22,-5289.171875,21.416015625,235.55555725098,736.77777099609,879.72222900391,0,34,35,406,35,3,0,0,0
23,-6314.671875,469.328125,192,533.33331298828,576,0,34,35,406,35,3,0,0,0
24,-5802.671875,-234.671875,149.33332824707,576,682.66668701172,0,34,35,406,35,3,0,0,0
26,-5354.671875,-3413.333984375,431.5666809082,20.67899894714,20.67899894714,0,38,39,470,39,3,0,0,0
27,2709.3330078125,42.666015625,0,984.61114501953,1436.7222900391,0,40,39,407,39,3,0,0,0
28,277.328125,1378.0546875,380.49444580078,14.92575073242,14.92575073242,0,41,42,472,42,3,0,0,0
29,2133.3330078125,1471.99609375,0,522.44445800781,838.08331298828,0,40,43,407,43,3,0,0,0
30,1853.6923828125,-2961.640625,0,413.61111450195,634.52777099609,0,44,45,457,45,3,0,0,0
31,1779.103515625,-1740.59375,344.25445556641,13.9305973053,13.9305973053,0,46,45,473,45,3,0,0,0
33,2410.666015625,-2496,0,339.13888549805,459.5,0,48,45,457,45,3,0,0,0
34,959.99609375,-1822.6953125,21.30555534363,56.52777862549,92.52777862549,0,49,45,473,45,3,0,0,0
36,106.6660232544,-2613.333984375,0,500.66665649414,870.75,0,51,45,10,45,3,0,0,0
37,266.666015625,-3872,0,663.94445800781,1121.0833740234,0,51,52,10,52,3,0,0,0
38,826.8330078125,-4006.9453125,0,239.22222900391,326.52777099609,0,53,24,10,24,3,0,0,0
39,-14352.97265625,487.609375,0,152.38888549805,228.58332824707,0,26,27,409,27,3,0,0,0
40,-10324.806640625,370.416015625,46.19444656372,35.52777862549,76.19444274902,0,54,27,494,27,3,0,0,0
41,-10452,-445.22265625,0,130.61111450195,250.33332824707,0,55,27,469,27,3,0,0,0
42,2597.6923828125,-4303.78125,0,1280,1653.1389160156,0,56,37,444,37,3,0,0,0
43,2480.4990234375,-3752.556640625,143,193.38888549805,281.55557250977,0,57,37,457,37,3,0,0,0
44,572.416015625,-487.611328125,0,261.22222900391,478.91665649414,0,427,45,422,45,3,0,0,0
45,-2066.75,-1250.861328125,0,119.72222137451,674.83331298828,0,30,45,10,45,3,0,0,0
46,3041.859375,-3686.056640625,149.13888549805,229.75,404.77777099609,0,59,33,457,33,3,0,0,0
47,2705.9423828125,-5475.833984375,106.52777862549,182.33332824707,306.33334350586,0,57,31,457,31,3,0,0,0
48,3851.498046875,-3427.390625,149.13888549805,426.66665649414,557.94445800781,0,60,45,60,45,3,0,0,0
49,3858.88671875,-3242.919921875,114.52777862549,62.58333206177,164.11111450195,0,61,45,61,45,3,0,0,0
50,-8275.6953125,-1683.22265625,56.30555725098,251.61111450195,339.13888549805,0,23,45,456,45,3,0,0,0
51,-8480.361328125,548.27734375,80.91666412354,65.63889312744,84.52777862549,0,62,24,10,24,3,0,0,0
52,-8405.53125,620.888671875,70.91666412354,62.63888931274,89.63889312744,0,62,24,10,24,3,0,0,0
53,2365.0546875,-873.583984375,63.91666793823,262.55557250977,404.77777099609,0,40,24,407,24,3,0,0,0
54,-13333.333984375,13866.6640625,0,2516.25,2647.5278320312,0,12,63,10,63,3,0,0,0
55,-1424.9453125,455.0546875,-54.69444656372,267.80557250977,347.13888549805,0,64,13,10,13,3,0,0,0
56,-1329.72265625,555.27734375,167.36111450195,87.52777862549,142.22222900391,0,65,66,10,66,3,0,0,0
57,-11953.056640625,-1598,0,306.33334350586,601.72222900391,0,67,66,10,66,3,0,0,0
58,-3345.140625,-2705.9453125,637.12225341797,25.40894508362,25.42430686951,0,29,13,499,13,3,0,0,0
59,-13884.279296875,12311.581054688,-202.36111450195,164.11111450195,231.69444274902,0,68,27,10,27,3,0,0,0
60,-13913.279296875,12541.638671875,-234.36111450195,149.80555725098,231.80555725098,0,69,13,10,13,3,0,0,0
61,-4.3125,-1565,176.13888549805,104.75,154.27778625488,0,70,71,10,71,3,0,0,0
63,-404.833984375,-3984.361328125,191.75,218.80555725098,295.38888549805,0,72,52,10,52,3,0,0,0
64,-10972.9453125,-2660.333984375,0,160.05555725098,251.61111450195,0,21,45,454,45,3,0,0,0
65,-10977.333984375,-3418.390625,47.30555725098,123.22222137451,229.75,0,21,45,454,45,3,0,0,0
66,-10800.5,-3002.25,27.69444465637,87.52777862549,207.86111450195,0,21,22,454,22,3,0,0,0
68,-10078.056640625,-3217.310546875,0,153.16667175293,240.69444274902,0,16,22,496,22,3,0,0,0
69,-11230.642578125,-2837.78125,151.13888549805,43.75,76.58333587646,0,74,15,74,15,3,0,0,0
70,-15733.333984375,-15733.333984375,0,645.47222900391,940.86114501953,0,75,15,10,15,3,0,0,0
71,-10546.806640625,-2347.060546875,112.52777862549,62.58333206177,99.47222137451,0,76,22,465,22,3,0,0,0
72,-6779.22265625,-1643.611328125,210.13888549805,382.91665649414,566,0,77,78,471,78,3,0,0,0
73,-6754.22265625,-830.97265625,234.36111450195,339.13888549805,506.13888549805,0,77,24,471,24,3,0,0,0
74,-7309.1953125,-1976.53125,352.61111450195,44.75,98.47222137451,0,77,24,471,24,3,0,0,0
75,-6315.078125,-2121.75,279.75,124.84310150147,240.70190429688,0,77,24,471,24,3,0,0,0
76,-7222.97265625,-1001.421875,404.83334350586,196.91667175293,306.33334350586,0,77,24,471,24,3,0,0,0
78,-7607.890625,-1821.083984375,118.91665649414,240.69444274902,339.13888549805,0,23,13,456,13,3,0,0,0
79,3364.77734375,-4174.419921875,117.52777862549,124.22222137451,149.22222900391,0,80,24,10,24,3,0,0,0
80,3427.38671875,-4879.861328125,102.91665649414,240.69444274902,273.5,0,81,13,10,13,3,0,0,0
81,1477.166015625,-3706.669921875,85.52777862549,125.05555725098,214.05555725098,0,82,37,444,37,3,0,0,0
82,0,0,0,0,0,509,394,391,8,11,3,0,0,0
83,0,0,0,0,0,469,85,86,10,11,3,0,0,0
84,0,0,0,0,0,269,87,88,10,11,3,0,0,0
85,-1866.671875,7095.13671875,0,533.33331298828,800,269,89,90,89,90,3,0,0,0
86,2237.1923828125,786.3603515625,-44.69444656372,439.72222900391,1465.9722900391,269,91,92,91,92,3,0,0,0
87,3174.6923828125,447.4375,0,404.77777099609,459.5,269,93,94,10,11,3,0,0,0
88,2973.8583984375,1146.8603515625,32.30555725098,367.72222900391,415.72222900391,269,93,94,10,11,3,0,0,0
89,2788.77734375,1637.6103515625,0,334.19445800781,384.83334350586,269,93,94,10,11,3,0,0,0
90,2399.9990234375,2109.9716796875,0,317.91665649414,382.91665649414,269,93,94,10,11,3,0,0,0
91,1779.4423828125,1939.916015625,0,307.19445800781,374.08334350586,269,93,94,10,11,3,0,0,0
92,1261.0830078125,1190.8603515625,0,536.05554199219,601.72222900391,269,93,94,10,11,3,0,0,0
93,1145.8603515625,183.75,0,492.30557250977,557.94445800781,269,93,94,10,11,3,0,0,0
94,1725.8330078125,-281.361328125,0,373.91665649414,437.61111450195,269,93,94,10,11,3,0,0,0
95,2492.88671875,-362.22265625,0,415.72222900391,481.36111450195,269,93,94,10,11,3,0,0,0
96,2791.1640625,21.3046875,0,393.83334350586,470.41665649414,269,93,95,10,11,3,0,0,0
97,0,0,0,0,0,36,96,97,10,11,3,0,0,0
98,-9786.669921875,1573.3330078125,0,640,800,36,98,99,10,11,3,0,0,0
99,-245.333984375,-533.333984375,0,1408,1792,36,100,101,10,11,3,0,0,0
179,0,0,0,0,0,429,175,176,10,11,3,0,0,0
180,-10177.919921875,-804.361328125,0,187.91667175293,213.91667175293,429,177,178,10,11,3,0,0,0
181,17844.138671875,17667.580078125,0,281.97222900391,371.97222900391,429,179,180,10,11,3,0,0,0
182,17452.189453125,17316.8046875,0,175.05555725098,175.05555725098,429,181,176,10,11,3,0,0,0
183,17455.888671875,17059.638671875,0,137.22222900391,180.97222900391,429,181,176,10,11,3,0,0,0
184,17081.638671875,17422.189453125,0,197.86111450195,233.75,429,182,183,10,11,3,0,0,0
185,17030.861328125,17864.138671875,0,203.97222900391,214.86111450195,429,184,183,10,11,3,0,0,0
186,17367.8046875,16611.720703125,-52.69444656372,171.97222900391,187.22222900391,429,185,186,10,11,3,0,0,0
187,3132.0830078125,106.52734375,0,722.05554199219,1104.9444580078,169,187,188,10,11,3,0,0,0
188,-2365.05859375,-1853.6953125,-106.52777862549,886.16668701172,1148.7222900391,169,189,188,10,11,3,0,0,0
189,1333.3330078125,1866.666015625,0,1531.6110839844,2002.0555419922,169,190,188,10,11,3,0,0,0
190,-3733.333984375,3199.998046875,0,1137.7778320312,1433.1666259766,169,191,188,10,11,3,0,0,0
191,0,0,0,0,0,1,192,193,10,193,3,0,0,0
193,121.52734375,-2406.0625,0,16.1243057251,16.1243057251,1,196,215,477,215,3,0,0,0
194,-1809.974609375,1069.7080078125,24.30555534363,460.44760131836,813.21942138672,1,198,199,478,199,3,0,0,0
195,-8586.611328125,-4410.5,0,1750.4166259766,2013,1,200,201,420,201,3,0,0,0
196,7834.4423828125,-2646.1953125,744.97222900391,54.38166809082,56.18444442749,1,202,203,482,203,3,0,0,0
197,5177.52734375,958.8046875,0,1181.5278320312,1509.75,1,835,193,426,193,3,0,0,0
198,-3626.671875,-3813.333984375,317.27502441406,40.58111190796,53.09749984741,1,205,206,495,206,3,0,0,0
199,7321.4111328125,122.52734375,-162.52778625488,754.86114501953,1225.3055419922,1,835,207,426,207,3,0,0,0
200,10277.328125,1295.99609375,522.66668701172,1568,2090.6667480469,1,208,209,453,209,3,0,0,0
202,-2730.671875,-618.671875,330.28610229492,20.89369392395,20.89369392395,1,210,211,449,211,3,0,0,0
204,1163.712890625,-4858.494140625,297.31069946289,23.10849380493,25.87838172913,1,212,213,451,11,3,0,0,0
206,-2066.75,-2237.1953125,387.16943359375,19.90002822876,19.90002822876,1,214,215,477,215,3,0,0,0
207,-3237.880859375,-1993.765625,87.95236968994,251.00825500488,438.39785766602,1,881,195,881,195,3,0,0,0
208,2279.8046875,-1450.5625,109.83236694336,15.13509082794,15.13509082794,1,194,195,492,195,3,0,0,0
210,3472.99609375,-3544.22265625,0,316.08334350586,743.94445800781,1,194,216,492,216,3,0,0,0
211,-4620.171875,-1121.25,0,459.5,614.63891601563,1,239,240,485,240,3,0,0,0
214,4282.63671875,-1129.25,191.75,481.36111450195,951.80554199219,1,218,1029,480,1029,3,0,0,0
215,5347.9716796875,-737.333984375,342.61111450195,371.97222900391,634.52777099609,1,218,1029,480,1029,3,0,0,0
216,6200.24609375,-1512.78125,308.22222900391,722.05554199219,951.80554199219,1,218,1029,480,1029,3,0,0,0
217,-4708.78125,106.52734375,779.01391601563,28.04999923706,30.74583244324,1,220,221,425,221,3,0,0,0
218,1751.4423828125,-3265.6953125,21.30555534363,229.80555725098,361.13888549805,1,222,223,222,223,3,0,0,0
219,9965.609375,2463.27734375,1171.8610839844,367.08334350586,482.36111450195,1,224,225,453,225,3,0,0,0
220,-3046.861328125,-1171.47265625,0,240.69444274902,361.02777099609,1,226,980,450,980,3,0,0,0
221,1044.02734375,-3132.083984375,0,142.22222900391,252.75,1,227,228,10,228,3,0,0,0
223,318.609375,-2194.583984375,216.36111450195,131.27778625488,230.55555725098,1,229,219,10,219,3,0,0,0
224,-72.921875,-594.28125,0,295.38888549805,640.63891601563,1,230,207,483,207,3,0,0,0
225,1130.24609375,-140.140625,0,525.13891601563,711.11114501953,1,232,213,483,213,3,0,0,0
226,750.8798828125,1799.3330078125,-17.6198387146,169.3745880127,295.73184204102,1,232,233,483,233,3,0,0,0
227,1638.6103515625,916.5830078125,-4.69444465637,437.61111450195,601.72222900391,1,234,235,483,235,3,0,0,0
228,2578.1064453125,1295.7216796875,0,478.30557250977,664.27777099609,1,236,237,483,237,3,0,0,0
229,3590.60546875,1768.4423828125,0,515.30554199219,1017.444519043,1,238,193,492,193,3,0,0,0
230,-6200.25,-3899.140625,0,415.72222900391,886.16668701172,1,239,240,485,240,3,0,0,0
231,-3657.056640625,-2596.72265625,0,150.22222900391,284.44445800781,1,205,207,495,207,3,0,0,0
232,4859.2216796875,-526.28125,309,103.38889312744,146.05555725098,1,241,242,480,242,3,0,0,0
233,4818.99609375,-404.833984375,387.61111450195,81.63889312744,131.27778625488,1,243,203,480,203,3,0,0,0
234,-2705.9453125,-1427.5625,63.91666793823,109.38889312744,153.16667175293,1,210,244,449,244,3,0,0,0
235,1555.38671875,-2906.421875,191.75,159.16667175293,180.05555725098,1,222,223,222,223,3,0,0,0
239,1903.6923828125,-4325.25,278.50302124023,13.67187023163,15.24143505096,1,910,215,5454,215,3,0,0,0
240,-4964.47265625,2820.5517578125,0,776.75,1094.0278320312,1,248,207,425,207,3,0,0,0
241,-3217.3125,2194.5830078125,-277,689.22222900391,875.22222900391,1,249,219,425,219,3,0,0,0
242,-6583.78125,-5390.583984375,0,539,798.63891601563,1,200,219,420,219,3,0,0,0
243,-7350.806640625,-3046.861328125,0,393.83334350586,590.77777099609,1,200,250,420,250,3,0,0,0
244,-6451.921875,-2729.5625,0,470.41665649414,579.83331298828,1,200,251,420,251,3,0,0,0
245,-8842.28125,-2620.72265625,0,415.72222900391,711.11114501953,1,200,201,420,201,3,0,0,0
246,-245.140625,1105.666015625,-1.444444e-05,381.66467285156,804.84063720703,1,198,199,478,199,3,0,0,0
247,3525.54296875,-6113.583984375,443.39663696289,17.20450782776,17.20450782776,1,246,207,458,207,3,0,0,0
248,-7342.421875,-1321.72265625,-63.91666793823,984.61114501953,1255.4166259766,1,252,207,411,207,3,0,0,0
249,-7222.97265625,1233.27734375,0,25.92713928223,34.85444641113,1,253,207,408,207,3,0,0,0
250,-6157.640625,3472.99609375,0,897.08331298828,1334.6944580078,1,254,207,425,207,3,0,0,0
252,-8515.361328125,-3057.861328125,0,35.75,75.52777862549,1,200,250,420,250,3,0,0,0
253,-3780.22265625,-4426,26.70183372498,267.39389038086,384.34722900391,1,256,257,495,257,3,0,0,0
254,2251.1923828125,275,121.52777862549,169.97222900391,252.55555725098,1,258,259,492,259,3,0,0,0
255,-6752.611328125,-1380.9453125,-277,448.55557250977,787.69445800781,1,419,251,417,251,3,0,0,0
256,-7633.5,-2023.140625,-277,246.61111450195,479.30557250977,1,252,207,411,207,3,0,0,0
257,-7734.333984375,-956.421875,-277,254.38888549805,459.5,1,252,207,411,207,3,0,0,0
259,6998.3330078125,-4154.806640625,1070.8277587891,36.51055526733,38.43333816528,1,262,263,424,263,3,0,0,0
267,-3771.28125,3302.52734375,0,328.19445800781,426.66665649414,1,248,207,425,207,3,0,0,0
268,-3903.361328125,1873.6923828125,0,266.69445800781,404.77777099609,1,249,219,425,219,3,0,0,0
269,9353.638671875,490.0546875,-106.52777862549,787.69445800781,1214.3610839844,1,268,213,453,213,3,0,0,0
270,4661.419921875,-4422.896484375,893.17205810547,368.45938110352,468.5,1,876,952,876,952,3,0,0,0
271,16256.998046875,16299.638671875,-404.83334350586,623.58331298828,864.27777099609,1,270,213,10,11,3,0,0,0
272,4223.1611328125,-3947.578125,970.53820800781,256.3229675293,360.13888549805,1,876,952,876,952,3,0,0,0
273,29.3046875,-1938.921875,63.91666793823,119.47222137451,185.97222900391,1,272,960,10,960,3,0,0,0
274,-1265.783203125,-2998.234375,76.0139465332,120.33334350586,240.69444274902,1,272,960,10,960,3,0,0,0
275,-1050.640625,-2106.75,73.91666412354,118.38889312744,223.86111450195,1,272,960,10,960,3,0,0,0
276,-4495.72265625,-2109.361328125,21.30555534363,175.05555725098,240.69444274902,1,273,274,10,274,3,0,0,0
277,-4726.390625,-2480.28125,57.30555725098,175.05555725098,256.55557250977,1,275,263,10,263,3,0,0,0
278,-6419.306640625,-233.361328125,0,196.91667175293,306.33334350586,1,253,207,408,207,3,0,0,0
279,-6418.921875,-699.111328125,-191.75,164.11111450195,306.33334350586,1,252,207,411,207,3,0,0,0
281,-4708.78125,-2224.97265625,71.91666412354,46.69444656372,76.52777862549,1,275,271,10,271,3,0,0,0
282,-6954.28125,-2068.75,-280.61111450195,127.47222137451,196.91667175293,1,252,276,411,276,3,0,0,0
283,-7043.140625,-1772.4453125,-281,157.11111450195,229.75,1,252,259,411,259,3,0,0,0
284,-6850.056640625,-1471.171875,-282,125.27777862549,176.97222900391,1,252,257,411,257,3,0,0,0
285,-6932.671875,-1281.72265625,-274,17.88888931274,56.63888931274,1,252,216,411,216,3,0,0,0
286,-6999.921875,-1090.640625,-291.61111450195,128.27778625488,175.05555725098,1,252,277,411,277,3,0,0,0
287,-6716.22265625,-1037.03125,-287,109.38889312744,153.16667175293,1,252,257,411,257,3,0,0,0
288,-6626.390625,-883.583984375,-288.22222900391,71.47222137451,119.27777862549,1,252,257,411,257,3,0,0,0
289,8075.2470703125,-1335.333984375,-149.13888549805,371.97222900391,875.22222900391,1,204,257,426,257,3,0,0,0
290,5944.552734375,-745.72265625,319.61111450195,196.91667175293,350.08334350586,1,218,257,480,257,3,0,0,0
291,4495.7216796875,-490.0625,277,120.33334350586,350.08334350586,1,218,1029,480,1029,3,0,0,0
292,191.75,1254.0830078125,182.13888549805,103.47222137451,187.47222900391,1,278,257,10,257,3,0,0,0
293,-144.140625,736.7216796875,79.91666412354,120.33334350586,210.69444274902,1,279,257,10,257,3,0,0,0
295,2077.7490234375,-277,63.91666793823,164.11111450195,284.44445800781,1,281,282,492,282,3,0,0,0
296,2432.666015625,-3310.921875,106.52777862549,258.75,332.19445800781,1,283,282,492,282,3,0,0,0
297,191.75,1853.6923828125,77.91666412354,131.27778625488,295.38888549805,1,284,285,478,285,3,0,0,0
298,-2207.583984375,2451.27734375,106.52777862549,197.86111450195,355.97222900391,1,284,223,478,223,3,0,0,0
299,3259.9111328125,-490.0625,63.91666793823,184.05555725098,339.13888549805,1,286,219,492,219,3,0,0,0
300,3728.6611328125,-94.53125,0,252.75,450.66665649414,1,287,219,492,219,3,0,0,0
302,4770.7392578125,-4910.6015625,883.22778320313,175.64253234863,205.32783508301,1,876,206,876,206,3,0,0,0
303,5708.88671875,-4870.22265625,805.97222900391,30.83333396912,84.47222137451,1,288,206,424,206,3,0,0,0
304,5603.6640625,-4994.47265625,855.58331298828,98.47222137451,153.16667175293,1,288,206,424,206,3,0,0,0
305,-1931.3125,655.5,136.13888549805,157.16667175293,194.91667175293,1,289,193,10,193,3,0,0,0
306,-1267.083984375,2677.9423828125,63.30555725098,295.38888549805,425.66665649414,1,290,193,478,193,3,0,0,0
307,-1901.921875,1896.3046875,40.30555725098,153.16667175293,262.55557250977,1,291,203,10,203,3,0,0,0
309,63.916015625,2663.3330078125,-9.69444465637,218.80555725098,350.08334350586,1,294,271,478,271,3,0,0,0
310,543.375,584.888671875,103.52777862549,140.87312316895,206.67231750488,1,865,207,865,207,3,0,0,0
311,973.8046875,956.8046875,81.91666412354,144.22222900391,224.91667175293,1,230,207,483,207,3,0,0,0
312,2936.02734375,-3251.921875,120.52777862549,150.27778625488,177.27778625488,1,295,206,492,206,3,0,0,0
313,2605.1064453125,527.666015625,50.30555725098,156.11111450195,262.61111450195,1,295,195,295,195,3,0,0,0
318,0,0,0,0,0,44,297,298,10,11,3,0,0,0
319,0,0,0,0,0,189,299,300,10,11,3,0,0,0
320,0,0,0,0,0,249,301,302,10,11,3,0,0,0
321,0,0,0,0,0,30,303,304,10,304,3,0,0,0
322,3132.0830078125,106.52734375,0,722.05554199219,1104.9444580078,37,305,306,10,11,3,0,0,0
323,3132.0830078125,106.52734375,0,722.05554199219,1104.9444580078,489,307,308,10,11,3,0,0,0
324,1455.3046875,1477.38671875,267.61111450195,212.80555725098,288.38888549805,489,307,308,10,11,3,0,0,0
325,931.3603515625,1460.38671875,312.61111450195,214.80555725098,295.38888549805,489,309,310,10,11,3,0,0,0
326,0,0,0,0,0,529,311,312,10,11,3,0,0,0
327,945.0546875,945.0546875,0,787.69445800781,1066.6666259766,529,313,314,10,11,3,0,0,0
328,3132.0830078125,106.52734375,0,722.05554199219,1104.9444580078,129,315,316,10,11,3,0,0,0
329,2133.3330078125,1066.666015625,0,1066.6666259766,1600,129,317,316,10,11,3,0,0,0
330,0,0,0,0,0,47,318,319,10,11,3,0,0,0
331,-9786.669921875,1573.3330078125,0,640,800,47,318,319,10,11,3,0,0,0
332,-245.333984375,-533.333984375,0,1408,1792,47,318,319,10,11,3,0,0,0
333,0,0,0,0,0,289,320,321,10,11,3,0,0,0
334,-1866.671875,7095.13671875,0,533.33331298828,800,289,322,323,10,11,3,0,0,0
335,106.52734375,106.52734375,-44.69444656372,1072.1389160156,1072.1389160156,289,324,325,10,11,3,0,0,0
336,266.666015625,-3872,0,663.94445800781,1121.0833740234,33,326,327,10,11,3,0,0,0
337,-63.921875,1981.52734375,0,1247.1666259766,1333.3333740234,33,328,329,10,11,3,0,0,0
338,0,0,0,0,0,35,330,331,10,11,3,0,0,0
339,-9786.669921875,1573.3330078125,0,640,800,35,332,333,10,11,3,0,0,0
340,-245.333984375,-533.333984375,0,1408,1792,35,334,335,10,11,3,0,0,0
341,0,0,0,0,0,329,336,337,10,11,3,0,0,0
342,-1866.671875,7095.13671875,0,533.33331298828,800,329,338,339,10,11,3,0,0,0
343,-11953.056640625,-1896.3125,-44.69444656372,1641.0278320312,2417.7778320312,329,340,341,10,11,3,0,0,0
344,3132.0830078125,106.52734375,0,722.05554199219,1104.9444580078,209,342,343,10,11,3,0,0,0
345,1768.4423828125,1086.63671875,0,533.33331298828,765.80554199219,209,344,345,10,11,3,0,0,0
346,0,0,0,0,0,13,346,347,10,11,3,0,0,0
347,-10688,10.666015625,0,512,576,13,348,349,10,11,3,0,0,0
348,-10304,-2821.333984375,0,480,560,13,350,349,10,11,3,0,0,0
349,-5333.333984375,-3386.669921875,0,720,800,13,351,349,10,11,3,0,0,0
350,-10053.333984375,1333.3330078125,0,453.33334350586,546.66668701172,13,352,349,10,11,3,0,0,0
351,-10464,-1930.671875,160,298.66665649414,362.66665649414,13,353,349,10,11,3,0,0,0
352,-11594.671875,-2997.333984375,0,480,608,13,354,349,10,11,3,0,0,0
353,1386.666015625,-1546.671875,21.33333396912,437.33334350586,490.66665649414,13,355,349,10,11,3,0,0,0
354,-7370.671875,-1066.671875,0,1024,1120,13,356,349,10,11,3,0,0,0
355,-10666.669921875,1189.3330078125,0,512,608,13,357,349,10,11,3,0,0,0
356,-13333.333984375,0,0,1770.6666259766,2005.3333740234,13,358,349,10,11,3,0,0,0
357,-10666.671875,-1066.671875,0,490.66665649414,597.33331298828,13,359,349,10,11,3,0,0,0
358,-10666.669921875,-533.333984375,0,512,618.66668701172,13,359,349,10,11,3,0,0,0
359,-5600,-1733.333984375,528,528,688,13,360,349,10,11,3,0,0,0
360,-6933.333984375,-2666.669921875,256,586.66668701172,682.66668701172,13,361,349,10,11,3,0,0,0
361,-3818.669921875,-1920,0,640,1706.6666259766,13,362,349,10,11,3,0,0,0
362,-2133.333984375,-2666.669921875,0,554.66668701172,640,13,363,349,10,11,3,0,0,0
363,-533.333984375,-533.333984375,0,490.66665649414,533.33331298828,13,364,349,10,11,3,0,0,0
364,-234.671875,1237.3330078125,96,405.33334350586,512,13,365,349,10,11,3,0,0,0
365,0,0,0,0,0,309,366,367,10,11,3,0,0,0
366,-1866.671875,7095.13671875,0,533.33331298828,800,309,368,369,10,11,3,0,0,0
367,-11953.056640625,-1896.3125,-44.69444656372,1641.0278320312,2417.7778320312,309,370,371,10,11,3,0,0,0
368,-11545.583984375,-1291.9453125,51.30555725098,126.27777862549,155.16667175293,309,372,371,10,11,3,0,0,0
369,-11792.75,-1653.1953125,13.30555534363,101.52777862549,138.27778625488,309,373,371,10,11,3,0,0,0
370,-11771.056640625,-1513.111328125,37.30555725098,38.83333206177,72.63889312744,309,373,371,10,11,3,0,0,0
371,-11892.142578125,-1877.671875,65.91666412354,51.75,65.69444274902,309,374,375,10,11,3,0,0,0
372,-11953.833984375,-1865.671875,53.91666793823,36.83333206177,52.69444656372,309,374,376,10,11,3,0,0,0
374,0,0,0,0,0,530,379,380,503,380,3,0,0,0
377,-213,3958.5205078125,28.9950504303,1175.1168212891,1284.1916503906,530,384,385,384,11,3,0,0,0
378,7851.841796875,-7541.921875,139.99858093262,317.03579711914,438.06005859375,530,399,383,399,383,3,0,0,0
379,0,0,0,0,0,532,386,387,10,11,3,0,0,0
415,0,0,0,479.60415649414,837.26196289063,531,394,392,394,392,3,0,0,0
439,8125.6923828125,-6178.015625,27.40437507629,129.1148223877,267.31448364258,530,399,383,399,383,3,0,0,0
443,6098.9267578125,-6401.970703125,37.36598205566,1888.6629638672,2028.7189941406,530,399,383,399,383,3,0,0,0
450,6336.8486328125,-6281.84375,73.99802398682,424.06484985352,517.72973632813,530,433,9,407,11,3,0,0,0
451,-3365.375,4944.58984375,-104.25322723389,593.34680175781,767.87567138672,530,500,9,500,11,3,0,0,0
453,-1904.203125,-10874.859375,50.33856964111,179.01460266113,298.42642211914,530,488,505,488,505,3,0,0,0
454,-5119.486328125,-12664.142578125,12.75024414063,2094.1779785156,2483.6271972656,530,460,439,502,439,3,0,0,0
455,2733.46484375,6418.3955078125,85.21146392822,17.34301948547,24.32975959778,530,438,9,438,11,3,0,0,0
458,-1829,5247.80859375,-46.05829238892,196.7734375,255.58258056641,530,435,441,435,441,3,0,0,0
460,197.134765625,6433.8173828125,22.86285018921,61.98106765747,91.62400054932,530,432,506,432,506,3,0,0,0
465,8242.4033203125,-6396.609375,78.3528137207,111.87255859375,219.28813171387,530,399,383,399,383,3,0,0,0
466,7785.3876953125,-6849.927734375,69.99041748047,233.14602661133,410.51171875,530,399,383,399,383,3,0,0,0
467,9689.498046875,-6714.1328125,1.02668809891,286.73428344727,369.62561035156,530,442,380,442,380,3,0,0,0
468,164.03125,3512.771484375,59.95895767212,136.16984558106,185.19572448731,530,446,518,446,518,3,0,0,0
469,411.703125,3447.1611328125,62.62771224976,151.98901367188,220.09223937988,530,446,518,446,518,3,0,0,0
470,9498.12109375,-6865.580078125,16.22051048279,177.7783203125,248.51953125,530,442,380,442,380,3,0,0,0
471,9963.33984375,-6862.66015625,16.1077671051,140.54728698731,192.95700073242,530,442,380,442,380,3,0,0,0
472,6859.10546875,-9106.78125,165.76805114746,437.36111450195,701.14440917969,530,448,383,448,383,3,0,0,0
474,6339.60546875,-6524.056640625,97.48174285889,183.63034057617,183.63034057617,530,433,9,407,11,3,0,0,0
493,0,0,0,45.2677154541,95.80544281006,543,384,385,384,11,3,0,0,0
496,-1400.84375,-11609.150390625,11.62889289856,1314.0269775391,1658.9714355469,530,487,505,488,486,3,0,0,0
498,-2392.671875,-12014.55078125,27.39769935608,189.26342773438,274.58114624023,530,436,505,488,486,3,0,0,0
500,3519.0830078125,6896.2548828125,142.11889648438,449.41357421875,571.51959228516,530,504,9,504,11,3,0,0,0
501,-1542.265625,-11138.90625,73.98803710938,103.45529937744,200.61128234863,530,488,505,488,505,3,0,0,0
502,3672.1298828125,2297.63671875,15.47884464264,104.13450622559,131.77174377441,530,508,553,508,553,3,0,0,0
503,1884.44921875,6018.38671875,139.83386230469,225.73829650879,290.15939331055,530,504,9,504,11,3,0,0,0
504,-2917.484375,6419.66796875,82.342628479,100.7370223999,166.81758117676,530,510,491,510,491,3,0,0,0
505,7899.0517578125,-5849.75,-3.48796319962,287.00973510742,364.87353515625,530,399,383,399,383,3,0,0,0
506,3220.8798828125,5417.9580078125,137.61500549316,204.31782531738,264.9524230957,530,504,441,504,441,3,0,0,0
507,2952.5498046875,5534.9580078125,146.2233581543,204.31782531738,264.9524230957,530,504,441,504,441,3,0,0,0
509,2311.82421875,6024.51171875,147.5597076416,228.34846496582,317.81896972656,530,504,9,504,11,3,0,0,0
510,1948.197265625,6868.0361328125,161.57730102539,202.59310913086,339.2350769043,530,525,225,525,225,3,0,0,0
515,0,0,0,28948.283203125,28948.283203125,553,521,9,521,11,3,0,0,0
519,-3823.806640625,992.24609375,93.51722717285,32.83861160278,32.83861160278,530,513,526,513,526,3,0,0,0
526,-62.720703125,8692.5751953125,18.46466636658,158.58874511719,249.71296691895,530,516,506,516,506,3,0,0,0
527,-54.3828125,8842.9111328125,20.87803649902,158.58874511719,256.84146118164,530,516,506,516,506,3,0,0,0
539,-1079.984375,7004.98046875,-8.91970348358,227.64401245117,309.14590454102,530,396,491,396,491,3,0,0,0
540,-1819.255859375,9260.419921875,70.37464141846,152.36543273926,208.67500305176,530,555,519,555,519,3,0,0,0
541,-1279.71875,9005.875,-11.82966518402,130.61602783203,220.23237609863,530,555,519,555,519,3,0,0,0
542,-1107.125,9115.9453125,72.90301513672,82.46921539307,104.15995025635,530,555,519,555,519,3,0,0,0
543,0,0,0,109.71174621582,441.66632080078,550,521,9,521,11,3,0,0,0
544,0,0,0,103.55294799805,495.01251220703,554,521,9,521,11,3,0,0,0
545,0,0,0,95.94062805176,517.75183105469,552,521,9,521,11,3,0,0,0
547,-3388.314453125,-9867.953125,-515.56378173828,37.43223953247,328.22314453125,530,522,9,10,11,3,0,0,0
548,-4224.6015625,-9868.095703125,-509.31997680664,420.38076782227,570.38458251953,530,525,9,10,11,3,0,0,0
582,1692.35546875,6865.37109375,140.47808837891,146.47708129883,200.89207458496,530,525,225,525,225,3,0,0,0
584,-1090.22265625,4142.5361328125,94.06159210205,152.80917358398,200.44200134277,530,527,441,527,11,3,0,0,0
591,0,0,0,5.19124794006,722.55145263672,566,532,9,532,11,3,0,0,0
592,0,0,0,20.67740249634,263.46127319336,564,604,306,604,306,3,0,0,0
596,-1261.03125,4044.40234375,96.09167480469,93.76206970215,109.81851959229,530,527,441,527,11,3,0,0,0
602,-3892.25,4327.65234375,5.07656002045,64.0101852417,84.90439605713,530,565,441,564,441,3,0,0,0
604,-2406.615234375,3262.30859375,3.10235548019,13.91573810577,54.01342391968,530,511,441,511,441,3,0,0,0
605,-2345.625,3233.0205078125,-3.37559962273,36.35103607178,54.01342391968,530,511,441,511,441,3,0,0,0
606,-2292.66015625,3246.65234375,-0.89914554358,13.91573810577,54.01342391968,530,511,441,511,441,3,0,0,0
609,-2397.67578125,3201.27734375,1.70870041847,13.91573810577,54.01342391968,530,511,441,511,441,3,0,0,0
610,-2348.921875,3286.2314453125,-0.63926541805,13.91573810577,54.01342391968,530,511,441,511,441,3,0,0,0
611,0,0,0,11.3606967926,11.3606967926,568,448,345,448,345,3,0,0,0
612,0,0,0,9.80149459839,10,542,384,9,384,11,3,0,0,0
623,-4343.671875,4931.63671875,-63.61288833618,503.49435424805,639.92242431641,530,500,441,500,441,3,0,0,0
625,-3249.875,4309.94921875,-20.67506217957,205.26829528809,305.0735168457,530,500,9,500,11,3,0,0,0
627,-2895.095703125,5583.0810546875,0.29130116105,254.10655212402,339.96060180664,530,500,9,500,11,3,0,0,0
628,-2773.86328125,4802.79296875,3.42549085617,183.955078125,281.71923828125,530,500,9,500,11,3,0,0,0
629,-2921.515625,4460.58984375,-17.89542388916,152.50944519043,308.21752929688,530,500,9,500,11,3,0,0,0
631,404.9375,5070.9404296875,108.5200881958,172.33625793457,261.02655029297,530,514,506,514,506,3,0,0,0
633,402.32421875,5397.40234375,7.53175115585,215.51213073731,375.26715087891,530,514,506,514,506,3,0,0,0
636,678.328125,5458.48046875,-10.25302314758,201.44746398926,307.85580444336,530,514,506,514,506,3,0,0,0
637,875.62109375,5159.0048828125,21.07492446899,275.42053222656,414.87091064453,530,514,506,514,506,3,0,0,0
638,845.6455078125,5677.76171875,24.80418395996,130.42535400391,278.89501953125,530,514,506,514,506,3,0,0,0
639,0,0,0,37.20721817017,500,555,500,9,500,11,3,0,0,0
640,0,0,0,32.28095626831,32.60701751709,556,500,9,500,11,3,0,0,0
641,0,0,0,99.00250244141,123.8932723999,557,500,9,500,11,3,0,0,0
642,0,0,0,9.90024852753,10,558,500,9,500,11,3,0,0,0
643,-1357.8203125,2967.63671875,-4.63697099686,89.81982421875,124.83670806885,530,533,9,533,11,3,0,0,0
645,-1503.59375,3102.74609375,-64.29792785645,132.25730895996,201.13061523438,530,533,9,533,11,3,0,0,0
646,-1142.80078125,1492.837890625,16.00575828552,124.74463653565,164.37533569336,530,534,9,533,11,3,0,0,0
647,-960.21875,1559.77734375,29.22500991821,117.46047973633,150.26417541504,530,534,9,533,11,3,0,0,0
648,-798.578125,1576.4736328125,34.87097930908,113.22218322754,149.34843444824,530,534,9,533,11,3,0,0,0
650,-1304.265625,3121.52734375,33.34201049805,58.71954345703,80.37138366699,530,533,9,533,11,3,0,0,0
651,926.259765625,2219.5986328125,300.29861450195,182.38444519043,232.0654296875,530,446,518,446,518,3,0,0,0
652,820.2822265625,2441.6904296875,287.80953979492,182.38444519043,232.0654296875,530,446,9,446,11,3,0,0,0
653,403.953125,2183.6923828125,119.00626373291,81.42652130127,127.91632843018,530,558,518,558,518,3,0,0,0
654,400.029296875,2495.5048828125,148.38989257813,62.03097915649,98.34411621094,530,558,518,558,518,3,0,0,0
655,531.609375,2758.7529296875,205.18965148926,67.95082092285,103.40727233887,530,558,518,558,518,3,0,0,0
657,1536.4267578125,7263.76171875,363.7184753418,275.23611450195,334.28549194336,530,554,9,554,11,3,0,0,0
658,4014.9736328125,5375.4404296875,264.04965209961,235.71142578125,299.92510986328,530,525,9,525,11,3,0,0,0
659,2168.8173828125,5450.2392578125,149.08947753906,141.43222045898,179.39326477051,530,554,9,554,11,3,0,0,0
660,1895.44921875,5378.55859375,131.86906433106,141.43222045898,179.39326477051,530,554,9,554,11,3,0,0,0
661,2965.4560546875,6969.8173828125,365.31072998047,197.54797363281,266.08578491211,530,554,9,554,11,3,0,0,0
662,2914.2861328125,4832.4892578125,278.13284301758,94.61476898193,119.23825836182,530,554,538,554,11,3,0,0,0
663,2165.3173828125,2335.4990234375,83.99909210205,170.60015869141,204.21122741699,530,539,553,539,553,3,0,0,0
666,4142.5224609375,2993.177734375,128.25704956055,272.19955444336,285.06793212891,530,552,209,552,209,3,0,0,0
667,4406.4111328125,2937.2080078125,119.74758911133,158.982421875,169.31600952148,530,552,209,552,209,3,0,0,0
668,4062.2861328125,3248.30859375,134.5611114502,165.31547546387,178.86779785156,530,552,209,552,209,3,0,0,0
669,4135.1748046875,3007.62109375,344.09451293945,134.27375793457,156.72261047363,530,552,209,552,209,3,0,0,0
670,4720.3642578125,3251.41796875,166.4608001709,106.86344146729,143.27236938477,530,520,553,520,553,3,0,0,0
671,4706.15234375,3150.8955078125,170.44287109375,107.35859680176,143.27236938477,530,520,553,520,553,3,0,0,0
672,4421.6611328125,3396.21484375,163.9880065918,111.50393676758,152.17610168457,530,520,553,520,553,3,0,0,0
673,3480.43359375,2944.365234375,142.5167388916,196.67054748535,203.34014892578,530,552,209,552,209,3,0,0,0
674,3254.6923828125,2691.2080078125,147.88046264648,101.69905853272,121.5485534668,530,520,553,520,553,3,0,0,0
675,3403.208984375,2691.49609375,157.73892211914,51.32661437988,67.88804626465,530,520,553,520,553,3,0,0,0
676,2240.18359375,2142.3173828125,75.85958099365,227.11871337891,265.55484008789,530,539,553,539,553,3,0,0,0
677,2490.2685546875,2068.4052734375,89.80834960938,162.92532348633,189.8786315918,530,539,553,539,553,3,0,0,0
681,1910.71484375,4707.0361328125,154.43620300293,370.32318115234,456.03869628906,530,504,9,504,11,3,0,0,0
694,-2948.25,3097.82421875,50.58300018311,179.34465026856,228.30712890625,530,559,526,547,526,3,0,0,0
702,-3270.392578125,2731.5986328125,113.0252532959,352.64886474609,403.52658081055,530,563,526,563,526,3,0,0,0
709,3021.7861328125,2717.05859375,113.68208312988,44.36650848389,60.74985122681,530,520,553,520,553,3,0,0,0
710,3445.87109375,2672.6923828125,156.15045166016,44.36650848389,60.74985122681,530,520,553,520,553,3,0,0,0
722,0,0,0,10.20100021362,12.05089092255,540,384,9,384,11,3,0,0,0
723,-1789.7265625,9403.703125,67.95490264893,87.5393447876,111.99765777588,530,555,519,555,519,3,0,0,0
729,0,0,0,9.64321327209,10,560,122,123,10,123,3,0,0,0
730,2327.634765625,2215.337890625,168.65858459473,876.7890625,900.62640380859,560,557,123,557,123,3,0,0,0
732,1772.55859375,2209.15234375,126.13803863525,876.7890625,900.62640380859,560,557,123,557,123,3,0,0,0
734,1738.0654296875,5606.65234375,265.46148681641,93.89866638184,130.52680969238,530,560,9,560,11,3,0,0,0
735,1603.62109375,5537.80859375,270.85852050781,125.80462646484,157.20869445801,530,560,9,560,11,3,0,0,0
736,1611.525390625,5360.4267578125,266.95706176758,122.20915985107,141.57434082031,530,560,9,560,11,3,0,0,0
737,1653.0166015625,5219.2080078125,266.94522094727,103.47695922852,133.6735534668,530,560,9,560,11,3,0,0,0
742,-4039.6875,4360.6923828125,-9.29382133484,307.24520874023,443.37576293945,530,500,441,500,441,3,0,0,0
743,-3809.34375,2560.7216796875,90.11869812012,124.7691116333,199.56193542481,530,566,9,566,11,3,0,0,0
744,-4010.203125,2556.6923828125,145.96759033203,124.7691116333,199.56193542481,530,566,9,566,11,3,0,0,0
745,-4420.546875,1653.2998046875,163.72686767578,104.38327789307,139.33934020996,530,567,9,567,11,3,0,0,0
747,3650.46484375,4885.6455078125,267.80703735352,114.53073883057,150.58058166504,530,568,9,568,11,3,0,0,0
750,-4034.21875,5642.87109375,18.52956771851,263.05352783203,358.33773803711,530,500,441,500,441,3,0,0,0
752,0,0,0,32.58148956299,46.13813018799,571,569,648,569,648,3,0,0,0
753,286.921875,591.837890625,-166.62507629395,851.20098876953,908.95935058594,560,557,33,557,557,3,0,0,0
754,815.494140625,1332.16796875,-66.99094390869,559.53692626953,649.58441162109,560,557,557,557,557,3,0,0,0
755,-3365.375,4944.58984375,-104.25322723389,218.33671569824,253.1580657959,530,570,9,570,11,3,0,0,0
764,-4551.1875,4202.29296875,4.61997175217,408.28591918945,458.84808349609,530,500,9,500,11,3,0,0,0
765,-3820.59765625,4244.83984375,3.4688436985,64.0101852417,84.90439605713,530,565,441,564,441,3,0,0,0
766,-3896.515625,4197.4736328125,-4.70363473892,64.0101852417,84.90439605713,530,565,441,564,441,3,0,0,0
767,-2322.546875,3158.27734375,2.71215224266,54.44353485107,63.0500831604,530,511,441,511,441,3,0,0,0
769,-2293.328125,3105.93359375,12.52972793579,59.69934844971,71.5266494751,530,511,441,511,441,3,0,0,0
770,-2409.423828125,3174.4736328125,1.92974770069,38.26599884033,45.25715637207,530,511,441,511,441,3,0,0,0
772,-2288.234375,3090.4423828125,110.213722229,59.69934844971,71.5266494751,530,511,441,511,441,3,0,0,0
773,-3753.87890625,2421.88671875,79.24867248535,67.33722686768,88.63928222656,530,566,9,566,11,3,0,0,0
774,-2726.25,2658.3896484375,79.94957733154,93.12253570557,107.74111938477,530,446,9,446,11,3,0,0,0
775,-2731.98828125,2539.5966796875,74.96271514893,92.94728851318,104.94496154785,530,446,9,446,11,3,0,0,0
777,-2773.099609375,2432.3935546875,92.19897460938,67.99240875244,84.11367797852,530,446,9,446,11,3,0,0,0
778,-2803.7890625,2346.5205078125,92.81623840332,59.48478317261,78.59494781494,530,446,9,446,11,3,0,0,0
779,-2819.078125,2259.447265625,93.28060150146,59.48478317261,78.59494781494,530,446,9,446,11,3,0,0,0
780,-2787.529296875,2163.9423828125,114.8182220459,59.48478317261,78.59494781494,530,446,9,446,11,3,0,0,0
781,-2731.953125,2081.228515625,117.22519683838,59.48478317261,78.59494781494,530,446,9,446,11,3,0,0,0
782,-2770.765625,1976.43359375,168.2666015625,96.15351867676,111.68688201904,530,446,9,446,11,3,0,0,0
783,-2725.876953125,2515.8173828125,93.27964019775,36.42676925659,40.32275772095,530,446,9,446,11,3,0,0,0
784,-4506.73828125,1689.44921875,170.06312561035,104.38327789307,139.33934020996,530,567,9,567,11,3,0,0,0
793,3981.08984375,4981.5205078125,266.74066162109,163.85005187988,214.71235656738,530,525,225,525,225,3,0,0,0
794,-3435.50390625,5866.90234375,-22.15818023682,302.21621704102,451.76153564453,530,500,9,500,11,3,0,0,0
796,-3480.5,6265.85546875,-23.45641517639,191.27932739258,261.87365722656,530,500,9,500,11,3,0,0,0
797,-2827,5153.96484375,-13.30321598053,162.91258239746,241.12852478027,530,500,9,500,11,3,0,0,0
798,-3605.453125,4374.2705078125,-14.86789417267,214.28541564941,280.30157470703,530,500,9,500,11,3,0,0,0
799,-3248.65625,4094.9736328125,3.47466301918,116.16219329834,152.36689758301,530,500,9,500,11,3,0,0,0
803,-1423.328125,9698.388671875,200.76252746582,192.3966217041,290.58135986328,530,575,491,575,491,3,0,0,0
809,-3104.4453125,2215.3330078125,62.73583221436,74.59111022949,95.39861297607,530,566,9,566,11,3,0,0,0
818,-3074.140625,2093.27734375,117.99223327637,73.95583343506,103.44972229004,530,566,9,566,11,3,0,0,0
820,-3016.771484375,2014.5791015625,96.7462310791,54.82718658447,69.63452911377,530,566,9,566,11,3,0,0,0
825,4047.38671875,-904.005859375,553.61676025391,12.79920291901,12.79920291901,571,792,648,792,648,3,0,0,0
828,3517.1591796875,5047.1240234375,-18.64276123047,783.09576416016,865.50531005859,451,586,586,582,615,3,0,0,0
833,3508.8408203125,5574.427734375,-1.28605806828,76.36585998535,109.83497619629,530,587,9,10,11,3,0,0,0
835,1558.8466796875,-1087.359375,-152.77426147461,557.57696533203,621.27716064453,451,579,9,10,11,3,0,0,0
836,3852.3955078125,-1429.12890625,20.81955718994,441.38558959961,537.70349121094,451,579,9,10,11,3,0,0,0
862,762.21484375,-5564.6875,767.77813720703,3.01758909225,3.29643034935,571,589,593,678,593,3,0,0,0
867,1112.6923828125,-1921.265625,-142.67274475098,234.64289855957,263.15017700195,451,594,9,594,11,3,0,0,0
868,1453.8359375,-1889.53125,-155.81221008301,234.64289855957,263.15017700195,451,594,9,594,11,3,0,0,0
869,1799.3984375,-1872.46875,-208.74507141113,234.64289855957,263.15017700195,451,594,9,594,11,3,0,0,0
874,5609.8017578125,-311.375,235.5369720459,346.81204223633,394.57382202148,451,596,9,597,11,3,0,0,0
879,6079.9453125,724.6142578125,260.40869140625,595.70141601563,665.87994384766,451,599,602,599,602,3,0,0,0
880,4009.94921875,5613.6142578125,267.85537719727,235.71142578125,299.92510986328,530,525,9,525,11,3,0,0,0
881,3736.5244140625,3207.8623046875,3.0758459568,598.21612548828,787.10656738281,451,600,9,600,11,3,0,0,0
882,2542.3935546875,7195.9111328125,364.81900024414,209.3671875,252.09332275391,530,525,9,525,11,3,0,0,0
883,2256.16796875,7205.5517578125,366.31427001953,209.3671875,252.09332275391,530,525,9,525,11,3,0,0,0
884,2003.2216796875,7275.88671875,364.55508422852,127.50137329102,187.96467590332,530,525,9,525,11,3,0,0,0
885,-3084.212890625,-8966.798828125,145.79002380371,499.94976806641,558.20068359375,451,601,9,601,11,3,0,0,0
886,3325.96484375,951.6748046875,275.22540283203,138.41474914551,204.94418334961,451,589,9,589,11,3,0,0,0
887,-8754.60546875,1361.541015625,-236.0645904541,1175.9259033203,1409.4553222656,451,579,9,579,11,3,0,0,0
888,-8817.84375,-1397.375,49.75225067139,544.97229003906,642.03118896484,451,599,602,599,11,3,0,0,0
890,1283.07421875,1669.6904296875,32.26394271851,1048.6706542969,1111.2998046875,572,605,9,605,11,3,0,0,0
891,1028.4541015625,-4425.244140625,162.61009216309,127.34507751465,185.82211303711,571,646,647,646,647,3,0,0,0
892,875.62109375,-4419.595703125,164.44551086426,126.3765335083,218.11311340332,571,646,647,646,647,3,0,0,0
893,-8545.173828125,-2065.330078125,-1.86169922352,546.33441162109,705.09143066406,451,608,602,608,11,3,0,0,0
895,-10443.2265625,4123.6298828125,225.2555847168,763.83197021484,823.56481933594,451,612,9,612,11,3,0,0,0
911,-7746.484375,-5072.240234375,-20.12177085876,938.84460449219,991.99371337891,451,614,581,614,581,3,0,0,0
912,433.15625,-4576.462890625,227.79006958008,133.77453613281,186.60452270508,571,646,647,646,647,3,0,0,0
914,3905.9658203125,4634.328125,487.3747253418,5.85730838776,5.99302864075,571,616,648,616,648,3,0,0,0
959,3184.5361328125,-2432.380859375,344.82522583008,8.99641132355,8.99641132355,571,672,782,672,782,3,0,0,0
987,4439.6875,854.337890625,272.31869506836,534.85626220703,916.21942138672,451,652,613,610,610,3,0,0,0
1236,-2372.20703125,-1162.140625,9.29521656036,586.15447998047,716.39788818359,451,645,9,645,11,3,0,0,0
1237,-432.755859375,433.75,7.69662380219,977.70452880859,977.70452880859,451,645,9,645,11,3,0,0,0
1239,1043.494140625,-3853.42578125,161.52291870117,131.57942199707,185.00239562988,571,650,593,650,593,3,0,0,0
1243,17011.494140625,-16052.759765625,6.62240886688,1.30043566227,25.10384559631,451,8,9,10,11,3,0,0,0
1368,4717.5673828125,1438.3642578125,-0.28297656775,10.48206043243,33.21353530884,573,8,9,10,11,3,0,0,0
1369,4664.5087890625,1442.0361328125,59.2892036438,13.64177417755,18.65944480896,573,8,9,10,11,3,0,0,0
1370,3912.9033203125,575.84375,6.75e-06,0.13888889551,10.94045829773,573,8,9,10,11,3,0,0,0
1374,2023.5234375,-4511.908203125,207.70887756348,52.45009613037,90.94583892822,571,653,648,653,648,3,0,0,0
1386,3694.10546875,3440.0068359375,73.9623260498,474.38931274414,660.49694824219,571,732,648,732,648,3,0,0,0
1400,0,0,0,411.90127563477,671.78082275391,580,379,9,503,11,3,0,0,0
1401,1423.30859375,1129.37109375,90.09161376953,59.18082046509,61.64802932739,580,657,9,10,11,3,0,0,0
1402,1392.18359375,1192.275390625,83.42873382568,26.71646118164,43.78565979004,580,657,9,10,11,3,0,0,0
1403,1354.7509765625,1163.71484375,89.979347229,31.53911972046,41.78615951538,580,657,9,10,11,3,0,0,0
1404,1522.1767578125,1340.49609375,25.54048728943,72.21836090088,108.860206604,580,658,9,10,11,3,0,0,0
1406,1709.33984375,-4131.169921875,273.69937133789,139.23896789551,166.74491882324,571,661,593,661,593,3,0,0,0
1407,1899.19921875,-4148.34375,215.80615234375,139.23896789551,209.66413879395,571,661,593,661,593,3,0,0,0
1408,2187.0615234375,-5109.689453125,236.78665161133,48.4112739563,72.31461334229,571,664,9,664,11,3,0,0,0
1409,960.15234375,-5553.76953125,186.22407531738,131.24572753906,219.64762878418,571,661,593,661,593,3,0,0,0
1410,1490.8330078125,-5311.83203125,179.49629211426,98.73030090332,171.11308288574,571,661,593,661,593,3,0,0,0
1411,2309.8564453125,-3172.849609375,164.30421447754,169.02709960938,244.35243225098,571,665,9,665,11,3,0,0,0
1414,1604.3623046875,-3581.5703125,29.89888572693,96.81632232666,125.46746063232,571,666,593,666,593,3,0,0,0
1417,1690.1748046875,-3443.25,77.60378265381,47.37231826782,61.72705841064,571,666,9,666,11,3,0,0,0
1423,1584.9716796875,-3444.75,52.7878074646,96.81632232666,125.46746063232,571,666,593,666,593,3,0,0,0
1424,1567.87109375,-3264.037109375,14.99994277954,113.69439697266,134.84504699707,571,666,593,666,593,3,0,0,0
1425,1711.072265625,-3312.5,39.25877761841,83.05625152588,94.24570465088,571,666,9,666,11,3,0,0,0
1426,1506.55859375,-3460.796875,38.37851715088,86.301612854,106.14639282227,571,666,9,666,11,3,0,0,0
1427,841.65234375,9519.99609375,1.905555e-05,33.21245193481,51.36882400513,451,668,9,10,11,3,0,0,0
1435,1105.1796875,-3703.75,156.16802978516,131.57942199707,185.00239562988,571,650,593,650,593,3,0,0,0
1436,1872.1240234375,-6096.984375,17.00954055786,144.41487121582,227.05221557617,571,669,593,669,593,3,0,0,0
1447,4680.04296875,1423.21484375,-1.25222074986,0.13888889551,24.24617958069,573,8,9,10,11,3,0,0,0
1448,4655.2236328125,1446.400390625,2.23799204826,2.77777791023,13.88888931274,573,8,9,10,11,3,0,0,0
1450,4682.8349609375,1418.7392578125,-2.38061738014,2.77777791023,13.88888931274,573,8,9,10,11,3,0,0,0
1452,0,0,0,5,158.44378662109,574,589,593,589,593,3,0,0,0
1453,2786.4619140625,-3773.515625,-951.71649169922,100.53685760498,100.53685760498,571,671,9,671,11,3,0,0,0
1455,5826.927734375,-9822.404296875,3.62471866608,539.56573486328,590.17523193359,451,673,9,673,11,3,0,0,0
1457,-7060.857421875,-7579.6640625,75.35276794434,119.76502990723,159.60311889648,451,674,9,10,11,3,0,0,0
1458,-7064.298828125,-8071.55078125,75.15616607666,127.92539215088,167.94064331055,451,675,9,10,11,3,0,0,0
1483,-1941.40625,8790.19921875,0.69184398651,69.32315826416,153.5620880127,451,677,9,677,11,3,0,0,0
1484,0,0,0,10.04077625275,10.04077625275,585,655,9,655,11,3,0,0,0
1486,5729.6455078125,-8933.11328125,9.00107288361,539.56573486328,590.17523193359,451,683,9,673,11,3,0,0,0
1487,0,0,0,26.43826293945,29.21328544617,575,678,9,678,11,3,0,0,0
1496,-587.84375,8223.6455078125,129.30534362793,364.22946166992,376.11135864258,451,655,9,10,11,3,0,0,0
1501,-9753.677734375,-13026.904296875,135.50675964356,157.05752563477,191.60287475586,571,792,705,792,705,3,0,0,0
1502,4361.0810546875,1488.4404296875,133.54219055176,92.63938140869,153.66885375977,571,681,9,681,11,3,0,0,0
1503,4377.68359375,1401.5048828125,142.7854309082,57.12296676636,119.2437210083,571,681,9,681,11,3,0,0,0
1504,6477.0234375,-8998.36328125,138.21978759766,539.56573486328,590.17523193359,451,683,9,673,11,3,0,0,0
1505,5316.4775390625,1446.79296875,9.55089187622,137.55110168457,227.76446533203,571,682,9,10,11,3,0,0,0
1506,5155.9599609375,1374.025390625,14.4656085968,137.55110168457,227.76446533203,571,682,9,10,11,3,0,0,0
1585,16217.797851562,15716.669921875,48.84243392944,13.53301334381,19.15053749084,451,2,9,10,11,3,0,0,0
1586,16213.212890625,15790.04296875,35.23419952393,13.53301334381,19.15053749084,451,8,9,10,11,3,0,0,0
1589,5508.7216796875,-2554.5703125,719.298828125,9.4227848053,9.4227848053,571,683,783,683,783,3,0,0,0
1600,415.8125,-578.89453125,-4.77778e-06,172.14096069336,222.6681060791,451,8,9,10,11,3,0,0,0
1601,477.140625,-620.984375,1.855556e-05,75.57032775879,104.44750976563,451,8,9,10,11,3,0,0,0
1606,12195.1640625,-7091.66015625,21.29126930237,275.97393798828,329.82272338867,530,1471,380,687,380,3,0,0,0
1607,0,0,0,157.48417663574,419.89001464844,595,690,387,691,387,3,0,0,0
1609,-10390.900390625,5693.466796875,-220.16305541992,1060.0708007812,1176.3092041016,451,618,9,10,11,3,0,0,0
1610,0,0,0,1722.1915283203,2367.8308105469,597,694,693,693,693,3,0,0,0
1617,11763.3515625,960.44921875,858.63861083984,127.90286254883,127.90286254883,451,700,699,699,699,3,0,0,0
1618,11215.71484375,-7657.64453125,260.35479736328,3871.2092285156,3900.5595703125,451,700,699,699,699,3,0,0,0
1619,11063.174804688,7889.8095703125,276.0817565918,3224.0561523438,4203.603515625,451,700,699,699,699,3,0,0,0
1620,-10504.25,7394.419921875,313.96743774414,80.8067779541,127.7491607666,451,701,9,10,11,3,0,0,0
1631,6290.9248046875,-3433.97265625,375.84902954102,537.38079833984,749.16833496094,571,703,783,703,783,3,0,0,0
1633,7060.7548828125,-4548.8828125,440.86547851563,566.42309570313,771.80535888672,571,755,783,805,783,3,0,0,0
1635,-10829.400390625,2962.46875,41.76095199585,413.51937866211,445.18243408203,451,683,9,10,11,3,0,0,0
1636,5737.951171875,-4102.837890625,375.84893798828,623.89434814453,803.18927001953,571,703,783,703,783,3,0,0,0
1638,3051.93359375,1352.4580078125,129.37226867676,197.40213012695,257.20031738281,571,792,705,792,705,3,0,0,0
1639,0,0,0,109.08000946045,1944.4908447266,598,379,380,503,380,3,0,0,0
1640,-8753.0078125,6094.1328125,57.26443099976,409.54904174805,815.09356689453,451,708,708,712,698,3,0,0,0
1643,2811.9580078125,51.84375,-1.86742806435,144.80192565918,178.69131469727,571,711,593,711,593,3,0,0,0
1644,6178.12109375,-2025.984375,325.91998291016,143.22900390625,239.16696166992,571,704,783,704,783,3,0,0,0
1645,5171.9892578125,-1667.390625,330.72119140625,114.82913970947,154.95722961426,571,704,783,704,783,3,0,0,0
1646,-8485.275390625,5237.5751953125,25.31488418579,644.02258300781,900.55291748047,451,708,9,10,11,3,0,0,0
1648,4107.10546875,-405.59765625,112.24314117432,136.46850585938,165.53671264648,571,717,715,715,715,3,0,0,0
1673,2498.9501953125,1769.791015625,135.03416442871,97.64206695557,119.47988891602,595,720,9,720,11,3,0,0,0
1674,2841.3173828125,-348.53125,130.67478942871,165.00704956055,229.76614379883,571,735,648,735,648,3,0,0,0
1677,-16293.162109375,-16308.294921875,3.80556e-06,20.08706283569,27.54734039307,451,701,9,10,11,3,0,0,0
1679,3099.13671875,517.03125,19.35243415833,159.03883361816,194.60420227051,571,726,9,726,11,3,0,0,0
1680,13932.508789062,-16544.021484375,196.55354309082,602.27069091797,663.43145751953,451,379,9,379,11,3,0,0,0
1681,3769.38671875,954.0947265625,56.37410354614,234.02780151367,305.40667724609,571,729,730,729,11,3,0,0,0
1682,9384.9091796875,-9801.13671875,6.30556e-06,716.87200927734,949.82391357422,451,650,9,10,11,3,0,0,0
1686,-9.421875,-826.625,-68.25637817383,205.15823364258,252.98942565918,585,686,9,687,11,3,0,0,0
1687,1491.71484375,616.78125,25.09996032715,195.11729431152,244.62031555176,580,686,9,686,11,3,0,0,0
1688,4984.3173828125,5777.37109375,-71.82894134521,318.47814941406,389.56729125977,571,723,9,723,11,3,0,0,0
1689,4774.7080078125,5484.5361328125,-42.2709236145,160.95571899414,225.70352172852,571,723,9,723,11,3,0,0,0
1690,5653.8251953125,5938.9052734375,-48.26356506348,289.75302124023,374.0544128418,571,723,739,723,739,3,0,0,0
1691,4301.2275390625,503.96875,-7.32539606094,124.91715240479,161.37477111816,571,737,9,737,11,3,0,0,0
1694,3348.7705078125,2497.3330078125,-15.18892383575,179.23416137695,223.69808959961,571,726,9,726,11,3,0,0,0
1697,0,0,0,803.05749511719,803.05749511719,578,820,9,820,11,3,0,0,0
1698,6323.3017578125,4272.01171875,-47.75019836426,117.43241119385,145.4952545166,571,743,807,743,807,3,0,0,0
1699,6561.3271484375,4507.9248046875,-42.08225250244,71.45774078369,97.96324157715,571,743,807,743,807,3,0,0,0
1700,5101.13671875,5537.296875,-90.08406829834,86.565284729,110.10832977295,571,744,739,744,739,3,0,0,0
1701,3926.2861328125,2206.7548828125,126.83704376221,311.9768371582,400.44314575195,571,745,747,745,747,3,0,0,0
1702,-833.25,9875.857421875,-1.08333e-06,195.23197937012,243.8204498291,451,746,9,746,11,3,0,0,0
1703,7345.9658203125,1058.0361328125,69.16554260254,22.76112937927,22.76112937927,571,748,648,779,648,3,0,0,0
1704,4224.83984375,-1973.84375,206.47599792481,110.1681137085,144.00308227539,571,749,782,749,782,3,0,0,0
1708,-1192.267578125,14715.662109375,499.93646240234,1404.6060791016,1553.7523193359,451,748,9,748,11,3,0,0,0
1709,-2959.939453125,14785.93359375,730.0380859375,1507.9681396484,1785.6743164062,451,748,9,748,11,3,0,0,0
1710,-5517.908203125,14826.466796875,650.73565673828,1530.2974853516,1764.8387451172,451,748,9,748,11,3,0,0,0
1711,0,0,0,9.70298862457,22.4146194458,600,754,9,683,11,3,0,0,0
1730,3877.02734375,6981.12109375,457.55453491211,678.17956542969,725.34582519531,571,660,9,660,11,3,0,0,0
1733,16276.68359375,15739.784179688,37.04476928711,13.83498859406,13.83498859406,451,701,9,10,11,3,0,0,0
1740,5472.9873046875,-4.578125,445.11987304688,4.94675207138,4.94675207138,571,765,796,765,796,3,0,0,0
1747,-16293.376953125,-10935.708984375,-8.6111e-07,0.91997975111,127.53356933594,451,8,9,10,11,3,0,0,0
1752,-3439.1875,1699.5830078125,117.41365814209,522.47192382813,603.03381347656,451,8,9,10,11,3,0,0,0
1753,-1328.09765625,-1333.46875,-0.1114455834,300.28735351563,316.3645324707,451,763,9,10,11,3,0,0,0
1763,1910.1611328125,-6063.671875,83.11950683594,1280,1653.1389160156,0,56,37,444,37,3,0,0,0
1764,1673.48046875,-5330.6640625,73.66046905518,150.79121398926,206.58638000488,609,776,33,776,33,3,775,0,0
1766,1607.2705078125,-5955.5625,126.58396148682,507.96603393555,595.93884277344,609,12,33,12,33,3,775,0,0
1767,2012.5048828125,-6099.16796875,25.46042823792,507.96603393555,595.93884277344,609,12,33,12,33,3,775,0,0
1768,0,0,0,56.2141418457,438.58908081055,609,56,45,56,45,3,775,0,0
1769,0,0,0,102.01251983643,173.46156311035,615,767,9,10,11,3,0,0,0
1771,2452.775390625,-5578.453125,496.05950927734,248.38208007813,302.31057739258,609,748,9,10,11,3,0,0,0
1773,0,0,0,23262.19140625,30725.8828125,616,8,9,8,11,3,8,0,0
1775,6725.8408203125,501.9609375,405.41171264648,225.03553771973,253.58293151856,571,774,9,774,11,3,0,0,0
1777,7262.8505859375,-1051.609375,1425.0056152344,13.49411773682,13.67059898376,571,810,9,810,11,3,810,0,0
1778,3168.013671875,-5714.890625,193.37979125977,220.6025390625,249.72813415527,609,775,9,775,11,3,0,0,0
1780,6592.46484375,4897.3017578125,-7.94275856018,116.64790344238,154.9727935791,571,650,739,650,739,3,777,0,0
1781,2396.7548828125,6452.1376953125,43.42693710327,92.41028594971,114.48676300049,571,778,9,778,11,3,0,0,0
1782,2520.8955078125,6470.5986328125,41.88903808594,89.07920074463,110.24971008301,571,778,9,778,11,3,0,0,0
1783,2655.2958984375,6498.05859375,42.17738723755,98.38262939453,118.22860717773,571,778,9,778,11,3,0,0,0
1784,2330.8642578125,6425.958984375,45.46747589111,92.41028594971,114.48676300049,571,778,9,778,11,3,0,0,0
1786,6718.3017578125,3368.76171875,690.11730957031,298.38815307617,374.50253295898,571,774,9,774,11,3,0,0,0
1789,0,0,0,99.00250244141,119.27098846436,619,811,9,795,11,3,0,0,0
1790,5470.80859375,1910.26171875,132.84553527832,7.30442667007,8.58690071106,571,748,9,10,11,3,0,0,0
1792,4818.18359375,3252.82421875,676.52960205078,7.80733585358,7.80733585358,571,588,785,788,786,3,0,0,0
1794,0,0,0,100.5,231.62031555176,607,790,782,791,782,3,0,0,0
1796,5532.08984375,4717.0751953125,330.25579833984,5.79637145996,5.82196712494,571,789,739,789,739,3,0,0,0
1797,5439.8642578125,5263.935546875,-138.03414916992,258.88198852539,336.80606079102,571,781,739,781,739,3,0,0,0
1798,5747.1064453125,4972.4111328125,-133.82475280762,146.42988586426,216.90405273438,571,781,739,781,739,3,0,0,0
1800,5217.4091796875,5040.9267578125,-135.95668029785,124.55973052979,188.61174011231,571,781,739,781,739,3,0,0,0
1802,5797.07421875,666.28125,775.46429443359,405.20657348633,476.75796508789,571,793,794,793,794,3,0,0,0
1803,5174.98046875,4847.7841796875,-141.23918151856,104.72350311279,144.51495361328,571,781,739,781,739,3,0,0,0
1804,5219.91796875,4673.0146484375,-133.48446655273,104.72350311279,144.51495361328,571,781,739,781,739,3,0,0,0
1805,5432.57421875,4572.8154296875,-129.54423522949,104.72350311279,144.51495361328,571,781,739,781,739,3,0,0,0
1806,5721.7939453125,4635.66796875,-136.5636138916,146.42988586426,216.90405273438,571,781,739,781,739,3,0,0,0
1809,5595.919921875,267.96875,161.84573364258,261.5299987793,353.66668701172,571,797,796,797,796,3,0,0,0
1810,5803.2080078125,597.30859375,157.06721496582,167.84104919434,229.33283996582,571,797,796,797,796,3,0,0,0
1811,6014.369140625,928.2548828125,147.10678100586,268.64794921875,329.61373901367,571,797,796,797,796,3,0,0,0
1812,5834.57421875,959.21484375,158.80024719238,268.64794921875,329.61373901367,571,797,796,797,796,3,0,0,0
1813,6034.1298828125,2188.77734375,937.28991699219,734.79235839844,825.36224365234,571,808,9,10,11,3,806,0,0
1814,2576.677734375,-5599.66796875,-37.73118972778,323.06109619141,388.73120117188,609,12,33,12,33,3,775,0,0
1815,2786.52734375,-5393.642578125,160.74221801758,160.21626281738,227.64396667481,609,12,33,12,33,3,775,0,0
1816,2803.9091796875,-6247.615234375,-24.48031044006,507.96603393555,595.93884277344,609,12,33,12,33,3,775,0,0
1817,7639.7080078125,4895.9091796875,129.99504089356,357.83197021484,440.75091552734,571,735,705,735,705,3,0,0,0
1818,7708.7001953125,-475.625,848.50842285156,10.31594562531,14.14937019348,571,700,9,800,11,3,810,0,0
1821,5046.7216796875,-4172.82421875,268.46591186523,172.91096496582,254.04049682617,571,703,783,703,783,3,0,0,0
1822,1381.62109375,868.19921875,-6.04508638382,342.71722412109,410.54385375977,616,801,9,801,11,3,0,0,0
1823,237.822265625,1954.2548828125,21.37592887878,349.08343505859,408.75912475586,616,802,9,802,11,3,0,0,0
1824,545.265625,601.154296875,-4.666667e-05,361.96786499023,420.70126342773,616,803,9,803,11,3,0,0,0
1825,105.9609375,1211.9560546875,-1.041667e-05,274.59902954102,316.6535949707,616,804,9,804,11,3,0,0,0
1826,0,0,0,33023.015625,35539.34375,601,812,9,10,11,3,0,0,0
1831,6442.0029296875,4907.12109375,-34.02458572388,104.40428161621,135.67488098145,571,650,9,650,11,3,777,0,0
1832,4860.404296875,-3840.80078125,381.09350585938,100.94174957275,133.41239929199,571,813,9,813,11,3,0,0,0
1833,4738.2841796875,-3845.16015625,343.14624023438,48.56024932861,86.04195404053,571,813,9,813,11,3,0,0,0
1834,0,0,0,78.49138641357,810.66253662109,618,192,9,192,11,3,0,0,0
1835,0,0,0,23.64107322693,1937.9232177734,599,810,9,810,11,3,0,0,0
1836,0,0,0,99.5,1079.7399902344,602,810,9,810,11,3,0,0,0
1838,1220.3466796875,853.8359375,429.25457763672,454.04275512695,515.52038574219,595,720,387,816,387,3,0,0,0
1839,2189.2998046875,326.431640625,98.43939208984,605.70349121094,678.33502197266,595,720,387,816,387,3,0,0,0
1840,1925.7861328125,768.5478515625,108.50464630127,216.79244995117,282.1135559082,595,720,387,816,387,3,0,0,0
1841,1405.88671875,1512.90234375,106.48471832275,363.72134399414,435.23910522461,595,720,387,816,387,3,0,0,0
1843,7443.701171875,202.515625,1312.0523681641,669.24255371094,762.13067626953,571,818,818,818,818,3,0,0,0
1845,7776.8330078125,-3261.421875,862.54327392578,268.14266967773,375.15734863281,571,819,819,819,819,3,0,0,0
1846,2723.01171875,-3649.58203125,177.78877258301,294.88458251953,379.51904296875,571,671,9,671,11,3,0,0,0
1847,2346.9580078125,-4244.234375,135.11897277832,1.67220795155,3.58862257004,571,603,593,679,593,3,0,0,0
1848,4749.0205078125,3836.1005859375,355.38781738281,174.38655090332,241.15168762207,571,821,9,821,11,3,0,0,0
1849,1325.16796875,113.59375,428.93643188477,558.46575927734,601.22735595703,595,720,387,816,387,3,0,0,0
1850,1889.337890625,1615.6923828125,158.99433898926,254.49772644043,330.89096069336,595,720,387,816,387,3,0,0,0
1851,1829.4541015625,204.73046875,98.31079101563,381.20883178711,438.37942504883,595,720,387,816,387,3,0,0,0
1852,1202.74609375,531.244140625,364.52606201172,361.18927001953,416.39028930664,595,720,387,816,387,3,0,0,0
1853,1172.35546875,1211.15234375,116.45319366455,453.53115844727,510.50064086914,595,720,387,816,387,3,0,0,0
1854,1921.3291015625,1052.0361328125,150.09335327148,191.76826477051,237.72480773926,595,720,387,816,387,3,0,0,0
1855,0,0,0,102.01251983643,1673.76171875,617,8,9,8,11,3,0,0,0
1856,5012.08984375,-3511.84765625,284.98944091797,134.59701538086,226.37956237793,571,704,783,704,783,3,0,0,0
1857,7938.0927734375,2912.6279296875,424.8258972168,304.89102172852,355.41232299805,571,822,824,823,824,3,0,0,0
1858,6528.919921875,3151.9111328125,671.27014160156,342.37521362305,396.62600708008,571,774,9,774,11,3,0,0,0
1859,6174.2236328125,3798.9267578125,140.7116394043,418.80108642578,512.37994384766,571,743,807,743,807,3,0,0,0
1860,0,0,0,98.50749206543,114.55808258057,628,851,648,851,648,3,863,0,0
1861,2383.2041015625,-24.001953125,422.45129394531,572.76348876953,780.25256347656,603,828,739,828,739,3,0,0,0
1862,0,0,0,96.20142364502,137.47163391113,603,829,9,829,11,3,0,0,0
1863,4982.2080078125,112.4531326294,52.22866821289,71.14895629883,88.05261993408,1,830,193,830,193,3,0,0,0
1864,7375.0771484375,-271.3828125,6.8448548317,119.41026306152,151.44892883301,1,830,193,830,193,3,0,0,0
1865,5560.91796875,442.263671875,2.2609360218,124.62100982666,149.06716918945,1,831,193,831,193,3,0,0,0
1866,-1718.671875,1813.49609375,314.71670532227,12.77388858795,12.77388858795,0,832,845,832,845,3,0,0,0
1867,9572.3984375,7419.0859375,11.14068126678,239.10961914063,280.17471313477,605,832,832,10,11,3,0,0,0
1868,8456.375,895.24609375,546.58740234375,249.85511779785,310.47772216797,571,836,9,836,11,3,836,0,0
1869,580.77734375,238.15625,399.08316040039,144.85552978516,201.48571777344,603,837,327,837,327,3,0,0,0
1870,606.375,2187.6240234375,31.61673355103,219.11581420898,295.73184204102,1,232,233,483,233,3,0,0,0
1871,2958.0830078125,-1188.078125,217.58798217773,250.72555541992,302.51712036133,1,839,195,839,195,3,0,0,0
1872,2665.9189453125,-1209.880859375,151.97001647949,222.33145141602,273.73461914063,1,839,195,839,195,3,0,0,0
1873,2007.4423828125,-35.845703125,473.79357910156,113.04416656494,135.36138916016,603,840,739,840,739,3,0,0,0
1874,1892.9677734375,-36.71875,436.10699462891,176.9836730957,200.94444274902,603,841,739,841,739,3,0,0,0
1875,2196.4873046875,2433.7705078125,449.34719848633,399.82092285156,497.88345336914,603,841,9,841,11,3,0,0,0
1876,2335.0302734375,525.625,502.38467407227,249.03713989258,319.05459594727,603,841,9,841,11,3,0,0,0
1877,-531.14453125,2264.1923828125,90.94834899902,287.55596923828,550.71795654297,1,198,199,478,199,3,0,0,0
1878,-1684.896484375,2269.48046875,85.84732818604,172.01216125488,362.39846801758,1,198,199,478,199,3,0,0,0
1880,-1025.203125,1649.6435546875,63.69997787476,368.11929321289,493.59158325195,1,847,848,847,848,3,0,0,0
1881,0,0,0,10292441,96399584,638,832,845,832,845,3,0,0,0
1886,0,0,0,98.50749969482,183.41000366211,648,853,849,983,849,3,0,0,0
1896,-1577.001953125,1490.2685546875,10.67578125,268.89361572266,328.49673461914,638,857,845,857,845,3,0,0,0
1898,-1573.9140625,2542.9736328125,127.73179626465,111.686378479,137.78173828125,638,860,9,860,11,3,0,0,0
1899,-1969.00390625,2557.2392578125,-28.0849609375,488.92687988281,566.09259033203,0,860,845,860,845,3,0,0,0
1900,-2196.552734375,1494.87109375,-42.03624343872,184.70381164551,251.10079956055,638,861,9,861,11,3,0,0,0
1901,10122.8984375,1002.0830078125,149.60704040527,804.99139404297,994.34265136719,571,871,648,871,648,3,0,0,871
1902,0,0,0,101.95218658447,312.125,649,836,648,836,648,3,836,0,0
1903,0,0,0,97.0372543335,846.89379882813,650,836,648,836,648,3,836,0,0
1904,-1903.015625,1985.38671875,47.12586975098,106.66783905029,160.38813781738,0,860,845,860,845,3,0,0,0
1905,639.71875,2758.8330078125,100.12249755859,52.04750061035,72.28028106689,648,862,849,983,849,3,0,0,0
1906,723.3330078125,2791.63671875,104.85444641113,57.21221923828,86.5619430542,648,862,849,983,849,3,0,0,0
1907,819.27734375,2835.248046875,103.21221923828,61.12055969238,87.08583831787,648,862,849,983,849,3,0,0,0
1908,903.1923828125,2887.4423828125,100.62167358398,54.3430557251,86.25722503662,648,862,849,983,849,3,0,0,0
1909,1074.8330078125,2988.248046875,115.2191696167,34.04444503784,70.08444976807,648,862,849,983,849,3,0,0,0
1910,1022.666015625,3155.4970703125,121.78972625732,21.03255653381,42.77666473389,648,862,849,983,849,3,0,0,0
1911,676.359375,2160.9990234375,66.4375,52.04750061035,90.74333190918,648,862,849,983,849,3,0,0,0
1912,839.0830078125,2025.38671875,103.39666748047,44.84833526611,87.70610809326,648,862,849,983,849,3,0,0,0
1913,714.4716796875,1784.4423828125,109.69277954102,35.28667068481,83.24444580078,648,862,849,983,849,3,0,0,0
1914,-8787.34375,1382.85546875,174.03863525391,2048.2111816406,2626.6965332031,648,864,892,864,11,3,0,0,0
1917,0,0,0,52.29348373413,94.79132843018,654,832,845,832,845,3,0,0,0
1918,1775.822265625,89.4375,61.65636062622,72.05788421631,88.26543426514,0,866,9,866,11,3,0,0,0
1919,1676.0517578125,103.71875,61.6563873291,90.3373260498,109.21990203857,0,866,9,866,11,3,0,0,0
1920,1545.4072265625,115.71875,61.58981704712,78.22512054443,94.35807037354,0,866,9,866,11,3,0,0,0
1921,1466.07421875,154.15234375,61.58979034424,78.22512054443,94.35807037354,0,866,9,866,11,3,0,0,0
1926,1441.759765625,266.40625,61.58981704712,104.16837310791,122.9029006958,0,866,9,866,11,3,0,0,0
1927,1541.0048828125,364.509765625,61.58979034424,94.79161834717,114.71499633789,0,866,9,866,11,3,0,0,0
1928,1654.6611328125,381.421875,61.65636062622,86.1189956665,102.20391082764,0,866,9,866,11,3,0,0,0
1929,1759.69921875,381.484375,61.65636062622,86.1189956665,102.20391082764,0,866,9,866,11,3,0,0,0
1930,-1602.48828125,1496.63671875,10.67583560944,231.1515045166,266.73049926758,654,867,845,867,845,3,0,0,0
1931,-1566.046875,2572.2216796875,142.13877868652,98.83060455322,135.08583068848,654,860,845,860,845,3,0,0,0
1932,-1671.021484375,2485.6240234375,101.68479156494,75.25016021729,111.65093994141,654,860,845,860,845,3,0,0,0
1933,-1703.427734375,2394.3046875,67.57032012939,50.35859298706,65.3426361084,654,860,845,860,845,3,0,0,0
1934,-1726.0703125,2316.08984375,100.24743652344,55.99880981445,68.19382476807,654,860,845,860,845,3,0,0,0
1935,-1771.078125,2240.49609375,92.37283325195,46.21309661865,62.5093460083,654,860,845,860,845,3,0,0,0
1936,-1823.40625,2189.5029296875,93.89198303223,46.21309661865,62.5093460083,654,860,845,860,845,3,0,0,0
1937,-1844.734375,2111.94921875,86.97212982178,46.21309661865,62.5093460083,654,860,845,860,845,3,0,0,0
1938,-1878.0625,2051.4091796875,95.20527648926,28.56484413147,39.2688293457,654,860,845,860,845,3,0,0,0
1939,-1877.81640625,2004.54296875,93.82952880859,28.56484413147,39.2688293457,654,860,845,860,845,3,0,0,0
1940,-1863.517578125,1959.0859375,96.61427307129,28.56484413147,39.2688293457,654,860,845,860,845,3,0,0,0
1941,-1892.546875,1914.26171875,97.36623382568,28.56484413147,39.2688293457,654,860,845,860,845,3,0,0,0
1942,-2196.640625,1448.55859375,-46.73556900024,184.31782531738,236.46823120117,654,861,845,861,845,3,0,0,0
1944,-1433.033203125,1564.77734375,20.50005531311,72.04151153564,96.29726409912,654,832,845,832,845,3,0,0,0
1945,-1512.421875,1653.384765625,20.48554229736,72.04151153564,96.29726409912,654,832,845,832,845,3,0,0,0
1946,-1690.5,1614.0361328125,20.48944854736,82.11972808838,120.8770904541,0,867,845,867,845,3,0,0,0
1947,-1443.6875,1566.79296875,20.50656509399,79.16888427734,93.95585632324,0,832,845,832,845,3,0,0,0
1948,-1515.533203125,1638.12109375,20.48554229736,79.16888427734,93.95585632324,0,832,845,832,845,3,0,0,0
1949,-2105.9375,773.74609375,106.52448272705,78.55054473877,109.61041259766,0,860,845,860,845,3,0,0,0
1950,-2199.205078125,1441.3046875,-42.9736328125,182.91567993164,245.73527526856,0,861,845,861,845,3,0,0,0
1951,-2060.546875,1275.66796875,-76.90196228027,105.95742797852,168.54275512695,0,861,845,861,845,3,0,0,0
1952,-1741.078125,1524.884765625,20.80322265625,82.11972808838,120.8770904541,0,867,845,867,845,3,0,0,0
1953,-1716.875,1389.05859375,21.66861915588,82.11972808838,120.8770904541,0,867,845,867,845,3,0,0,0
1954,-1578.208984375,1363.02734375,35.61884307861,82.11972808838,120.8770904541,0,867,845,867,845,3,0,0,0
1955,-1460.521484375,1407.0859375,35.55588150024,82.11972808838,120.8770904541,0,867,845,867,845,3,0,0,0
1956,-2251.505859375,1575.6484375,-35.22444534302,105.95742797852,168.54275512695,0,861,845,861,845,3,0,0,0
1957,-1451.923828125,1561.13671875,20.48554229736,71.42166137695,86.05850982666,638,868,845,868,845,3,0,0,0
1958,-1532.71875,1656.6767578125,20.757188797,71.42166137695,86.05850982666,638,868,845,868,845,3,0,0,0
1960,0,0,0,102.51239013672,1909.3050537109,655,832,845,832,845,3,0,0,0
1961,0,0,0,18.28852081299,494.43264770508,656,832,845,832,845,3,0,0,0
1962,0,0,0,100,441.59475708008,658,748,822,748,822,3,0,0,0
1964,-515.78125,2077.9736328125,80.68045043945,223.89987182617,292.10833740234,654,869,9,10,11,3,0,0,0
1965,-1379.5625,375.138671875,7.21841669083,439.91943359375,543.98889160156,654,869,9,10,11,3,0,0,0
1966,-1984.640625,200.166015625,-48.5327796936,439.91943359375,543.98889160156,654,869,9,10,11,3,0,0,0
1967,-474.671875,-8642.078125,-647.47149658203,885.52380371094,930.18347167969,451,870,9,10,11,3,0,0,0
1968,-2218.2890625,1578.5048828125,-41.18587112427,148.28355407715,202.09028625488,654,861,845,861,845,3,0,0,0
1969,-2070.609375,1282.48046875,-76.29497528076,148.28355407715,202.09028625488,654,861,845,861,845,3,0,0,0
1970,0,0,0,101.50752258301,939.01885986328,631,748,9,748,11,3,0,0,0
1971,0,0,0,98.01495361328,1666.6967773438,658,879,880,879,880,3,0,0,0
1972,5419.80859375,-3627.970703125,1630.3455810547,412.57559204102,482.46957397461,1,899,900,899,900,3,0,0,0
1973,-6231.890625,5077.4130859375,-2182.1306152344,3722.4721679688,4229.0278320312,0,878,878,878,878,3,0,0,0
1979,1181.58984375,1137.6416015625,164.80471801758,74.1978225708,118.85910797119,648,877,9,10,11,3,0,0,0
1980,1165.1728515625,983.30859375,161.72863769531,80.62711334229,103.76332092285,648,877,9,10,11,3,0,0,0
1981,1123.7216796875,1073.8916015625,131.33860778809,62.70343780518,77.53511047363,648,877,9,10,11,3,0,0,0
1982,1043.94921875,1461.337890625,129.62275695801,68.37497711182,103.76332092285,648,877,9,10,11,3,0,0,0
1983,1094.541015625,1172.40234375,169.94725036621,61.3381690979,61.3381690979,648,877,9,10,11,3,0,0,0
2448,-5824.22265625,688.9580078125,9.43619823456,0.70255571604,0.80349695683,451,8,9,10,11,3,0,0,0
2449,-5792.931640625,587.4375,9.97243976593,998.65191650391,1037.3277587891,451,884,9,884,11,3,0,0,0
2450,3920.6298828125,-2648.22265625,1012.1212158203,390.63735961914,506.71463012695,1,882,9,10,11,3,0,0,0
2451,4038.8935546875,-3282.34375,972.25469970703,393.68203735352,473.92144775391,1,882,9,882,11,3,0,0,0
2453,5255.3017578125,-2208.4453125,1362.9222412109,302.0944519043,340.54727172852,1,872,9,872,11,3,0,0,0
2454,4976.1142578125,-1738.0390625,1340.1983642578,471.47146606445,584.68029785156,1,872,9,872,11,3,0,0,0
2455,4627.9736328125,-1957.1875,1175.9752197266,254.57807922363,352.66812133789,1,872,9,872,11,3,0,0,0
2457,4643.9423828125,-2515.8125,1089.9416503906,215.45166015625,302.39443969727,1,883,9,883,11,3,0,0,0
2458,4615.88671875,-2774.47265625,1190.9611816406,106.99749755859,171.62083435059,1,883,9,883,11,3,0,0,0
2459,4643.662109375,-3053.72265625,1053.3140869141,123.73610687256,182.96166992188,1,883,9,883,11,3,0,0,0
2460,4675.57421875,-3343.642578125,1027.8836669922,194.60725402832,298.84585571289,1,883,9,883,11,3,0,0,0
2461,4714.8505859375,-3695.390625,1017.6442260742,182.81098937988,298.84585571289,1,883,9,883,11,3,0,0,0
2463,-4534.03125,3898.3330078125,128.88667297363,4.90938901901,4.90938901901,0,887,887,10,887,3,0,0,0
2468,-5593.734375,3424.2998046875,-102.64663696289,88.85813140869,133.53068542481,0,887,887,10,887,3,0,0,0
2469,-5430.73828125,3769.7529296875,-121.88774871826,76.84386444092,127.73380279541,0,887,887,10,887,3,0,0,0
2470,-5318.796875,4179.3876953125,-101.9829864502,141.16920471191,206.71099853516,0,888,888,10,888,3,0,0,0
2471,-5645.833984375,4131.3955078125,-221.35958862305,298.19573974609,408.53103637695,0,888,888,10,888,3,0,0,0
2478,-6882.25,6071.4892578125,-608.29180908203,260.88681030273,366.92672729492,0,889,889,10,889,3,0,0,0
2487,-8407.44140625,1611.2548828125,41.25021743774,119.08836364746,212.99249267578,648,891,892,891,11,3,0,0,0
2488,0,0,0,25514.107421875,30829.62109375,631,905,9,905,11,3,0,0,0
2489,-5685.640625,392.6875,27.85427474976,265.67776489258,306.06420898438,451,893,9,893,11,3,0,0,0
2490,3.1171875,-822.890625,-4.72222e-06,565.11651611328,703.16680908203,631,894,9,894,11,3,902,0,0
2492,5142.2216796875,-1385.875,1354.3397216797,144.76354980469,189.2571105957,719,3036,3020,3036,3022,3,0,0,0
2493,4950.8203125,-1509.484375,1330.4938964844,154.32456970215,208.10353088379,719,3036,3020,3036,3022,3,0,0,0
2494,4730.208984375,-1675.53125,1227.1597900391,154.32456970215,208.10353088379,719,3036,3020,3036,3022,3,0,0,0
2495,4563.0810546875,-1816.474609375,1240.6365966797,191.09053039551,242.38452148438,719,3036,3020,3036,3022,3,0,0,0
2496,4548.296875,-2192.703125,1177.1063232422,298.95028686523,376.70758056641,719,3036,3020,3036,3022,3,0,0,0
2497,4529.63671875,-2544.201171875,1124.3122558594,298.95028686523,376.70758056641,719,3036,3020,3036,3022,3,0,0,0
2498,4540.5146484375,-3112.5,995.42272949219,298.95028686523,376.70758056641,719,3036,3020,3036,3022,3,0,0,0
2504,0,0,0,98.01495361328,210.22959899902,668,748,9,748,11,3,0,0,0
2505,486.109375,-2515.265625,1045.6383056641,81.23121643066,89.66214752197,631,897,9,897,11,3,0,0,0
2506,-3598.361328125,-5255.583984375,347.13055419922,26.98214149475,26.98214149475,0,903,304,903,304,3,0,0,0
2508,2362.0517578125,-2548.427734375,-3.791667e-05,577.32098388672,704.32794189453,631,902,9,902,11,3,0,0,0
2509,976.87109375,-3225.873046875,-1.86111e-06,616.47613525391,763.54766845703,631,904,9,904,11,3,0,0,0
2510,1082.87109375,897.7529296875,-70.15809631348,3655.37890625,5724.4047851562,646,912,9,912,906,3,0,0,0
2511,1487.82421875,1903.1435546875,258.42425537109,1988.28125,2125.9328613281,659,907,9,907,11,3,0,0,0
2512,0,0,0,99.00250244141,229.98564147949,643,908,908,908,908,3,0,0,0
2513,0,0,0,3167.1096191406,4225.2612304688,670,909,9,909,11,3,0,0,0
2515,-9274.556640625,-351.671875,191.64668273926,27.16027832031,27.16027832031,1,893,946,893,197,3,0,0,0
2524,0,0,0,236.00717163086,424.48837280273,724,918,730,918,730,3,0,0,0
2528,0,0,0,5885.4907226562,8753.6357421875,657,913,9,10,11,3,0,0,0
2529,0,0,0,104.06297302246,1712.33984375,728,868,845,868,845,3,0,0,0
2531,-11453.080078125,-3875.15625,-14.56640625,386.72222900391,510.20034790039,0,21,22,454,22,3,0,0,0
2532,-12065.375,-3639.740234375,44.53255081177,593.34582519531,813.78155517578,0,21,22,454,22,3,0,0,0
2533,-12528.48046875,-3236.0078125,8.77018260956,367.50839233398,498.7626953125,0,21,22,454,22,3,0,0,0
2534,-12796.40625,-2718.40234375,20.96853256226,250.84925842285,380.66229248047,0,916,22,454,22,3,0,0,0
2536,-12589.865234375,-2776.361328125,-4.40180110931,164.01818847656,202.49563598633,0,916,22,454,22,3,0,0,0
2537,0,0,0,279.18609619141,2668.6608886719,726,915,304,915,304,3,0,0,0
2539,-5253.515625,1071.7822265625,8.62796497345,35.61829376221,68.55627441406,451,922,9,10,11,3,0,0,0
2543,-4835.64453125,-5828.390625,27.84830856323,94.05471038818,130.34999084473,0,914,9,10,11,3,0,0,0
2546,1732.1455078125,-1179.859375,183.71821594238,32.85457611084,32.85457611084,0,938,45,938,45,3,0,0,0
2549,-260.5625,807.7392578125,263.47579956055,22.88213539124,43.55532836914,643,908,908,908,908,3,0,0,0
2550,-208.09375,638.763671875,288.93295288086,9.9395980835,22.41772842407,643,908,908,908,908,3,0,0,0
2551,-208.03125,981.8173828125,236.93218994141,9.9395980835,22.41772842407,643,908,908,908,908,3,0,0,0
2552,-6262.044921875,3664.08984375,-308.73037719727,342.4176940918,467.91302490234,0,940,940,10,940,3,0,0,0
2553,-6194.09375,4133.29296875,-357.83401489258,150.96617126465,216.51042175293,0,940,940,10,940,3,0,0,0
2554,-5868.71875,4479.51171875,-512.40643310547,108.34470367432,348.54428100586,0,940,940,10,940,3,0,0,0
2555,-6365.96875,4357.7392578125,-679.81665039063,189.78825378418,230.28594970703,0,941,941,941,941,3,0,0,0
2556,-6287.244140625,4578.90234375,-677.00451660156,170.5207824707,222.38066101074,0,941,941,941,941,3,0,0,0
2557,-6638.3203125,3741.7939453125,-395.3512878418,359.43939208984,467.91302490234,0,940,940,10,940,3,0,0,0
2558,-6796.16015625,4079.8955078125,-448.24630737305,232.45416259766,310.22451782227,0,940,940,10,940,3,0,0,0
2559,-6801.25,4620.6923828125,-606.31109619141,237.29112243652,327.83609008789,0,940,940,10,940,3,0,0,0
2561,-6726.19140625,4400.7060546875,-448.88357543945,174.71928405762,227.67428588867,0,940,940,10,940,3,0,0,0
2562,-6758.578125,4978.390625,-426.76690673828,48.4602432251,100.53756713867,0,1028,1028,10,1028,3,0,0,0
2563,-7379.328125,4213.2099609375,-220.83882141113,185.67869567871,253.12419128418,0,942,942,10,942,3,0,0,0
2564,-7509.59375,3957.427734375,-218.02549743652,185.67869567871,253.12419128418,0,942,942,10,942,3,0,0,0
2565,-7532.453125,3683.896484375,-187.43034362793,185.67869567871,253.12419128418,0,942,942,10,942,3,0,0,0
2566,2313.6611328125,-5331.2578125,90.34505462646,86.33174133301,114.43881988525,0,943,9,943,11,3,0,0,0
2567,-6451.28125,6009.0224609375,-534.93292236328,260.88681030273,366.92672729492,0,889,889,10,889,3,0,0,0
2568,-6143.015625,5969.9580078125,-799.10284423828,201.84730529785,285.76504516602,0,889,889,10,889,3,0,0,0
2569,-7094.5625,6546.8408203125,-916.85479736328,285.9172668457,363.3391418457,0,944,944,10,944,3,0,0,0
2570,-6680.28125,6391.13671875,-992.22766113281,285.9172668457,363.3391418457,0,944,944,10,944,3,0,0,0
2571,-6467.333984375,6336.0537109375,-948.82501220703,137.48194885254,239.55694580078,0,944,944,10,944,3,0,0,0
2572,-6011.861328125,6388.0830078125,-1055.1638183594,216.01251220703,300.3166809082,0,945,945,10,945,3,0,0,0
2574,-5631.1953125,6877.748046875,-1008.9110717773,196.35111999512,276.94528198242,0,947,947,10,947,3,0,0,0
2580,-6935.9453125,7145.13671875,-877.65277099609,269.39199829102,333.36389160156,0,950,950,10,950,3,0,0,0
2581,-7137.640625,7543.359375,-888.94720458984,212.15251159668,284.60000610352,0,950,950,10,950,3,0,0,0
2585,-6363.265625,3282.2216796875,-1268.705078125,614.00762939453,749.39074707031,0,949,949,10,949,3,0,0,0
2586,-5464.931640625,3551.1142578125,-695.09020996094,338.11544799805,479.16845703125,0,949,949,10,949,3,0,0,0
2587,-4848.140625,3862.6650390625,-558.01666259766,338.11666870117,425.07501220703,0,949,949,10,949,3,0,0,0
2588,-7158.169921875,3797.52734375,-850.55554199219,338.11666870117,479.16943359375,0,949,949,10,949,3,0,0,0
2589,-6725.548828125,5445.7685546875,-1483.5152587891,614.00762939453,749.39074707031,0,949,949,10,949,3,0,0,0
2590,-7799.72265625,5616.109375,-2206.5388183594,1130.4056396484,1317.7584228516,0,949,949,10,949,3,0,0,0
2595,-4731.72265625,-4263.4453125,504.04721069336,9.23438835144,9.51561164856,0,991,992,953,11,3,0,0,0
2598,1127.8173828125,547.04296875,514.57165527344,1595.8160400391,1725.7624511719,646,954,9,954,11,3,0,0,0
2599,-4015.173828125,-6409.17578125,38.01318359375,165.59175109863,264.615234375,0,955,304,955,304,3,0,0,0
2602,0,0,0,90.47918701172,131.25016784668,736,3038,3033,3038,3033,3,0,0,0
2603,779.5322265625,-592.34375,143.93037414551,138.0191192627,199.7264251709,646,957,9,10,11,3,0,0,0
2604,594.55859375,-711.140625,143.17239379883,189.04763793945,239.75721740723,646,957,9,10,11,3,0,0,0
2605,418.1796875,-442.1875,43.14024734497,129.23643493652,187.35437011719,646,957,9,10,11,3,0,0,0
2606,1649.96484375,1675.4716796875,174.32530212402,250.8247833252,327.62872314453,646,957,9,10,11,3,0,0,0
2613,7350.6376953125,-1531.642578125,159.46321105957,256.2998046875,358.32162475586,1,961,207,961,207,3,0,0,0
2614,1913.791015625,-4277.740234375,51.72916030884,122.97326660156,184.05160522461,1,962,963,5454,963,3,0,0,0
2615,3110.833984375,523.515625,5.01974821091,178.37837219238,232.95106506348,1,964,195,964,195,3,0,0,0
2616,2274.4296875,-940.03515625,86.16889190674,99.61026763916,207.89175415039,1,965,9,10,11,3,0,0,0
2617,2285.71484375,-1210.958984375,78.7041015625,68.4280166626,139.06204223633,1,965,9,10,11,3,0,0,0
2618,1517.837890625,-1608.265625,64.52896881104,114.14231109619,159.28527832031,0,966,9,966,11,3,0,0,0
2619,1691.99609375,-2288.75,59.09586715698,74.27893066406,118.0823135376,0,967,9,967,11,3,0,0,0
2620,1847.7861328125,-3727.515625,159.74284362793,70.59735107422,109.67343902588,0,943,9,943,11,3,0,0,0
2621,2262.8955078125,-4456.9453125,111.73133850098,70.59735107422,109.67343902588,0,943,9,943,11,3,0,0,0
2622,2560.46484375,-4779.8125,106.25771331787,70.59735107422,109.67343902588,0,943,9,943,11,3,0,0,0
2623,3155.494140625,-4334.267578125,110.36847686768,70.59735107422,109.67343902588,0,943,9,943,11,3,0,0,0
2624,2920.771484375,-3016.376953125,126.97054290772,70.59735107422,109.67343902588,0,943,9,943,11,3,0,0,0
2625,3163.54296875,-2770.875,169.71333312988,120.54319000244,222.41694641113,0,59,33,457,33,3,0,0,0
2626,-7818.306640625,2980.4970703125,-520.73059082031,497.77224731445,610.63891601563,0,968,968,968,968,3,0,0,0
2628,-3784.53125,-4578.056640625,156.69055175781,89.71360778809,155.96000671387,0,1018,9,969,11,3,0,0,0
2629,-3802.75,-4480.9453125,172.13667297363,43.35305404663,95.7205581665,0,1018,9,969,11,3,0,0,0
2630,-3970.421875,-5547.806640625,59.89694595337,248.35417175293,322.8444519043,0,1018,9,969,11,3,0,0,0
2631,-3266.22265625,-5490.5,90.17888641357,133.73110961914,172.76945495606,0,1018,9,969,11,3,0,0,0
2632,-2991.03125,-4712.75,137.83778381348,106.59194946289,149.16166687012,0,970,304,970,304,3,0,0,0
2633,-2950.75,-4595.111328125,138.51945495606,106.59194946289,149.16166687012,0,970,304,970,304,3,0,0,0
2634,4292.5830078125,-2900.083984375,1002.4138793945,115.37110900879,182.53584289551,1,882,9,882,11,3,0,0,0
2635,-5424.22265625,3432.9140625,-132.51582336426,88.85805511475,133.53056335449,0,887,887,10,887,3,0,0,0
2636,-5165.583984375,3435.552734375,-132.11111450195,136.52305603027,186.96166992188,0,887,887,10,887,3,0,0,0
2637,-4979.611328125,3477.63671875,-126.60056304932,190.38916015625,237.88723754883,0,887,887,10,887,3,0,0,0
2638,-4759.75,3619.7216796875,-118.97165679932,190.38916015625,237.88723754883,0,887,887,10,887,3,0,0,0
2639,-4524.640625,3666.0830078125,-123.36055755615,190.38916015625,237.88723754883,0,887,887,10,887,3,0,0,0
2640,-4517.611328125,3924.052734375,-85.74417114258,212.76445007324,268.61334228516,0,887,887,10,887,3,0,0,0
2641,-7266.056640625,3087.63671875,-515.84167480469,387.97222900391,515.61944580078,0,968,968,968,968,3,0,0,0
2642,-6837.140625,2842.4423828125,-497.1611328125,387.97222900391,515.61944580078,0,968,968,968,968,3,0,0,0
2643,-6177.390625,2775.8583984375,-476.67779541016,387.97222900391,515.61944580078,0,968,968,968,968,3,0,0,0
2644,-5513.421875,2885.4140625,-394.78610229492,387.97222900391,515.61944580078,0,968,968,968,968,3,0,0,0
2645,-4915.47265625,2883.38671875,-326.92779541016,387.97222900391,473.40002441406,0,968,968,968,968,3,0,0,0
2646,-4380.806640625,3125.9140625,-245.12446594238,387.97222900391,441.34722900391,0,968,968,968,968,3,0,0,0
2647,-3765.333984375,3382.302734375,-399.3444519043,570.27227783203,696.75836181641,0,968,968,968,968,3,0,0,0
2648,-3789.056640625,4123.6640625,-383.22222900391,518.93890380859,629.39727783203,0,968,968,968,968,3,0,0,0
2649,-4400.640625,4853.1064453125,-852.77502441406,733.05279541016,845.43609619141,0,968,968,968,968,3,0,0,0
2650,-4740.083984375,5380.1923828125,-749.45281982422,277.50970458984,378.89166259766,0,968,968,968,968,3,0,0,0
2651,-5006.25,5642.9140625,-741.42218017578,153.74694824219,261.01638793945,0,968,968,968,968,3,0,0,0
2652,-8451.419921875,4084.998046875,-1290.6666259766,1130.4056396484,1317.7584228516,0,949,949,10,949,3,0,0,0
2653,-7917.833984375,7276.748046875,-2289.1528320312,1130.4056396484,1317.7584228516,0,949,949,10,949,3,0,0,0
2654,-7091.25,7953.77734375,-2344.5805664062,1130.4056396484,1317.7584228516,0,949,949,10,949,3,0,0,0
2655,-6120.111328125,7538.9423828125,-2413.5417480469,1130.4056396484,1317.7584228516,0,949,949,10,949,3,0,0,0
2657,-5111.03125,6931.27734375,-2252.9223632812,1130.4056396484,1317.7584228516,0,949,949,10,949,3,0,0,0
2658,-4599.671875,5951.38671875,-2259.3000488281,1130.4056396484,1317.7584228516,0,949,949,10,949,3,0,0,0
2659,-6013.833984375,6711.88671875,-1012.1193847656,131.6897277832,192.6238861084,0,945,945,10,945,3,0,0,0
2660,-5760.890625,6483.9423828125,-1053.8388671875,131.6897277832,192.6238861084,0,945,945,10,945,3,0,0,0
2661,-5709.97265625,6275.3330078125,-1086.5805664062,222.32002258301,299.44445800781,0,945,945,10,945,3,0,0,0
2662,-5631.833984375,6374.4140625,-987.28057861328,76.52750396729,113.45555114746,0,945,945,10,945,3,0,0,0
2663,-6520.421875,4833.5400390625,-481.85122680664,150.84443664551,216.82749938965,0,940,940,10,940,3,0,0,0
2667,-6228.083984375,5519.4150390625,-1067.2471923828,257.46221923828,424.53610229492,0,949,949,10,949,3,0,0,0
2670,-5649.140625,5256.3037109375,-1112.0167236328,511.2805480957,658.81671142578,0,949,949,10,949,3,0,0,0
2671,-6318.083984375,4927.9716796875,-995.44445800781,257.46221923828,424.53610229492,0,949,949,10,949,3,0,0,0
2672,-6350.421875,5003.77734375,-483.6833190918,147.61000061035,216.82749938965,0,940,940,10,940,3,0,0,0
2673,-5389.669921875,6656.77734375,-1019.0444946289,196.35111999512,248.24417114258,0,947,947,10,947,3,0,0,0
2674,-5269.5,6424.3330078125,-1007.2584228516,196.35111999512,237.2477722168,0,947,947,10,947,3,0,0,0
2675,-5321.5,6144.3037109375,-996.57781982422,122.83750152588,166.90083312988,0,947,947,10,947,3,0,0,0
2676,-5487.056640625,5978.3037109375,-1005.3665771484,63.49444580078,128.7511138916,0,947,947,10,947,3,0,0,0
2677,1547.2216796875,-4162.361328125,47.75389480591,60.39611053467,76.79000091553,1,971,972,5454,972,3,0,0,0
2678,1688.666015625,-4109.361328125,47.0936164856,72.26944732666,88.30861663818,1,974,972,5454,972,3,0,0,0
2679,1734.3330078125,-3999.72265625,47.47444534302,89.10861968994,117.63168334961,1,974,972,5454,972,3,0,0,0
2680,0,0,0,98.01499938965,152.6309967041,732,975,976,975,976,3,0,0,0
2681,-10914.72265625,-259.361328125,6.36013889313,194.39057922363,255.38943481445,1,999,946,977,946,3,0,0,0
2682,-510.111328125,1485.9716796875,19.53147315979,353.35556030273,442.84722900391,0,978,845,978,845,3,0,0,0
2683,947.77734375,680.1875,59.29138946533,109.4080581665,143.39610290527,0,979,42,979,42,3,0,0,0
2684,-3193.5625,-768.1953125,29.6247215271,240.69444274902,361.02777099609,1,226,980,450,980,3,0,0,0
2685,-3342.583984375,-465.97265625,48.82944488525,140.91722106934,196.10888671875,1,226,980,450,980,3,0,0,0
2686,-3384.171875,-277.861328125,60.42277908325,59.49277877808,105.90389251709,1,226,980,450,980,3,0,0,0
2687,-3121.333984375,-24.5,48.16805648804,27.79444313049,73.32111358643,1,226,223,450,223,3,0,0,0
2688,-819.083984375,-504.390625,15.22683429718,104.10722351074,139.94612121582,0,981,123,981,123,3,0,0,0
2690,-762,-579.1953125,18.82058334351,104.10722351074,139.94612121582,0,981,123,981,123,3,0,0,0
2692,-9084.47265625,-343.25,73.45166778564,85.16972351074,114.68055725098,0,982,9,10,11,3,0,0,0
2693,-9050.140625,-423.140625,71.43055725098,85.16972351074,114.68055725098,0,982,9,10,11,3,0,0,0
2694,-8910.6953125,-442.22265625,73.69834136963,64.80167388916,95.88639068604,0,982,9,10,11,3,0,0,0
2695,-800.3125,4458.0517578125,13.33511066437,1115.2332763672,1269.5028076172,648,983,849,983,849,3,0,0,0
2698,0,0,0,60.17302322388,84.51132202148,730,985,9,1019,11,3,0,0,0
2699,-10790.833984375,-1303,-75.11305999756,169.49278259277,248.68167114258,1,987,946,987,946,3,0,0,0
2704,-4829.75,4056.4716796875,-485.25552368164,338.11666870117,389.01388549805,0,949,949,10,949,3,0,0,0
2705,-5368.919921875,6020.4150390625,-1446.0888671875,275.28860473633,370.625,0,949,949,10,949,3,0,0,0
2706,-5061.28125,6047.859375,-1153.5278320312,275.28860473633,370.625,0,949,949,10,949,3,0,0,0
2707,-4792.419921875,5893.9716796875,-1103.9305419922,275.28860473633,370.625,0,949,949,10,949,3,0,0,0
2708,-4476.140625,5756.5537109375,-1065.7528076172,275.28860473633,370.625,0,949,949,10,949,3,0,0,0
2709,-4030.03125,5572.8037109375,-1082.9722900391,275.28860473633,370.625,0,949,949,10,949,3,0,0,0
2710,-7093.5,4325.6923828125,-925.70281982422,338.11666870117,479.16943359375,0,949,949,10,949,3,0,0,0
2711,-6521.611328125,7178.498046875,-847.35833740234,338.63888549805,405.90277099609,0,950,950,10,950,3,0,0,0
2712,-6587.640625,7027.2216796875,-882.5,338.63888549805,405.90277099609,0,950,950,10,950,3,0,0,0
2713,-6333.556640625,6664.27734375,-867.125,116.54611968994,180.90139770508,0,950,950,10,950,3,0,0,0
2714,-7605,5184.38671875,-981.01104736328,311.62777709961,389.51113891602,0,949,949,10,949,3,0,0,0
2715,-7380.333984375,5720.302734375,-930.59722900391,311.62777709961,428.50833129883,0,949,949,10,949,3,0,0,0
2716,-7368.083984375,6076.63671875,-1234.6304931641,311.62777709961,428.50833129883,0,949,949,10,949,3,0,0,0
2717,-7400.056640625,6496.052734375,-1455.4195556641,311.62777709961,428.50833129883,0,949,949,10,949,3,0,0,0
2718,-7239.4453125,6964.2470703125,-1270.1638183594,311.62777709961,381.44445800781,0,949,949,10,949,3,0,0,0
2719,-7328.5,7250.8330078125,-1301.4971923828,311.62777709961,386.76113891602,0,949,949,10,949,3,0,0,0
2720,-7339.111328125,7671.2197265625,-1326.3555908203,311.62777709961,404.31112670898,0,949,949,10,949,3,0,0,0
2721,-6971.583984375,7769.498046875,-1320.197265625,311.62777709961,404.31112670898,0,949,949,10,949,3,0,0,0
2722,-6716.97265625,7572.0537109375,-1250.4416503906,311.62777709961,404.31112670898,0,949,949,10,949,3,0,0,0
2723,-6844.169921875,7457.3330078125,-857.05279541016,64.54055786133,117.93472290039,0,950,950,10,950,3,0,0,0
2724,-6393.056640625,7569.998046875,-1252.6611328125,311.62777709961,404.31112670898,0,949,949,10,949,3,0,0,0
2725,-6104.22265625,7386.359375,-1241.4832763672,311.62777709961,404.31112670898,0,949,949,10,949,3,0,0,0
2726,-6045.919921875,7085.63671875,-1135.2694091797,183.1561126709,291.93057250977,0,949,949,10,949,3,0,0,0
2728,-11101.111328125,-1500.97265625,-244.876953125,398.67779541016,492.20556640625,1,987,946,987,946,3,0,0,0
2729,-11508.333984375,-1281.97265625,-122.05306243897,192.29972839356,290.17779541016,1,987,946,987,946,3,0,0,0
2730,-11208.333984375,-1897.22265625,-93.29277801514,192.29972839356,290.17779541016,1,987,946,987,946,3,0,0,0
2731,-9990.53125,-1061.611328125,-106.80805969238,230.19221496582,322.78890991211,1,989,946,989,946,3,0,0,0
2732,-10430.28125,-1239.4453125,-59.49444580078,112.10556793213,190.76638793945,1,989,946,989,946,3,0,0,0
2733,-9689.083984375,-638.111328125,-45.39944458008,255.69528198242,313.60000610352,1,990,946,990,946,3,0,0,0
2734,-10242.25,-1176.9453125,-14.95277786255,112.10556793213,190.76638793945,1,989,946,989,946,3,0,0,0
2735,-9570.111328125,-1252.421875,10.48824977875,141.47529602051,204.28388977051,1,990,946,990,946,3,0,0,0
2736,-9700.6953125,-1333.75,55.45777893066,77.05861663818,130.63000488281,1,990,946,990,946,3,0,0,0
2737,-9498.22265625,-970.0625,-19.15452766418,221.46360778809,307.34170532227,1,990,946,990,946,3,0,0,0
2738,-9401.4453125,-633.921875,43.53777694702,116.91722106934,216.74833679199,1,990,946,990,946,3,0,0,0
2739,-9237.306640625,-512.583984375,77.04166412354,73.62999725342,145.55390930176,1,990,946,990,946,3,0,0,0
2740,-9271.333984375,-1156.921875,57.0933380127,126.11332702637,201.41499328613,1,990,946,990,946,3,0,0,0
2741,-9041.556640625,-1089.083984375,83.19277954102,95.07389068604,149.67222595215,1,990,946,990,946,3,0,0,0
2742,-8868.1953125,-1096.671875,108.23916625977,72.79389190674,122.18611907959,1,990,946,990,946,3,0,0,0
2743,-8707.03125,-1152.833984375,151.87194824219,55.86138916016,104.52390289307,1,990,946,990,946,3,0,0,0
2744,-8626.833984375,-1211.0625,183.66972351074,76.75388336182,120.12693786621,1,990,946,990,946,3,0,0,0
2745,-3190.0625,2191.3046875,67.36805725098,61.75194549561,95.39861297607,530,566,9,566,11,3,0,0,0
2748,0,0,0,99.99749755859,1720.3100585938,761,994,995,994,995,3,0,0,0
2749,449.578125,2032.3046875,3.24233341217,28.61305427551,52.26055526733,732,994,9,10,11,3,0,0,0
2750,0,0,0,42.00159835815,43.49280166626,644,893,946,893,946,3,0,0,0
2751,-2628.97265625,-4994.03125,110.60083007813,179.77973937988,225.93444824219,0,996,304,996,304,3,0,0,0
2752,-2640.140625,-5124.640625,124.60861968994,195.68222045898,240.77778625488,0,996,304,996,304,3,0,0,0
2753,-2640.833984375,-4829.03125,132.84638977051,129.31416320801,188.62834167481,0,996,304,996,304,3,0,0,0
2754,-2783.671875,-6474.25,136.80027770996,409.62777709961,488.16665649414,0,997,304,997,304,3,0,0,0
2755,-10245.75,-2079.611328125,64.72166442871,508.63613891602,695.05554199219,1,1000,946,1002,11,3,0,0,0
2756,-10129.111328125,555.109375,46.09138870239,597.23614501953,770.59722900391,1,1000,946,1002,11,3,0,0,0
2759,-8809.921875,-653.5,174.07083129883,320.84170532227,435.19720458984,1,1000,946,1002,11,3,0,0,0
2760,-8936.140625,163.52734375,141.04833984375,378.48889160156,531.41668701172,1,1000,946,1002,11,3,0,0,0
2761,-8912.333984375,-1571.22265625,97.79083251953,275.01055908203,375.90835571289,1,1000,946,1002,11,3,0,0,0
2762,-9501.806640625,-1703.03125,31.92500114441,250.11000061035,356.05279541016,1,1000,946,1002,11,3,0,0,0
2763,-10353.25,-386.5,336.5944519043,286.59170532227,440.02502441406,1,1000,946,1002,11,3,0,0,0
2765,-9171.53125,886.8330078125,244.72222900391,233.01666259766,359.02221679688,1,1000,946,1002,11,3,0,0,0
2766,-8401.056640625,-209.3125,199.83723449707,221.78779602051,322.45556640625,1,1000,946,1002,11,3,0,0,0
2767,-9507.171875,-151.890625,118.7177734375,228.39778137207,325.42779541016,1,1000,946,1002,11,3,0,0,0
2768,0,0,0,7448.259765625,10791.599609375,754,1003,9,10,11,3,0,0,0
2770,-10922.22265625,-259.140625,18.13775062561,207.54360961914,277.99444580078,746,3041,3039,3021,3022,3,0,0,0
2771,-277.53125,1356.166015625,22.30997276306,116.83666992188,171.67138671875,732,1005,976,10,11,3,0,0,0
2772,-581.72265625,1797.166015625,21.95752906799,144.22805786133,213.80944824219,732,1006,976,10,11,3,0,0,0
2773,-392.4453125,1610.3603515625,22.26347160339,95.20694732666,144.88916015625,732,1007,976,10,11,3,0,0,0
2774,-215.5,965.38671875,48.89527893066,120.23166656494,155.97111511231,732,1009,9,10,11,3,0,0,0
2775,-145.140625,1937.1103515625,2.382594347,120.36222076416,174.58084106445,732,1010,976,10,11,3,0,0,0
2776,23.828125,1181.9423828125,15.15327835083,144.76194763184,201.46444702148,732,1011,976,10,11,3,0,0,0
2777,-24.921875,1693.8330078125,27.28063964844,112.27861022949,167.86778259277,732,1011,976,10,11,3,0,0,0
2778,-4106.083984375,-3566.921875,240.08195495606,214.93916320801,294.97778320313,0,1013,13,1013,13,3,0,0,0
2779,5418.88671875,-2783.421875,1516.5749511719,75.64416503906,103.22666168213,1,1014,900,1014,900,3,0,0,0
2780,5366.5517578125,-2987.140625,1552.1833496094,21.72266578674,62.08416748047,1,1014,900,1014,900,3,0,0,0
2781,5612.5517578125,-2827.8125,1515.1472167969,73.60472106934,113.36750030518,1,1015,900,1015,900,3,0,0,0
2782,5587.7216796875,-2748.390625,1501.8527832031,56.8452796936,91.06583404541,1,1015,900,1015,900,3,0,0,0
2783,5184.4423828125,-2969.97265625,1560.0306396484,56.8452796936,91.06583404541,1,1016,900,1016,900,3,0,0,0
2784,-3963.25,-5546.083984375,371.2805480957,231.10528564453,308.15002441406,0,1018,9,969,11,3,0,0,0
2785,-3791.890625,-4559.47265625,325.85556030273,110.4700012207,143.78861999512,0,1018,9,969,11,3,0,0,0
2786,-3271.640625,-5485,277.71166992188,148.50971984863,185.68667602539,0,1018,9,969,11,3,0,0,0
2787,5594.802734375,-792.9453125,339.03610229492,94.32834625244,132.62666320801,1,218,219,480,219,3,0,0,0
2788,-2978.47265625,307.828125,-70.7183380127,819.17779541016,931.58331298828,654,869,9,10,11,3,0,0,0
2789,-3172.640625,1328.5546875,-109.22833251953,570.45001220703,654.23059082031,654,869,9,10,11,3,0,0,0
2790,-2955.72265625,1802.3046875,-18.24716758728,375.85000610352,451.14166259766,654,869,9,10,11,3,0,0,0
2791,-2590.05859375,2085.77734375,32.01500320435,164.53361511231,211.04333496094,654,869,9,10,11,3,0,0,0
2792,-3024.6953125,2284.9990234375,-18.58427810669,498.5305480957,572.17779541016,654,869,9,10,11,3,0,0,0
2793,-2810.890625,2838.609375,-18.59169578552,439.88333129883,502.67501831055,654,869,9,10,11,3,0,0,0
2794,-597.8125,423.52734375,42.32611083984,571.15277099609,624.86663818359,638,869,9,869,11,3,0,0,0
2795,-1331.390625,133.02734375,-252.30751037598,628.78057861328,709.7138671875,638,869,9,869,11,3,0,0,0
2796,-215.111328125,2048.2216796875,-46.9361114502,504.69720458984,563.12225341797,638,869,9,869,11,3,0,0,0
2797,-2045.75,4157.63671875,-399.38333129883,1265.4250488281,1369.5555419922,655,869,9,869,11,3,0,0,0
2798,-3352.47265625,3542.3330078125,-359.45556640625,1418.3638916016,1515.6055908203,655,869,9,10,11,3,0,0,0
2799,-2707.03125,1973.6923828125,45.56722259521,349.75555419922,392.79998779297,656,869,9,869,11,3,0,0,0
2800,-2773.861328125,2849.3330078125,-180.85554504395,622.7138671875,664.51110839844,656,869,9,869,11,3,0,0,0
2801,-2468.25,3154.7216796875,-387.98889160156,750.80279541016,812.10278320313,656,869,9,869,11,3,0,0,0
2802,-1686.583984375,3402.13671875,-120.1869430542,452.82220458984,494.4694519043,656,869,9,869,11,3,0,0,0
2803,-7290.556640625,-2583.75,280.29165649414,224.52139282227,324.75,0,1020,24,1020,24,3,0,0,0
2804,-7023.9453125,-2814.560546875,207.65278625488,159.87446594238,295.79727172852,0,1020,24,1020,24,3,0,0,0
2805,-6852.421875,-3023.060546875,211.50527954102,159.87446594238,295.79727172852,0,1020,24,1020,24,3,0,0,0
2806,-6924.9453125,-3147.78125,336.56945800781,159.87446594238,295.79727172852,0,1020,24,1020,24,3,0,0,0
2807,-6734.056640625,-3098.083984375,268.3772277832,141.83694458008,221.85917663574,0,1020,24,1020,24,3,0,0,0
2808,-4181.9453125,-5117.861328125,-91.07194519043,148.42721557617,213.08306884766,0,1021,304,1021,304,3,0,0,0
2809,4819.88671875,-5097.22265625,193.99223327637,462.52502441406,612.71667480469,1,246,207,458,207,3,0,0,0
2810,116.8046875,1749.4716796875,-9.86789e-06,46.74194335938,79.49111175537,754,1022,9,1022,11,3,0,0,0
2811,-4940.833984375,-3407.671875,304.52221679688,73.86750030518,157.81944274902,0,1018,9,969,11,3,0,0,0
2812,-5839.833984375,-2984.810546875,89.87277984619,111.54083251953,164.36999511719,1,1023,240,1023,240,3,0,0,0
2813,-5782.806640625,-2820.47265625,89.0933380127,133.46113586426,191.79916381836,1,1023,240,1023,240,3,0,0,0
2814,-5837.333984375,-2638.671875,90.85722351074,48.33638763428,101.4375,1,1023,240,1023,240,3,0,0,0
2815,-5771.171875,-2143.8125,99.0636138916,48.33638763428,101.4375,1,1023,240,1023,240,3,0,0,0
2816,-5761.306640625,-2015.25,85.16471862793,92.67166900635,131.14472961426,1,1023,240,1023,240,3,0,0,0
2817,-5700.611328125,-1873.833984375,88.29694366455,92.67166900635,131.14472961426,1,1023,240,1023,240,3,0,0,0
2818,-5644.333984375,-1734.640625,91.19916534424,92.67166900635,131.14472961426,1,1023,240,1023,240,3,0,0,0
2819,-5575.921875,-1621.75,88.47638702393,92.67166900635,131.14472961426,1,1023,240,1023,240,3,0,0,0
2820,-5484.25,-1717.75,49.14027786255,50.95750045776,78.84666442871,1,953,240,953,240,3,0,0,0
2821,6876.5830078125,110.3046875,7.40530586243,43.62277984619,60.08361053467,1,1023,207,1023,207,3,0,0,0
2822,6837.2470703125,183.416015625,18.27324867249,51.76139068604,69.05583190918,1,1023,207,1023,207,3,0,0,0
2823,6872.802734375,267.27734375,11.32225036621,47.3125,70.03833007813,1,1023,207,1023,207,3,0,0,0
2824,4597.2216796875,327.138671875,19.08741569519,43.62277984619,60.08361053467,1,1023,207,1023,207,3,0,0,0
2825,4615.8330078125,394.25,18.55527687073,43.62277984619,60.08361053467,1,1023,207,1023,207,3,0,0,0
2826,4621.52734375,455.8046875,19.13136100769,43.62277984619,60.08361053467,1,1023,207,1023,207,3,0,0,0
2827,3985.6083984375,-2890.1953125,1408.3668212891,276.93081665039,372.79998779297,1,882,9,10,11,3,0,0,0
2828,-36.4453125,-900.083984375,55.08305740356,121.02584075928,173.17138671875,0,1024,33,1024,33,3,0,0,0
2838,-6878.861328125,4983.0673828125,-400.6872253418,61.49044418335,100.53756713867,0,1028,1028,10,1028,3,0,0,0
2839,-7003.828125,4976.3984375,-388.90512084961,61.49044418335,100.53756713867,0,1028,1028,10,1028,3,0,0,0
2840,-7120.5390625,5077.9375,-381.61566162109,61.49044418335,100.53756713867,0,1028,1028,10,1028,3,0,0,0
2841,-7132.201171875,4932.57421875,-374.28295898438,71.78645324707,91.21153259277,0,1028,1028,10,1028,3,0,0,0
2842,-7230.953125,4874.49609375,-371.25546264648,71.78645324707,91.21153259277,0,1028,1028,10,1028,3,0,0,0
2843,-7297.609375,4768.2861328125,-374.17193603516,71.78645324707,91.21153259277,0,1028,1028,10,1028,3,0,0,0
2844,-7307.515625,5045.94921875,-410.59985351563,94.6303024292,120.53024291992,0,1028,1028,10,1028,3,0,0,0
2845,-7358.984375,4921.0498046875,-374.16217041016,71.78645324707,91.21153259277,0,1028,1028,10,1028,3,0,0,0
2846,-7447.609375,4971.32421875,-385.13973999023,71.78645324707,91.21153259277,0,1028,1028,10,1028,3,0,0,0
2847,-7445.619140625,5069.1708984375,-396.81005859375,71.78645324707,91.21153259277,0,1028,1028,10,1028,3,0,0,0
2848,-7438.95703125,5196.5712890625,-371.30270385742,71.78645324707,91.21153259277,0,1028,1028,10,1028,3,0,0,0
2849,-7340.939453125,5240.8466796875,-378.3039855957,71.78645324707,91.21153259277,0,1028,1028,10,1028,3,0,0,0
2850,-7254.75,5235.7890625,-384.30480957031,71.78645324707,91.21153259277,0,1028,1028,10,1028,3,0,0,0
2851,-7158.251953125,5202.68359375,-381.69552612305,71.78645324707,91.21153259277,0,1028,1028,10,1028,3,0,0,0
2852,-7042.427734375,5202.3349609375,-368.48809814453,71.78645324707,91.21153259277,0,1028,1028,10,1028,3,0,0,0
2853,-6925.984375,5184.15234375,-389.48013305664,81.13128662109,113.07691955566,0,1028,1028,10,1028,3,0,0,0
2854,-6827.34375,5173.3583984375,-394.18185424805,63.88085174561,113.07691955566,0,1028,1028,10,1028,3,0,0,0
2856,-2621.048828125,-3177.828125,200.73014831543,111.56298828125,153.98225402832,0,29,13,499,13,3,0,0,0
2857,-2770.705078125,-3352.390625,250.16305541992,55.76095199585,78.77127838135,0,903,304,903,304,3,0,0,0
2858,-5003.111328125,-865.439453125,509.39395141602,54.26962280273,67.13697052002,0,34,35,406,35,3,0,0,0
2859,1440.4609375,-4417.984375,23.89095115662,104.13585662842,177.30255126953,1,910,215,5454,215,3,0,0,0
2862,-4868.8203125,-4278.861328125,325.89785766602,177.14631652832,257.95401000977,0,1030,304,1030,11,3,0,0,0
2863,-4881.900390625,-4259.333984375,560.89776611328,222.30123901367,268.69662475586,0,1030,304,1030,11,3,0,0,0
2864,-4890.04296875,-4237.5078125,821.11315917969,241.52639770508,313.64303588867,0,1030,304,1030,11,3,0,0,0
2865,-10766.296875,-2102.3125,17.12939453125,402.26760864258,455.23040771484,755,1031,9,1031,11,3,0,0,0
2866,-10393.953125,-1872.517578125,76.48197937012,462.94091796875,508.98693847656,755,1031,9,1031,11,3,0,0,0
2867,-10342.830078125,-1551.986328125,83.14328765869,327.93035888672,390.35897827148,755,1031,9,1031,11,3,0,0,0
2868,-10240.76953125,-1158.328125,73.4983291626,386.77682495117,429.59457397461,755,1031,9,1031,11,3,0,0,0
2869,-10583.87890625,-882.25,84.2622833252,328.78765869141,379.03408813477,755,1031,9,1031,11,3,0,0,0
2870,-10945.998046875,-775.671875,103.47252655029,381.978515625,434.91604614258,755,1031,9,1031,11,3,0,0,0
2871,-11261.453125,-732.78125,50.79290771484,455.60461425781,534.37194824219,755,1031,9,1031,11,3,0,0,0
2872,-10352.8828125,-605.796875,139.44596862793,478.9114074707,530.95672607422,755,1031,9,1031,11,3,0,0,0
2873,-11603.455078125,-1076.625,71.10001373291,407.75003051758,466.34353637695,755,1031,9,1031,11,3,0,0,0
2874,-11611.998046875,-1558.71875,38.43799591064,360.58056640625,420.54211425781,755,1031,9,1031,11,3,0,0,0
2875,-11516.556640625,-1902.265625,57.55686569214,380.11499023438,429.87161254883,755,1031,9,1031,11,3,0,0,0
2876,-11167.609375,-2165.521484375,56.03813552856,461.89730834961,499.1071472168,755,1031,9,1031,11,3,0,0,0
2924,-5064.734375,-5437.25,27.37700843811,139.39822387695,188.2315826416,0,914,9,10,11,3,0,0,0
2925,-5138.525390625,-5567.779296875,29.52419662476,139.39822387695,188.2315826416,0,914,9,10,11,3,0,0,0
2927,11479.956054688,10285.326171875,0,63.95529556274,117.91372680664,605,426,1038,1038,11,3,0,0,0
2928,11494.029296875,10075.680664062,0,87.53422546387,117.91372680664,605,1037,9,10,11,3,0,0,0
2929,11334.547851562,10135.883789062,0,87.53422546387,117.91372680664,605,1037,9,10,11,3,0,0,0
2931,11167.54296875,10354.565429688,0,35.6248550415,67.75141143799,605,8,9,10,11,3,0,0,0
2932,11451.552734375,10280.203125,0,18.09162139893,22.82941436768,605,1037,9,10,11,3,0,0,0
3236,0,0,0,2.77777791023,60.31244277954,669,1039,9,1039,11,3,0,0,0
3248,0,0,0,2.77770853043,3.87687921524,861,1045,1045,1045,1045,3,0,0,0
3249,-83.580078125,213.26171875,76.20874023438,35.49856185913,57.75869369507,720,1042,1042,1042,1042,3,0,0,0
3251,0,0,0,2.79166674614,6.54850530624,859,1043,345,1043,345,3,0,0,0
3252,-11575.962890625,-1304.125,77.52739715576,86.74755096436,131.53646850586,859,1044,9,1044,11,3,0,0,0
3254,0,0,181.40292358398,74.31717681885,86.43202972412,720,3042,3042,3042,3042,3,0,0,0
3260,-373.046875,-319.28125,99.86924743652,26.38594245911,40.10581588745,720,1046,1046,1046,1046,3,0,0,0
3262,0,0,0,59.66751861572,101.14167022705,930,1047,1047,1047,1047,3,0,0,0
3263,-2668.560546875,-5020.515625,20.60647201538,68.92733001709,97.00115966797,930,953,9,953,11,3,0,0,0
3264,-2660.48828125,-4950.392578125,30.58249282837,31.7756729126,54.61200332642,930,953,9,953,11,3,0,0,0
3265,-2514.376953125,-4944.51953125,34.56643295288,31.7756729126,54.61200332642,930,953,9,953,11,3,0,0,0
3273,0,0,0,27.29456138611,32.05095672607,661,853,849,983,849,3,0,0,0
3274,-4029.37890625,-6416.078125,38.796875,168.35707092285,232.88571166992,736,3040,3033,3040,3033,3,0,0,0
3275,1009.94921875,-53.484375,35.49763870239,176.95686340332,382.56506347656,720,1055,3020,1055,3022,3,0,0,0
3277,1707.16796875,-57.111328125,50.86178207397,117.70628356934,176.92094421387,720,1056,3020,1056,3022,3,0,0,0
3289,0,0,0,2.07821941376,2.09905338287,968,532,9,532,11,3,0,0,0
3329,0,0,0,2.79166674614,3.88629102707,938,1059,9,1059,11,3,0,0,0
3349,350.015625,3905.4267578125,82.97010803223,137.69175720215,200.79547119141,860,1063,1053,1063,11,3,0,0,0
3354,-4.875,188.498046875,47.1722946167,40.65440750122,57.05992889404,720,3042,3042,3042,3042,3,0,0,0
3378,0,0,0,1.72747552395,1.79779684544,939,1119,9,1119,11,3,0,0,0
3382,0,0,0,50.56620788574,62.75848770142,720,1042,3020,1042,3022,3,0,0,0
3383,-1321.78515625,769.46484375,233.05197143555,66.61013031006,89.17646789551,870,1069,1974,1069,11,3,0,0,0
3384,0,0,0,30.89353179932,42.50731658936,720,1042,1042,1042,1042,3,0,0,0
3387,17048.015625,17001.966796875,29.23209571838,2.64183211327,2.64183211327,870,776,1973,776,11,3,0,0,0
3389,970.79296875,3372.0244140625,130.9665222168,88.85578155518,124.47495269775,860,1071,9,1071,11,3,0,0,0
3390,990.6611328125,3202.4716796875,114.01584625244,124.73975372315,157.96580505371,860,1071,9,1071,11,3,0,0,0
3391,997.4423828125,3017.9580078125,85.51665496826,178.9249420166,226.94609069824,860,1071,9,1071,11,3,0,0,0
3392,933.79296875,2785.958984375,84.70545959473,110.05638122559,162.9312286377,860,1071,9,1071,11,3,0,0,0
3394,2210.1923828125,800.02734375,-17.05349159241,88.81192016602,103.84306335449,938,1073,9,1073,11,3,0,0,0
3395,-4017.59375,6403.34375,9.62109375,187.4475402832,310.51370239258,974,1076,1127,1076,1127,3,0,0,0
3396,0,0,0,0.26952064037,1.43679058552,974,1130,1127,1130,1127,3,0,0,0
3398,-4392.65625,6394.10546875,9.62109375,277.13726806641,398.25747680664,974,1076,1127,1076,1127,3,0,0,0
3399,-4640.765625,6515.0390625,-24.47764778137,277.13726806641,398.25747680664,974,1076,1127,1076,1127,3,0,0,0
3400,3647.2705078125,570.54296875,627.00610351563,306.8967590332,635.65753173828,870,1258,20,1258,20,3,0,0,0
3402,1175.916015625,-3285.375,344.38027954102,27.09744644165,35.44384384155,870,1106,1080,1445,11,3,0,0,0
3403,2343.6240234375,-1515.09375,927.77075195313,91.4171295166,91.4171295166,870,1085,1080,1446,11,3,0,0,0
3410,3097.7236328125,-1303.71875,-1.69651126862,348.72894287109,498.17376708984,870,1082,1080,1445,11,3,0,0,0
3411,2840.4267578125,-1910.59375,75.36297607422,296.73309326172,367.41729736328,870,1082,1080,1445,11,3,0,0,0
3412,3151.63671875,-721.5625,63.78522491455,249.25791931152,353.24130249023,870,1082,1080,1445,11,3,0,0,0
3413,428.375,-2196.765625,-113.93665313721,258.04180908203,353.3466796875,870,1082,1080,1445,11,3,0,0,0
3415,-323.390625,-2988.1328125,-61.59276580811,318.45892333984,486.55377197266,870,1083,1080,1445,11,3,0,0,0
3416,156.998046875,-2813.546875,27.38585281372,192.52735900879,351.42111206055,870,1083,1080,1445,11,3,0,0,0
3417,-291.640625,-2367.943359375,-2.86953926086,349.99203491211,494.19570922852,870,1083,1080,1445,11,3,0,0,0
3454,2825.6611328125,39.9375,0.12904092669,267.27041625977,267.27041625977,938,1095,9,1095,11,3,0,0,0
3465,-13850.5,-13721.29296875,91.8254776001,1001.4108276367,1653.5235595703,967,1124,9,10,11,3,0,0,0
3467,-13.265625,591.609375,374.96084594727,4.1788687706,9.21923542023,870,1107,960,1386,11,3,0,0,0
3471,0,0,0,16.99176025391,27.52005958557,959,1110,20,1110,20,3,0,0,0
3472,17045.826171875,16961.845703125,79.30960083008,12.67200946808,21.12617492676,870,1110,20,1110,20,3,0,0,0
3476,-2261.28515625,-2772.046875,70.80219268799,70.75040435791,86.69606781006,967,1114,9,1114,11,3,0,0,0
3478,-1776.390625,-2401.40625,32.33854293823,146.81452941895,191.59593200684,967,792,9,792,11,3,0,0,0
3499,0,0,0,102.32720184326,146.97119140625,940,1114,9,1114,11,3,0,0,0
3500,3546.1923828125,274,-36.37662506104,176.84129333496,218.03089904785,940,792,9,792,11,3,0,0,0
3519,-2659.248046875,-2337.15625,86.20072174072,86.71366119385,146.11584472656,967,1114,9,1114,11,3,0,0,0
3520,-11943.34375,12063.376953125,-74.38227081299,891.64947509766,1008.8350830078,967,1120,9,1120,11,3,0,0,0
3522,13119.287109375,-12232.04296875,-222.22222900391,1924.9385986328,2438.9487304688,967,1105,9,10,11,3,0,0,0
3523,13109.481445312,13369.551757812,0,1348.2568359375,1563.3249511719,967,1115,9,10,11,3,0,0,0
3524,845.15234375,4344.68359375,236.28205871582,38.49066543579,88.86193847656,860,1116,1053,1116,1053,3,0,0,0
3525,0,0,0,11.65481281281,13.65733337402,860,1052,1053,1052,1053,3,0,0,0
3526,842.2998046875,4795.0517578125,218.56793212891,273.31652832031,319.0739440918,860,1052,1053,1052,1053,3,0,0,0
3529,-10146.03515625,-2829.78515625,23.64024543762,137.05653381348,163.89601135254,751,3025,3020,3034,3022,3,0,0,0
3537,-2225.86328125,-1625.671875,251.74273681641,590.08929443359,964.93566894531,870,1121,9,1121,11,3,0,0,0
3538,-2176.015625,-2545.640625,239.70567321777,542.23577880859,1014.4661865234,870,1121,9,1121,11,3,0,0,0
3539,-2223.984375,-798.328125,260.67056274414,560.71710205078,906.36126708984,870,1121,9,1121,11,3,0,0,0
3551,-3646.251953125,6346.0986328125,160.6639251709,82.17848205566,163.68305969238,974,1129,1127,1129,805,3,0,0,0
3552,314.640625,-3.78125,30.83016014099,206.92903137207,236.12619018555,730,1131,9,1131,11,3,0,0,0
3553,-12343.828125,13207.154296875,45.54075241089,30.57539176941,44.34644317627,967,1131,9,1131,11,3,0,0,0
3555,6344.40234375,504.953125,108.54588317871,60.12210464478,60.12210464478,870,1139,9,10,11,3,0,0,0
3556,807.01171875,-198.890625,405.33135986328,109.63842010498,169.55171203613,870,1136,9,1470,11,3,0,0,0
3557,687.2041015625,-126.40625,336.40811157227,66.85928344727,107.15177154541,870,1136,9,1470,11,3,0,0,0
3561,-12140.515625,12089.40234375,-204.24061584473,201.66145324707,204.89068603516,967,1138,1138,1138,1138,3,0,0,0
3562,-12098.85546875,12166.58984375,-225.24961853027,220.35307312012,222.69445800781,967,1138,1138,1138,1138,3,0,0,0
3563,-12058.578125,12242.08984375,-199.32431030273,191.25805664063,193.79693603516,967,1138,1138,1138,1138,3,0,0,0
3564,-11961.7890625,12305.220703125,-196.21000671387,190.46730041504,192.79232788086,967,1138,1138,1138,1138,3,0,0,0
3565,-12814.744140625,12811.9140625,2.30698800087,62.41883850098,90.53417205811,967,1140,1140,1140,1140,3,0,0,0
3566,4316.2578125,635.32421875,43.29958724976,156.06031799316,201.45288085938,940,792,9,792,11,3,0,0,0
3583,3244.51171875,531.51171875,535.42449951172,74.08922576904,389.97445678711,870,1258,20,1258,20,3,0,0,0
3584,2703.4892578125,1497.2509765625,731.41955566406,20.71595573425,20.71595573425,870,1258,9,1258,11,3,0,0,0
3592,1208.5361328125,1291.1923828125,893.82409667969,53.79712295532,53.79712295532,870,1117,1274,1117,1274,3,0,0,0
3597,-58.177734375,908.41796875,160.88899230957,33.27659988403,70.23111724854,870,1152,9,1386,11,3,0,0,0
3604,240.59375,1979.9990234375,162.07986450195,111.42640686035,150.96528625488,870,1154,9,1386,11,3,0,0,0
3605,61.541015625,2024.2177734375,140.26914978027,114.15952301025,200.13209533691,870,1154,9,1386,11,3,0,0,0
3606,-52.640625,1623.13671875,235.63932800293,113.7520904541,153.37455749512,870,1155,1153,1386,11,3,0,0,0
3612,777.19921875,-351.234375,396.77798461914,48.04417800903,84.62719726563,870,1136,9,1470,11,3,0,0,0
3613,-1127.9375,-474.390625,0.88072377443,93.08671569824,136.28684997559,870,1156,9,1156,11,3,0,0,0
3614,-1156.734375,-361.5,0.97178822756,62.95077133179,101.23919677734,870,1156,9,1156,11,3,0,0,0
3620,17051.373046875,17004.935546875,101.87489318848,0.34177356958,0.69622194767,870,1161,1226,1161,1226,3,0,0,0
3676,2173.63671875,378.212890625,476.04611206055,105.14958190918,223.6653137207,870,1359,1226,1359,1226,3,0,0,0
3677,2241.5810546875,254.34375,458.10247802734,74.4718170166,169.25576782227,870,1359,1226,1359,1226,3,0,0,0
3678,2018.51171875,245.685546875,463.75765991211,74.4718170166,169.25576782227,870,1359,1226,1359,1226,3,0,0,0
3679,2870.3173828125,1089.0361328125,599.90637207031,92.8963394165,246.3706817627,870,1258,9,1258,11,3,0,0,0
3681,1511.6455078125,-1284.8828125,223.96041870117,66.62133026123,128.23054504395,870,1229,1080,1445,11,3,0,0,0
3683,1464.01171875,-1210.984375,220.32649230957,82.55210876465,153.72265625,870,1229,1080,1445,11,3,0,0,0
3684,1637.962890625,-1199.484375,223.2744140625,66.62133026123,128.23054504395,870,1229,1080,1445,11,3,0,0,0
3685,17065.296875,17043.642578125,-51.986328125,3.89799284935,4.88217592239,870,1358,1080,1358,1080,3,0,0,0
3686,908.2353515625,601.900390625,-2.712674e-05,105.58881378174,135.26472473145,1004,1232,39,1232,39,3,0,0,0
3687,1100.6884765625,646.712890625,0.12150064856,52.08477401733,69.79822540283,1004,1233,39,1233,39,3,0,0,0
3688,1148.4296875,567.26171875,0.11810980737,93.68304443359,105.26892852783,1004,1233,39,1233,39,3,0,0,0
3689,1137.7392578125,725.63671875,5.26215267181,93.68304443359,105.26892852783,1004,1233,39,1233,39,3,0,0,0
3690,921.2734375,540.65625,12.90810108185,64.92259216309,75.02484893799,1001,1232,9,1232,11,3,0,0,0
3691,1018.26171875,498.951171875,12.90611457825,56.13776016235,63.23338699341,1001,1232,9,1232,11,3,0,0,0
3692,3010.2080078125,2931.44921875,407.1669921875,102.29753112793,394.16342163086,870,1237,9,1237,11,3,0,0,0
3694,17050.533203125,17056.845703125,101.44930267334,0.7426918149,1.1685898304,870,1224,1226,1224,1226,3,0,0,0
3717,-159.16015625,1598.15234375,245.09321594238,28.40460205078,107.84629821777,870,1155,1153,1386,11,3,0,0,0
3718,114.701171875,1319.76171875,216.92207336426,35.75406646729,128.91111755371,870,1234,9,1386,11,3,0,0,0
3719,248.9375,1264.51171875,217.23573303223,35.75406646729,128.91111755371,870,1234,9,1386,11,3,0,0,0
3720,417.25,1205.63671875,216.77717590332,35.75406646729,128.91111755371,870,1234,9,1386,11,3,0,0,0
3721,-6.171875,1344.44921875,218.77932739258,35.75406646729,128.91111755371,870,1234,9,1386,11,3,0,0,0
3722,-163.75,1369.0517578125,215.65188598633,35.75406646729,128.91111755371,870,1234,9,1386,11,3,0,0,0
3724,-271.734375,1439.40234375,231.32061767578,35.75406646729,128.91111755371,870,1234,9,1386,11,3,0,0,0
3725,-189.53125,1278.4423828125,199.97750854492,35.75406646729,128.91111755371,870,1234,9,1386,11,3,0,0,0
3726,-4.037109375,1232.5517578125,200.4599609375,35.75406646729,128.91111755371,870,1234,9,1386,11,3,0,0,0
3727,414.78125,3604.833984375,93.2717590332,168.18704223633,240.82595825195,860,1063,1053,1063,11,3,0,0,0
3729,0,0,0,14.28611373901,26.01880645752,998,1322,1274,1322,1274,3,0,0,0
3732,535.591796875,-733.78125,243.61212158203,176.18702697754,276.12503051758,870,1482,1080,1445,1080,3,0,0,0
3733,250.84375,-729.84375,232.21459960938,176.19396972656,299.02490234375,870,1482,1080,1445,1080,3,0,0,0
3747,0,0,0,25.03129196167,35.35626983643,976,1063,1053,1063,1053,3,0,0,0
3748,0,0,0,23.49705505371,29.8660697937,975,1063,1053,1063,1053,3,0,0,0
3750,-4696.90625,-4219.671875,-6.300116539,2.7776389122,47.28639984131,1019,3031,3032,3031,3032,3,0,0,0
3751,-3736.53125,-4459.453125,-11.45220279694,175.75877380371,393.97601318359,1019,3046,3032,3046,3032,3,0,0,0
3752,1233.9248046875,1686.19921875,501.66644287109,8.62288379669,14.12295246124,870,1257,9,1257,11,3,0,0,0
3814,-588.34375,3201.1611328125,146.72645568848,72.12830352783,107.51835632324,870,1280,13,1280,0,3,0,0,0
3838,-539.78125,3264.2861328125,146.65217590332,49.63496398926,97.98608398438,870,1280,13,1280,0,3,0,0,0
3839,1208.6611328125,3302.96484375,157.54243469238,67.83925628662,104.34313201904,870,1280,1226,1280,1226,3,0,0,0
3840,1221.9384765625,3140.4404296875,170.2287902832,94.43294525146,147.04063415527,870,1280,1226,1280,1226,3,0,0,0
3841,1316.587890625,3076.79296875,211.03651428223,52.50009155273,146.96151733398,870,1280,1226,1280,1226,3,0,0,0
3842,1199.26171875,3355.82421875,162.2082824707,19.56091499329,128.36692810059,870,1280,1226,1280,1226,3,0,0,0
3844,1178.0517578125,3484.48046875,108.82330322266,19.56091499329,128.36692810059,870,1280,1226,1280,1226,3,0,0,0
3853,591.9921875,4132.43359375,202.79829406738,78.79848480225,104.89450836182,870,1302,1226,1302,1226,3,0,0,0
3854,592.921875,4032.7529296875,204.21479797363,52.10726928711,86.94546508789,870,1302,1226,1302,1226,3,0,0,0
3859,16123.521484375,16666.212890625,8.64366340637,1.97440695763,14.59309768677,451,12,9,0,0,3,0,0,0
3866,958.9423828125,2425.7998046875,300.29452514648,50.68656158447,129.71481323242,870,1344,1226,1344,1226,3,0,0,0
3867,957.49609375,2506.9716796875,293.19613647461,50.68656158447,119.02011871338,870,1344,1226,1344,1226,3,0,0,0
3868,948.60546875,2599.3798828125,284.44940185547,50.68656158447,122.60398864746,870,1344,1226,1344,1226,3,0,0,0
3869,973.6748046875,2665.90234375,272.46279907227,50.68656158447,121.2557220459,870,1344,1226,1344,1226,3,0,0,0
3870,969.9580078125,2775.62109375,255.04254150391,50.68656158447,128.30255126953,870,1344,1226,1344,1226,3,0,0,0
3871,929.7236328125,2861.0361328125,247.90289306641,73.75458526611,145.12579345703,870,1344,1226,1344,1226,3,0,0,0
3872,828.712890625,2975.7861328125,220.7180480957,156.88697814941,266.20559692383,870,1344,1226,1344,1226,3,0,0,0
3873,733.5517578125,3216.4248046875,209.283203125,122.15268707275,250.11170959473,870,1344,1226,1344,1226,3,0,0,0
3874,627.26171875,3410.0830078125,208.25299072266,97.39095306396,212.84005737305,870,1344,1226,1344,1226,3,0,0,0
3875,531.6875,3519.08984375,208.79795837402,97.39095306396,200.9119720459,870,1344,1226,1344,1226,3,0,0,0
3876,482.853515625,3677.52734375,213.14366149902,82.67967224121,185.88940429688,870,1344,1226,1344,1226,3,0,0,0
3877,433.294921875,3795.0185546875,218.01768493652,82.67967224121,184.98844909668,870,1344,1226,1344,1226,3,0,0,0
3878,-358.578125,2545.5751953125,143.86349487305,72.17678070068,114.37200164795,870,1344,1226,1344,1226,3,0,0,0
3879,-342.75,2633.57421875,138.06358337402,82.67967224121,162.62161254883,870,1344,1226,1344,1226,3,0,0,0
3880,-320.71875,2758.0986328125,133.0280456543,82.67967224121,165.25971984863,870,1344,1226,1344,1226,3,0,0,0
3881,-288.46875,2874.38671875,127.30272674561,82.67967224121,167.33732604981,870,1344,1226,1344,1226,3,0,0,0
3882,-252.876953125,3001.8642578125,125.50965881348,82.67967224121,177.81774902344,870,1344,1226,1344,1226,3,0,0,0
3883,-228.72265625,3127.60546875,120.91792297363,82.67967224121,124.36538696289,870,1344,1226,1344,1226,3,0,0,0
3884,-222.240234375,3300.755859375,125.85791015625,150.17460632324,265.68106079102,870,1344,1226,1344,1226,3,0,0,0
3885,-210.359375,3488.18359375,104.80256652832,131.80424499512,265.46337890625,870,1344,1226,1344,1226,3,0,0,0
3886,-169.708984375,3674.0595703125,133.91877746582,122.65238189697,161.36183166504,870,1344,1226,1344,1226,3,0,0,0
3887,-121.9843826294,3856.96484375,157.33447265625,122.65238189697,161.36183166504,870,1344,1226,1344,1226,3,0,0,0
3888,105.8281326294,4181.13671875,263.59548950195,370.6748046875,618.75927734375,870,1344,1226,1344,1226,3,0,0,0
3895,-330.046875,2335.16796875,157.45196533203,66.91736602783,138.89781188965,870,1360,1226,1360,1226,3,0,0,0
3896,-316.28125,2271.2861328125,148.59294128418,56.10144805908,165.05470275879,870,1360,1226,1360,1226,3,0,0,0
3897,-307.390625,2191.68359375,126.76109313965,80.95459747314,144.99612426758,870,1360,1226,1360,1226,3,0,0,0
3898,-390.458984375,2174.6923828125,121.5330581665,24.12968063354,43.80755996704,870,1360,1226,1360,1226,3,0,0,0
3899,835.8603515625,-1876.173828125,62.91558074951,138.6989440918,205.99688720703,870,1358,1226,1358,1226,3,0,0,0
3900,835.4248046875,-1866.953125,88.77639770508,251.23799133301,301.88323974609,972,3045,3043,3044,3043,3,0,0,0
3903,622.28125,3896.7099609375,80.6067199707,137.69175720215,200.79547119141,860,1063,1053,1063,11,3,0,0,0
3904,2014.7490234375,2020.2177734375,453.07208251953,41.41885757446,118.39095306397,870,1359,1226,1359,1226,3,0,0,0
3905,1981.1552734375,2144.23046875,453.03536987305,41.41885757446,112.262550354,870,1359,1226,1359,1226,3,0,0,0
3906,1983.7080078125,2213.1923828125,451.74090576172,38.88122940063,81.71562194824,870,1359,1226,1359,1226,3,0,0,0
3907,2031.76171875,2268.3486328125,452.04156494141,27.42632675171,82.53983306885,870,1359,1226,1359,1226,3,0,0,0
3910,0,0,0,11.09980773926,16.38408279419,961,1351,9,1351,0,3,0,0,0
3911,0,0,0,44.86330413818,58.9034614563,960,1352,1080,1352,1080,3,0,0,0
3912,0,0,0,23.11746788025,37.33404922485,1043,247,9,247,0,3,0,0,0
3913,1558.541015625,-229.59375,565.10797119141,155.83079528809,181.28413391113,870,1365,9,1386,11,3,0,0,0
3914,1924.2177734375,3329.3017578125,266.22647094727,115.36392211914,148.32997131348,870,1353,1226,1353,1226,3,0,0,0
3915,1899.7998046875,3169.26171875,264.37673950195,115.36392211914,148.32997131348,870,1353,1226,1353,1226,3,0,0,0
3916,1835.322265625,2985.0458984375,291.30676269531,115.36392211914,148.32997131348,870,1353,1226,1353,1226,3,0,0,0
3917,1810.181640625,2851.099609375,291.3039855957,115.36392211914,148.32997131348,870,1353,1226,1353,1226,3,0,0,0
3919,-1731.265625,1038.21484375,15.28841114044,147.39045715332,245.7882232666,870,1356,9,1356,0,3,0,0,0
3920,0,0,0,38.54849624634,55.51420974731,962,1257,9,1257,0,3,0,0,0
3921,0,0,0,51.16696166992,63.46161270142,996,1117,1274,1117,1274,3,0,0,0
3922,0,0,0,59.26249313354,87.95446777344,1009,1327,9,1327,0,3,0,0,0
3923,0,0,0,107.91458129883,156.93980407715,1011,1161,1226,1161,1226,3,0,0,0
3924,0,0,0,67.27223968506,115.83422851563,980,884,9,884,0,3,0,0,0
3925,0,0,0,58.91817855835,83.94940185547,1010,915,946,915,946,3,0,0,0
3926,-3815.203125,-4535.671875,27.51497459412,321.06182861328,418.46395874023,999,256,257,495,257,3,0,0,0
3928,0,0,0,321.06182861328,508.81509399414,999,1364,1364,1364,1364,3,0,0,0
3929,-3807.21875,-4535.71875,27.4384765625,322.96655273438,422.13125610352,1000,256,257,256,257,3,0,0,0
3930,0,0,0,373.28897094727,494.57656860352,1000,1364,1364,1364,1364,3,0,0,0
3931,2220.5234375,-1088.423828125,424.11767578125,194.54280090332,284.25073242188,1005,1230,9,1230,0,3,0,0,0
3932,0,0,0,65.45088195801,96.48767089844,1005,1366,1366,1366,1366,3,0,0,0
3934,3919.3017578125,1773.4384765625,904.33465576172,242.44876098633,369.06683349609,1014,1300,20,1110,20,3,0,0,0
3935,0,0,0,242.44876098633,369.06683349609,1014,1368,1368,1368,1368,3,0,0,0
3936,1981.48046875,-1947.375,212.65614318848,144.46971130371,186.74748229981,1024,1106,1080,1106,1080,3,0,0,0
3937,0,0,0,134.4797668457,165.25801086426,1024,1369,1369,1369,1369,3,0,0,0
3938,3030.6923828125,-1892.5703125,-5.19965267181,629.88305664063,801.39410400391,1028,1106,1080,1082,1080,3,0,0,0
3939,0,0,0,50.0085144043,75.92362213135,1035,1322,1274,1322,1274,3,0,0,0
3940,0,0,0,104.19940948486,152.74375915527,1048,1370,1370,1370,1370,3,0,0,0
3941,-2668.484375,1061.3642578125,0.11778478324,52.36284255981,85.73509216309,1048,1069,1450,1069,1365,3,0,0,0
3946,2088.16796875,4808.96875,154.01844787598,765.09820556641,948.68774414063,1049,1161,1226,1161,1226,3,0,0,0
3947,0,0,0,27.18683052063,42.87980270386,1049,1371,1226,1371,1226,3,0,0,0
3948,-884.12890625,4254.3984375,-0.3817204535,37.48903656006,37.48903656006,1050,1224,1226,1224,1226,3,0,0,0
3949,0,0,0,486.32266235352,652.19494628906,1050,1372,1372,1372,1372,3,0,0,0
3953,1792.71484375,283.513671875,488.15853881836,223.99189758301,295.20849609375,1051,776,9,776,9,3,0,0,0
3957,186.640625,3584.6748046875,256.21475219727,82.67967224121,255.8635559082,870,1344,1226,1344,1226,3,0,0,0
3958,-397.412109375,3419.7861328125,177.98915100098,56.15395355225,107.70010375977,870,1344,1226,1344,1226,3,0,0,0
3963,-2752.9453125,1078.35546875,13.24055957794,52.36284255981,103.34007263184,1048,1069,1450,1069,1365,3,0,0,0
3965,-2782.765625,975.3798828125,-1.14051651955,115.12185668945,147.62300109863,1048,1069,1450,1069,1365,3,0,0,0
3966,-2913.556640625,869.5029296875,2.35904955864,170.66871643066,223.82710266113,1048,1069,1450,1069,1365,3,0,0,0
3967,-2949.111328125,722.369140625,3.82855916023,162.80337524414,227.75889587402,1048,1069,1450,1069,1365,3,0,0,0
3968,-2859.716796875,550.634765625,33.61111068726,150.01770019531,205.16984558106,1048,1069,1450,1069,1365,3,0,0,0
3969,945.9580078125,-133.390625,430.97222900391,109.63842010498,169.55171203613,870,1136,9,1470,11,3,0,0,0
3970,1144.7353515625,-79.984375,476.72622680664,109.63842010498,169.55171203613,870,1136,9,1470,11,3,0,0,0
3971,0,0,0,152.48289489746,223.57783508301,1008,1375,9,1375,0,3,0,0,0
3972,478.265625,4083.44921875,193.6533203125,152.65908813477,242.4736328125,860,1063,1053,1063,11,3,0,0,0
3987,906.587890625,988.291015625,463.03900146484,58.01875686646,95.31847381592,870,1117,1274,1117,1274,3,0,0,0
3988,1215.08984375,1021.9647827148,423.25033569336,58.01875686646,95.31847381592,870,1117,1274,1117,1274,3,0,0,0
3989,1476.244140625,995.6884765625,434.00509643555,58.01875686646,95.31847381592,870,1117,1274,1117,1274,3,0,0,0
3990,1385.4072265625,1045.43359375,516.07769775391,58.01875686646,95.31847381592,870,1117,1274,1117,1274,3,0,0,0
3993,5398.6240234375,7059.51171875,-26.81287765503,823.14807128906,1120.8441162109,870,1387,1387,1387,1387,3,0,0,0
4001,-1744.5625,-3814.31640625,-266.91607666016,234.23478698731,399.0178527832,996,1436,9,0,0,3,0,0,0
4011,5392.01171875,6351.0673828125,-36.30154037476,823.14807128906,985.24108886719,870,1387,1387,1387,1387,3,0,0,0
4012,5283.515625,5468.12109375,-41.50206375122,741.85119628906,859.69879150391,870,1387,1387,1387,1387,3,0,0,0
4013,5374.15234375,4686.4111328125,-214.26722717285,760.65051269531,971.99737548828,870,1387,1387,1387,1387,3,0,0,0
4014,6289.26171875,4353.2578125,-68.63430786133,823.14807128906,1120.8441162109,870,1387,1387,1387,1387,3,0,0,0
4015,6910.3427734375,4341.6796875,-285.36904907227,823.14807128906,1120.8441162109,870,1387,1387,1387,1387,3,0,0,0
4047,0,0,0,63.4425239563,73.814453125,1064,1537,1502,1537,1502,3,0,0,0
4087,2170.0615234375,-1931.53125,220.07438659668,100.80798339844,146.50839233398,1024,1106,1080,1106,1080,3,0,0,0
4089,0,0,0,34.61528396606,47.44473266602,1051,1435,1435,1435,1435,3,0,0,0
4090,-5092.609375,4564.3330078125,145.27569580078,290.29867553711,390.05633544922,996,1436,9,1436,0,3,0,0,0
4103,429.390625,1647.0166015625,547.30157470703,80.64743804932,144.54096984863,870,1257,9,1257,11,3,0,0,0
4121,2071.509765625,-2005.8125,222.38204956055,136.8384552002,180.49853515625,1024,1106,1080,1106,1080,3,0,0,0
4122,0,0,0,2.73597621918,3.92141675949,1075,256,257,256,257,3,0,0,0
4130,535.591796875,-733.78125,437.0934753418,176.18702697754,276.12503051758,870,1482,1080,1445,1080,3,0,0,0
4131,-4120.78515625,-4168.9453125,397.85049438477,302.94680786133,327.04122924805,999,1483,257,1483,257,3,0,0,0
4132,-3614.515625,-4097.171875,358.17327880859,295.61190795898,316.46887207031,999,1483,257,1483,257,3,0,0,0
4133,-4063.734375,-4074.375,404.73175048828,349.14892578125,384.02142333984,1000,1483,257,1483,257,3,0,0,0
4134,-3601.125,-4262.390625,413.25061035156,349.14892578125,384.02142333984,1000,1483,257,1483,257,3,0,0,0
4135,-3874.869140625,-3946.9140625,404.78408813477,295.61190795898,316.46887207031,999,1483,257,1483,257,3,0,0,0
4136,0,0,0,27.09744644165,35.44384384155,870,1484,1080,1484,11,3,0,0,0
4139,2359.4677734375,-3324.921875,0.85069447756,329.08163452148,451.58151245117,870,1485,1080,1486,11,3,0,0,0
4155,7017.10546875,5024.8154296875,103.60166168213,64.40760803223,73.47088623047,1064,1545,1423,1545,1423,3,0,0,0
4156,0,0,0,21.76504898071,32.48272323608,1101,1501,9,1501,0,3,0,0,0
4157,1313.3798828125,45.5,74.76605987549,84.25905609131,148.24893188477,1101,1327,9,1327,0,3,0,0,0
4160,6560.2548828125,6206.2080078125,26.74789428711,159.07246398926,187.40243530273,1064,1503,1504,1503,1504,3,0,0,0
4177,6722.6455078125,6238.38671875,25.11667251587,125.65727996826,157.75756835938,1064,1503,1504,1503,1504,3,0,0,0
4178,6390.7392578125,6251.9736328125,51.9327545166,94.78697967529,127.84452056885,1064,1503,1504,1503,1504,3,0,0,0
4206,0,0,0,0.5372018218,0.62771761417,1061,3047,3020,3047,3022,3,0,0,0
4207,0,0,0,1.83517813683,4.17348718643,1062,3047,3020,3047,3022,3,0,0,0
4208,-677.689453125,-709.00390625,14.47992610931,49.89881134033,127.55673980713,1062,1511,3020,3047,3022,3,0,0,0
4210,-1852.814453125,2386.4267578125,12.96348762512,100.7255935669,173.25241088867,1061,3049,3020,3049,3022,3,0,0,0
4223,0,0,0,0.24594067037,66.19990539551,1112,604,306,604,306,3,0,0,0
4226,5931.8173828125,5533.44921875,30.49888801575,174.03958129883,226.76420593262,1064,1524,1525,1524,1525,3,0,0,0
4227,7242.5205078125,5270.40234375,32.40753173828,8.45580482483,95.1275177002,1064,1528,1423,1528,1423,3,0,0,0
4228,7192.3017578125,5318.9873046875,29.99302101135,9.67586040497,109.68998718262,1064,1528,1423,1528,1423,3,0,0,0
4229,-2015.943359375,2227.29296875,-0.57421344519,435.27383422852,558.59747314453,1102,775,9,775,9,3,0,0,0
4230,0,0,0,117.92920684815,174.18476867676,1102,1512,1512,1512,1512,3,0,0,0
4231,-194.140625,-54.578125,8.48596e-06,0.4464751482,0.44651985168,1103,775,9,775,9,3,0,0,0
4243,0,0,0,111.05362701416,143.51477050781,1104,1069,9,1069,9,3,0,0,0
4244,-1766.390625,1048.384765625,15.28841114044,180.46296691895,268.34448242188,1104,1356,9,1356,9,3,0,0,0
4245,-1573.146484375,170.99609375,-4.27907991409,286.34518432617,420.71038818359,1104,1370,1370,1370,1370,3,0,0,0
4246,-1241.96875,101.9843826294,15.27495670319,286.34518432617,420.71038818359,1104,1370,1370,1370,1370,3,0,0,0
4247,-897.896484375,58.625,0.92556422949,286.34518432617,420.71038818359,1104,1370,1370,1370,1370,3,0,0,0
4248,-1887.875,331.265625,-45.20681381226,286.34518432617,420.71038818359,1104,1370,1370,1370,1370,3,0,0,0
4249,-2072.046875,515.5,-7.06509828568,253.73399353027,335.66983032227,1104,1370,1370,1370,1370,3,0,0,0
4250,-2241.705078125,779.90234375,-0.36284187436,253.73399353027,335.66983032227,1104,1370,1370,1370,1370,3,0,0,0
4251,-2269.05078125,1055.8173828125,1.97700583935,253.73399353027,335.66983032227,1104,1370,1370,1370,1370,3,0,0,0
4253,-2261.30859375,1397.08984375,0.39887920022,253.73399353027,335.66983032227,1104,1370,1370,1370,1370,3,0,0,0
4254,-2145.515625,1748.8984375,-0.73979961872,253.73399353027,335.66983032227,1104,1370,1370,1370,1370,3,0,0,0
4255,-1969.146484375,1943.12109375,7.64040803909,253.73399353027,335.66983032227,1104,1370,1370,1370,1370,3,0,0,0
4256,-1754.361328125,1995.9990234375,-0.7783203125,253.73399353027,335.66983032227,1104,1370,1370,1370,1370,3,0,0,0
4257,-1549.03125,1981.3330078125,21.17730140686,258.83489990234,340.46533203125,1104,1370,1370,1370,1370,3,0,0,0
4258,-1212.9375,1939.712890625,18.72569465637,271.05743408203,382.17730712891,1104,1370,1370,1370,1370,3,0,0,0
4274,0,0,0,202.92901611328,288.82089233398,1103,1512,1512,1512,1512,3,0,0,0
4288,0,0,0,117.22467041016,146.87071228027,1095,1542,960,1386,9,3,0,0,0
4289,793.9892578125,-277.796875,403.89074707031,117.7600402832,174.09535217285,1095,1136,9,1470,1365,3,0,0,0
4290,774.6767578125,-404.75,401.22357177734,64.38135528564,106.99555206299,1095,1136,9,1470,1365,3,0,0,0
4291,709.1103515625,-152.1953125,334.12152099609,64.38135528564,134.51623535156,1095,1136,9,1470,1365,3,0,0,0
4292,964.30859375,-148.892578125,433.64208984375,88.11228179932,134.51623535156,1095,1136,9,1470,1365,3,0,0,0
4293,1137.9716796875,-112.40625,478.31973266602,88.11228179932,134.51623535156,1095,1136,9,1470,1365,3,0,0,0
4294,525.484375,-899.865234375,259.60775756836,178.2608795166,239.60375976563,1095,1536,1536,1536,1536,3,0,0,0
4295,340.53125,-748.53125,218.98361206055,178.2608795166,239.60375976563,1095,1536,1536,1536,1536,3,0,0,0
4296,320.869140625,-569.6015625,249.49240112305,178.2608795166,239.60375976563,1095,1536,1536,1536,1536,3,0,0,0
4297,159.859375,-347.31640625,230.50553894043,178.2608795166,239.60375976563,1095,1536,1536,1536,1536,3,0,0,0
4298,165.3125,-130.46875,191.685546875,178.2608795166,239.60375976563,1095,1536,1536,1536,1536,3,0,0,0
4299,282.21875,89.234375,145.68087768555,178.2608795166,239.60375976563,1095,1536,1536,1536,1536,3,0,0,0
4300,747.7734375,-955.609375,225.33540344238,178.2608795166,239.60375976563,1095,1536,1536,1536,1536,3,0,0,0
4301,986.2216796875,-845.00390625,287.69107055664,178.2608795166,239.60375976563,1095,1536,1536,1536,1536,3,0,0,0
4302,1153.5341796875,-742.40625,327.17471313477,178.2608795166,239.60375976563,1095,1536,1536,1536,1536,3,0,0,0
4303,1335.5966796875,-567.59375,344.84027099609,178.2608795166,239.60375976563,1095,1536,1536,1536,1536,3,0,0,0
4304,1412.9228515625,-423.833984375,378.82922363281,178.2608795166,239.60375976563,1095,1536,1536,1536,1536,3,0,0,0
4305,1503.79296875,-294.91015625,463.1774597168,178.2608795166,239.60375976563,1095,1536,1536,1536,1536,3,0,0,0
4309,1793.9267578125,-188.6328125,490.80068969727,178.2608795166,239.60375976563,1095,1536,1536,1536,1536,3,0,0,0
4310,1974.791015625,135.056640625,472.85092163086,178.2608795166,260.59832763672,1095,1536,1536,1536,1536,3,0,0,0
4311,1964.8603515625,313.5234375,460.31683349609,178.2608795166,273.80096435547,1095,1536,1536,1536,1536,3,0,0,0
4312,1919.2373046875,543.78125,482.77844238281,178.2608795166,239.60375976563,1095,1536,1536,1536,1536,3,0,0,0
4313,1812.9736328125,-133.875,520.69390869141,178.2608795166,239.60375976563,1095,1536,1536,1536,1536,3,0,0,0
4314,480.71875,169.29296875,230.56201171875,178.2608795166,239.60375976563,1095,1536,1536,1536,1536,3,0,0,0
4316,-7798.046875,1308.3671875,252.08795166016,390.35412597656,464.09463500977,1066,3023,3024,3023,3024,3,0,0,0
4320,0,0,0,68.47105407715,100.12021636963,1098,1548,1502,1548,1502,3,0,0,0
4333,6176.77734375,4065.96484375,207.66120910645,31.2688293457,47.06775283813,1116,1666,1868,1666,1868,3,0,0,0
4334,6104.8115234375,1119.0810546875,54.39241409302,149.59217834473,241.04020690918,870,1557,20,1557,20,3,0,0,0
4340,7192.3017578125,5318.9873046875,29.99302101135,9.67586040497,109.68998718262,1122,1528,1423,1528,1423,3,0,0,0
4341,7242.5205078125,5270.40234375,32.40753173828,8.45580482483,95.1275177002,1122,1528,1423,1528,1423,3,0,0,0
4342,5931.8173828125,5533.44921875,30.49888801575,174.03958129883,226.76420593262,1122,1524,1525,1524,1525,3,0,0,0
4343,0,0,0,63.4425239563,73.814453125,1122,1537,1502,1537,1502,3,0,0,0
4344,6390.7392578125,6251.9736328125,51.9327545166,94.78697967529,127.84452056885,1122,1503,1504,1503,1504,3,0,0,0
4345,6722.6455078125,6238.38671875,25.11667251587,125.65727996826,157.75756835938,1122,1503,1504,1503,1504,3,0,0,0
4346,6560.2548828125,6206.2080078125,26.74789428711,159.07246398926,187.40243530273,1122,1503,1504,1503,1504,3,0,0,0
4347,7017.10546875,5024.8154296875,103.60166168213,64.40760803223,73.47088623047,1122,1545,1423,1545,1423,3,0,0,0
4348,7192.3017578125,5318.9873046875,29.99302101135,9.67586040497,109.68998718262,1123,1528,1423,1528,1423,3,0,0,0
4349,7242.5205078125,5270.40234375,32.40753173828,8.45580482483,95.1275177002,1123,1528,1423,1528,1423,3,0,0,0
4350,5931.8173828125,5533.44921875,30.49888801575,174.03958129883,226.76420593262,1123,1524,1525,1524,1525,3,0,0,0
4351,0,0,0,63.4425239563,73.814453125,1123,1537,1502,1537,1502,3,0,0,0
4352,6390.7392578125,6251.9736328125,51.9327545166,94.78697967529,127.84452056885,1123,1503,1504,1503,1504,3,0,0,0
4353,6722.6455078125,6238.38671875,25.11667251587,125.65727996826,157.75756835938,1123,1503,1504,1503,1504,3,0,0,0
4354,6560.2548828125,6206.2080078125,26.74789428711,159.07246398926,187.40243530273,1123,1503,1504,1503,1504,3,0,0,0
4355,7017.10546875,5024.8154296875,103.60166168213,64.40760803223,73.47088623047,1123,1545,1423,1545,1423,3,0,0,0
4356,7192.3017578125,5318.9873046875,29.99302101135,9.67586040497,109.68998718262,1124,1528,1423,1528,1423,3,0,0,0
4357,7242.5205078125,5270.40234375,32.40753173828,8.45580482483,95.1275177002,1124,1528,1423,1528,1423,3,0,0,0
4358,5931.8173828125,5533.44921875,30.49888801575,174.03958129883,226.76420593262,1124,1524,1525,1524,1525,3,0,0,0
4359,0,0,0,63.4425239563,73.814453125,1124,1537,1502,1537,1502,3,0,0,0
4360,6390.7392578125,6251.9736328125,51.9327545166,94.78697967529,127.84452056885,1124,1503,1504,1503,1504,3,0,0,0
4361,6722.6455078125,6238.38671875,25.11667251587,125.65727996826,157.75756835938,1124,1503,1504,1503,1504,3,0,0,0
4362,6560.2548828125,6206.2080078125,26.74789428711,159.07246398926,187.40243530273,1124,1503,1504,1503,1504,3,0,0,0
4363,7017.10546875,5024.8154296875,103.60166168213,64.40760803223,73.47088623047,1124,1545,1423,1545,1423,3,0,0,0
4364,7192.3017578125,5318.9873046875,29.99302101135,9.67586040497,109.68998718262,1125,1528,1423,1528,1423,3,0,0,0
4365,7242.5205078125,5270.40234375,32.40753173828,8.45580482483,95.1275177002,1125,1528,1423,1528,1423,3,0,0,0
4366,5931.8173828125,5533.44921875,30.49888801575,174.03958129883,226.76420593262,1125,1524,1525,1524,1525,3,0,0,0
4367,0,0,0,63.4425239563,73.814453125,1125,1537,1502,1537,1502,3,0,0,0
4368,6390.7392578125,6251.9736328125,51.9327545166,94.78697967529,127.84452056885,1125,1503,1504,1503,1504,3,0,0,0
4369,6722.6455078125,6238.38671875,25.11667251587,125.65727996826,157.75756835938,1125,1503,1504,1503,1504,3,0,0,0
4370,6560.2548828125,6206.2080078125,26.74789428711,159.07246398926,187.40243530273,1125,1503,1504,1503,1504,3,0,0,0
4371,7017.10546875,5024.8154296875,103.60166168213,64.40760803223,73.47088623047,1125,1545,1423,1545,1423,3,0,0,0
4372,7192.3017578125,5318.9873046875,29.99302101135,9.67586040497,109.68998718262,1126,1528,1423,1528,1423,3,0,0,0
4373,7242.5205078125,5270.40234375,32.40753173828,8.45580482483,95.1275177002,1126,1528,1423,1528,1423,3,0,0,0
4374,5931.8173828125,5533.44921875,30.49888801575,174.03958129883,226.76420593262,1126,1524,1525,1524,1525,3,0,0,0
4375,0,0,0,63.4425239563,73.814453125,1126,1537,1502,1537,1502,3,0,0,0
4376,6390.7392578125,6251.9736328125,51.9327545166,94.78697967529,127.84452056885,1126,1503,1504,1503,1504,3,0,0,0
4377,6722.6455078125,6238.38671875,25.11667251587,125.65727996826,157.75756835938,1126,1503,1504,1503,1504,3,0,0,0
4378,6560.2548828125,6206.2080078125,26.74789428711,159.07246398926,187.40243530273,1126,1503,1504,1503,1504,3,0,0,0
4379,7017.10546875,5024.8154296875,103.60166168213,64.40760803223,73.47088623047,1126,1545,1423,1545,1423,3,0,0,0
4383,0,0,0,63.4425239563,73.814453125,1120,1537,1502,1537,1502,3,0,0,0
4384,6390.7392578125,6251.9736328125,51.9327545166,94.78697967529,127.84452056885,1120,1503,1504,1503,1504,3,0,0,0
4385,6722.6455078125,6238.38671875,25.11667251587,125.65727996826,157.75756835938,1120,1503,1504,1503,1504,3,0,0,0
4386,6560.2548828125,6206.2080078125,26.74789428711,159.07246398926,187.40243530273,1120,1503,1504,1503,1504,3,0,0,0
4387,7017.10546875,5024.8154296875,103.60166168213,64.40760803223,73.47088623047,1120,1545,1423,1545,1423,3,0,0,0
4390,5931.8173828125,5533.44921875,30.49888801575,174.03958129883,226.76420593262,1121,1524,1525,1524,1525,3,0,0,0
4391,0,0,0,63.4425239563,73.814453125,1121,1537,1502,1537,1502,3,0,0,0
4396,7192.3017578125,5318.9873046875,29.99302101135,9.67586040497,109.68998718262,1127,1528,1423,1528,1423,3,0,0,0
4397,7242.5205078125,5270.40234375,32.40753173828,8.45580482483,95.1275177002,1127,1528,1423,1528,1423,3,0,0,0
4398,5931.8173828125,5533.44921875,30.49888801575,174.03958129883,226.76420593262,1127,1524,1525,1524,1525,3,0,0,0
4399,0,0,0,63.4425239563,73.814453125,1127,1537,1502,1537,1502,3,0,0,0
4400,6390.7392578125,6251.9736328125,51.9327545166,94.78697967529,127.84452056885,1127,1503,1504,1503,1504,3,0,0,0
4401,6722.6455078125,6238.38671875,25.11667251587,125.65727996826,157.75756835938,1127,1503,1504,1503,1504,3,0,0,0
4402,6560.2548828125,6206.2080078125,26.74789428711,159.07246398926,187.40243530273,1127,1503,1504,1503,1504,3,0,0,0
4403,7017.10546875,5024.8154296875,103.60166168213,64.40760803223,73.47088623047,1127,1545,1423,1545,1423,3,0,0,0
4405,1576.9873046875,262.275390625,6.10336637497,20.9143371582,42.62742233276,1116,1938,1868,1946,1868,3,0,0,0
4406,5682.2236328125,4040.3095703125,164.57466125488,218.99459838867,298.63284301758,1098,1563,9,1563,0,3,0,0,0
4407,0,0,0,63.4425239563,73.814453125,1128,1537,1502,1537,1502,3,0,0,0
4412,0,0,0,63.4425239563,73.814453125,1129,1537,1502,1537,1502,3,0,0,0
4520,0,0,0,64.40760803223,73.47088623047,1135,1548,1423,1548,1423,3,0,0,0
4592,0,0,0,4.76465177536,11.08250713348,971,3045,3043,3048,3022,3,0,0,0
4593,0,0,0,27.16027832031,27.16027832031,764,3037,3039,3037,3029,3,0,0,0
4605,-285.984375,749.0830078125,133.99522399902,1422.4571533203,1573.7838134766,1105,1107,960,1107,960,3,0,0,0
4613,566.03125,631.9921875,380.70401000977,308.23712158203,387.59976196289,1134,1300,9,1300,0,3,0,0,0
4646,2957.0361328125,3237.91796875,406.05825805664,21.21687507629,105.26544952393,1116,1886,1868,2038,1868,3,0,0,0
4649,3307.8330078125,813.4736328125,102.41696929932,32.39999008179,52.2338218689,1116,1892,1978,2040,1978,3,0,0,0
4671,-14688.54296875,16242.650390625,0,232.62796020508,254.04791259766,605,1117,9,0,0,3,0,0,0
4672,-14689.390625,15727.63671875,0,245.5265045166,270.25564575195,605,200,9,0,0,3,0,0,0
4673,-14679.904296875,15197.68359375,0,250.65733337402,277.0576171875,605,212,9,0,0,3,0,0,0
4675,-15205.71875,15723.056640625,5.425347e-05,245.37635803223,275.52755737305,605,262,9,0,0,3,0,0,0
4676,-15196.767578125,15204.442382812,0,239.0904083252,280.86965942383,605,1041,9,0,0,3,0,0,0
4677,-15712.826171875,16245.576171875,0,231.85015869141,255.28909301758,605,348,9,0,0,3,0,0,0
4678,-15722.896484375,15723.68359375,0,234.66688537598,261.57525634766,605,428,9,0,0,3,0,0,0
4679,-15730.029296875,15197.513671875,0,224.58764648438,267.01583862305,605,906,9,0,0,3,0,0,0
4681,6907.9248046875,4607.49609375,219.1671295166,9.33508300781,24.96697425842,1116,1666,1868,1666,1868,3,0,0,0
4696,6579.4423828125,6042.16796875,312.10137939453,17.73659324646,33.19387817383,1116,1666,1868,1666,1868,3,0,0,0
4699,6739.2705078125,3243.63671875,299.38198852539,7.66780424118,10.96181964874,1116,1666,1868,1666,1868,3,0,0,0
4707,7353.2626953125,5386.60546875,23.57821273804,132.09812927246,163.97248840332,1116,1677,9,1677,0,3,0,0,0
4708,7219.6123046875,5379.55859375,26.2182674408,124.72678375244,174.78703308106,1116,1666,9,1666,0,3,0,0,0
4709,7091.0830078125,5285.1767578125,13.70531177521,120.84258270264,144.82661437988,1116,1677,9,1677,0,3,0,0,0
4710,7077.66796875,5177.58984375,48.66279983521,102.68711090088,150.03675842285,1116,1677,9,1677,0,3,0,0,0
4719,0,0,0,54.99886703491,81.3677444458,1099,1369,1614,1369,1614,3,0,0,0
4720,0,0,0,19.66368293762,29.68993377686,1130,1617,35,1617,35,3,0,0,0
4727,2189.6435546875,-4194.53125,-41.02300262451,396.16360473633,493.02944946289,1099,1106,1625,1445,1625,3,0,0,0
4732,-566.5625,-5283.181640625,3.19379353523,880.08404541016,1229.2165527344,870,1629,1080,1630,1080,3,0,0,0
4735,1167.869140625,1480.5791015625,334.46234130859,255.50309753418,323.40997314453,1136,1633,9,1633,0,3,0,0,0
4736,1223.58984375,1148.5947265625,399.03744506836,255.50309753418,323.40997314453,1136,1633,9,1633,0,3,0,0,0
4737,1190.58984375,678.78125,346.91156005859,498.00152587891,610.17364501953,1136,1633,9,1633,0,3,0,0,0
4741,5211.0205078125,1270.2236328125,-297.63037109375,57.35329055786,101.59557342529,1116,1652,9,1652,0,3,0,0,0
4770,2233.53125,2638.2395019531,-36.49984741211,637.65216064453,724.80554199219,1060,1651,9,0,0,3,0,0,0
4788,-597.708984375,-5087.41015625,218.01875305176,28.67354393005,57.4402885437,1161,1629,1080,1630,1080,3,0,0,0
4789,0,0,0,19.90500450134,25.6964969635,1144,1612,1626,1612,1626,3,0,0,0
4790,0,0,0,128.68455505371,172.25175476074,1136,1669,9,1669,0,3,0,0,0
4791,1092.2060546875,2315.7109375,144.66079711914,130.71623229981,170.64305114746,1116,1670,9,1670,9,3,0,0,0
4792,1240.5361328125,2262.9365234375,134.7092590332,87.11960601807,123.54921722412,1116,1670,9,1670,9,3,0,0,0
4800,7644.2626953125,4925.0966796875,140.49040222168,89.56117248535,147.4585723877,1116,1677,9,1677,0,3,0,0,0
4801,7531.3173828125,4917.29296875,141.34422302246,84.60899353027,126.28359985352,1116,1677,9,1677,0,3,0,0,0
4802,7426.7783203125,4905.8623046875,160.55700683594,71.09660339355,111.08679962158,1116,1677,9,1677,0,3,0,0,0
4803,7079.35546875,5086.90234375,106.82885742188,102.68711090088,147.14462280273,1116,1677,9,1677,0,3,0,0,0
4804,7057.7080078125,5002.80859375,147.16893005371,91.62072753906,144.9250793457,1116,1677,9,1677,0,3,0,0,0
4805,6998.4658203125,4904.68359375,164.67936706543,82.34157562256,152.94496154785,1116,1677,9,1677,0,3,0,0,0
4806,6395.2705078125,4954.1591796875,0.91780143976,135.49653625488,191.3214263916,1116,1677,9,1677,0,3,0,0,0
4807,6445.6767578125,4724.5830078125,0.91779929399,98.76654815674,159.39604187012,1116,1677,9,1677,0,3,0,0,0
4808,6451.7548828125,4806.8017578125,39.91228485107,95.26299285889,149.50190734863,1116,1677,9,1677,0,3,0,0,0
4809,6958.6923828125,6387.24609375,87.89402770996,73.15683746338,122.0496673584,1116,1666,9,1666,0,3,0,0,0
4816,5594.60546875,3579.71484375,122.47044372559,387.98754882813,505.38244628906,1116,1679,9,1679,0,3,0,0,0
4821,5465.99609375,2369.1435546875,151.90400695801,238.65492248535,321.75607299805,1116,1683,9,1683,0,3,0,0,0
4824,1693.9267578125,-427.125,18.61054229736,202.95077514648,289.81192016602,1116,1665,9,1665,0,3,0,0,0
4828,3188.1943359375,-582.671875,232.31033325195,1307.6981201172,1477.0670166016,1076,3045,3043,3048,0,3,0,0,0
4829,1415.9580078125,673.3671875,88.59201812744,62.06897735596,104.91541290283,1116,1665,9,1665,0,3,0,0,0
4830,8151.5673828125,1004.6973266602,-105.02040100098,572.68225097656,659.48388671875,1116,1636,9,1636,0,3,0,0,0
4836,857.541015625,-5612.20703125,-338.17147827148,271.37622070313,271.37622070313,1136,1224,9,1224,0,3,0,0,0
4837,1091.353515625,-5452.03125,-327.52462768555,271.37622070313,271.37622070313,1136,1224,9,1224,0,3,0,0,0
4838,1091.353515625,-5727.087890625,-327.52462768555,271.37622070313,271.37622070313,1136,1224,9,1224,0,3,0,0,0
4839,-8421.69140625,1084.5859375,18.10374641418,693.43420410156,693.43420410156,1136,1700,9,1700,0,3,0,0,0
4841,1663.4072265625,-295.4375,18.61054229736,45.07794952393,67.98066711426,1116,1695,9,0,0,3,0,0,0
4842,1643.13671875,-385.671875,18.6102771759,19.68277931213,29.46500015259,1116,1695,9,1695,0,3,0,0,0
4843,1526.33984375,-368.375,18.61054229736,19.68293952942,29.46515655518,1116,1695,9,0,0,3,0,0,0
4844,1603.79296875,-516.90625,23.60978889465,19.68293952942,29.46515655518,1116,1695,9,0,0,3,0,0,0
4845,1701.8154296875,831.40234375,50.60591506958,28.25226211548,49.20325088501,1116,1696,9,1696,0,3,0,0,0
4846,1647.587890625,-389.970703125,18.61054229736,33.00180053711,45.56550979614,1116,1695,9,0,0,3,0,0,0
4847,1574.5859375,-363.595703125,40.02977752686,188.0867767334,259.50091552734,1116,1665,9,1665,0,3,0,0,0
4848,1646.5986328125,-583.974609375,40.02977752686,119.28433227539,161.70812988281,1116,1665,9,1665,0,3,0,0,0
4849,-186.81640625,-5636.025390625,183.96061706543,67.335105896,126.37927246094,870,1697,1698,1630,1698,3,0,0,0
4850,0,0,0,28.67354393005,57.4402885437,1161,1699,1699,1699,1699,3,0,0,0
4882,-178.578125,-5637.619140625,280.98602294922,38.32146072388,165.46751403809,870,1697,1698,1630,1698,3,0,0,0
4896,1162.8330078125,2191.2216796875,162.57695007324,82.13222503662,103.99973297119,1116,1670,9,1670,9,3,0,0,0
4902,-545.4375,2175.16796875,348.14166259766,138.45138549805,184.13610839844,1116,1718,1771,2037,1771,3,0,0,0
4932,-535.6875,-1442.28125,-18.90212631226,147.35746765137,226.00592041016,1116,1884,1717,1884,1717,3,0,0,0
4967,-8205.181640625,-4530.490234375,2.24631071091,181.06828308106,264.39117431641,1,1738,1738,1738,201,3,0,0,0
4968,-8222.39453125,-4709.740234375,6.58957242966,181.06828308106,264.39117431641,1,1738,1738,1738,201,3,0,0,0
4969,-8213.833984375,-4341.900390625,13.73502635956,104.3592300415,221.60804748535,1,1738,1738,1738,201,3,0,0,0
4975,1647.1923828125,2914.35546875,-38.89361190796,555.41387939453,664.0361328125,1116,1886,9,2038,9,3,0,0,0
4976,6656.51171875,5968.16796875,101.93235015869,21.48466873169,84.14778900146,1116,1741,9,1741,0,3,0,0,0
4977,6620.6611328125,5908.9267578125,108.41861724854,27.16896438599,68.53392028809,1116,1741,9,1741,0,3,0,0,0
4978,6603.9111328125,5867.6611328125,109.71853637695,27.16896438599,93.59678649902,1116,1741,9,1741,0,3,0,0,0
4979,6580.3779296875,5828.23046875,123.00267028809,27.16896438599,93.59678649902,1116,1741,9,1741,0,3,0,0,0
4980,6563.4580078125,5770.18359375,131.19586181641,27.16896438599,93.59678649902,1116,1741,9,1741,0,3,0,0,0
4981,6547.0205078125,5733.08984375,137.9010925293,27.16896438599,93.59678649902,1116,1741,9,1741,0,3,0,0,0
4982,6541.0986328125,5681.8486328125,134.92077636719,27.16896438599,93.59678649902,1116,1741,9,1741,0,3,0,0,0
4983,6584.29296875,5628.9716796875,136.80799865723,27.16896438599,93.59678649902,1116,1741,9,1741,0,3,0,0,0
4984,5820.5361328125,6292.18359375,12.63832569122,52.2520866394,194.92828369141,1116,1741,9,0,0,3,0,0,0
4985,5940.96484375,6229.3330078125,-9.65693950653,49.8320274353,189.50231933594,1116,1741,9,0,0,3,0,0,0
4986,7196.3330078125,5731.27734375,90.71277618408,33.45805740356,164.7174987793,1116,1741,9,1741,0,3,0,0,0
4987,7182.90234375,5843.38671875,77.47901153564,33.45798873901,164.71751403809,1116,1741,9,1741,0,3,0,0,0
4988,7068.5517578125,5975.7705078125,61.77819824219,33.45798873901,133.46041870117,1116,1741,9,1741,0,3,0,0,0
4989,6984.41796875,6075.7080078125,86.17942047119,30.84405517578,145.36701965332,1116,1741,9,1741,0,3,0,0,0
4990,7091.66796875,6120.8798828125,98.42084503174,30.84405517578,145.36701965332,1116,1741,9,1741,0,3,0,0,0
4991,7198.4140625,6099.8330078125,82.17722320557,30.84416770935,145.36694335938,1116,1741,9,1741,0,3,0,0,0
5009,14811.021484375,-13937.2578125,6.90776920319,1285.9724121094,1569.7911376953,1060,1748,9,0,0,3,0,0,0
5013,2614.46484375,5936.15234375,21.05907821655,16.49323272705,20.62970733643,1116,1800,1868,2039,1868,3,0,0,0
5014,2974.3046875,1271.2509765625,185.53854370117,180.43589782715,243.2744140625,1116,1752,9,1752,9,3,0,0,0
5021,2503.91796875,1285.8154296875,185.53854370117,117.94875335693,157.16526794434,1116,1752,9,1752,9,3,0,0,0
5022,2718.3017578125,1245.6103515625,185.53861999512,129.57249450684,149.83638000488,1116,1752,9,1752,9,3,0,0,0
5037,965.3486328125,-75.298828125,13.41061878204,65.24638366699,128.04107666016,1116,1768,9,0,0,3,0,0,0
5038,1091.21484375,2262.9365234375,134.7092590332,143.60466003418,170.18087768555,1116,1670,9,1670,9,3,0,0,0
5042,798.68359375,74.994140625,33.51239776611,135.41499328613,204.43637084961,1116,1768,9,0,0,3,0,0,0
5043,737.5947265625,164.79296875,87.43283843994,113.35845184326,166.52764892578,1116,1768,9,0,0,3,0,0,0
5060,-14107.365234375,-3481.7890625,54.43564224243,471.52008056641,663.30511474609,1060,1778,9,0,0,3,0,0,0
5061,6242.0048828125,-1569.708984375,52.45219039917,432.48672485352,1971.7369384766,1060,1778,9,0,0,3,0,0,0
5063,2972.4736328125,-458.625,-182.66108703613,28.1805896759,55.44569778442,1116,2106,1868,2106,1868,3,0,0,0
5068,3184.4755859375,-1805.302734375,88.34327697754,26.78105545044,43.70027542114,1116,1780,1868,1780,0,3,0,0,0
5069,37.8125,1563.8017578125,-128.85029602051,218.40650939941,252.15841674805,1116,1782,9,2054,9,3,0,0,0
5070,2076.8798828125,4821.2392578125,255.48152160645,329.63940429688,439.29962158203,1116,1783,1868,2066,1868,3,0,0,0
5071,0,0,0,2.75000095367,3.35245132446,1176,1853,9,0,0,3,0,0,0
5083,6911.3310546875,3179.8310546875,167.86979675293,353.46948242188,565.29699707031,1116,1787,9,1787,9,3,0,0,0
5088,0,0,0,766.49395751953,969.861328125,1182,1886,9,1886,0,3,0,0,0
5095,4108.87109375,-2212.828125,33.43555831909,277.82327270508,320.16717529297,1116,1872,9,1872,0,3,0,0,0
5100,-207.97265625,1725.8330078125,-76.81666564941,178.75833129883,217.52751159668,1116,1782,9,2054,9,3,0,0,0
5101,3378.701171875,6886.6064453125,21.81594276428,236.61128234863,348.66857910156,1116,1811,1868,2060,1868,3,0,0,0
5109,1940.6552734375,2450.3173828125,134.54663085938,68.35332489014,94.78035736084,1116,1801,9,1801,9,3,0,0,0
5111,7638.0908203125,6159.1298828125,44.8016242981,91.02601623535,143.76658630371,1116,1802,9,0,0,3,0,0,0
5112,7710.2392578125,6219.98046875,30.57644271851,69.99074554443,98.70191192627,1116,1802,9,0,0,3,0,0,0
5113,7758.8798828125,6172.62109375,64.90901947021,61.29233169556,80.80564117432,1116,1802,9,0,0,3,0,0,0
5115,1882.85546875,2470.66796875,126.6063079834,68.35332489014,94.78035736084,1116,1801,9,1801,9,3,0,0,0
5116,1927.57421875,2541.4892578125,125.28713989258,57.28151321411,94.78035736084,1116,1801,9,1801,9,3,0,0,0
5120,0,0,0,5.8829627037,66.71159362793,1220,1806,2587,0,0,3,0,0,0
5123,0,0,0,46.01529693604,82.13772583008,1268,1870,9,1870,0,3,0,0,0
5125,3849.76171875,6564.2236328125,34.53786849976,238.89645385742,304.93032836914,1116,1810,1868,2044,1868,3,0,0,0
5130,5065.38671875,8274.0126953125,-2.09296e-06,771.79998779297,773.06451416016,1060,1678,9,1678,0,3,0,0,0
5134,963.63671875,2325.6767578125,171.79719543457,87.11960601807,123.54921722412,1116,1670,9,1670,9,3,0,0,0
5135,2947.943359375,9272.6875,78.06890106201,194.60639953613,268.29998779297,1060,1818,9,1817,0,3,0,0,0
5142,1375.9892578125,1005.4805297852,131.57466125488,78.10958099365,104.66295623779,1116,1969,9,0,0,3,0,0,0
5143,-14318.3515625,-5235.953125,58.4400177002,88.08896636963,625.89709472656,1060,1834,9,0,0,3,0,0,0
5144,2628.3798828125,6538.1298828125,0.09933689982,278.98107910156,376.53271484375,1116,1810,1868,2044,1868,3,0,0,0
5145,2309.6611328125,6383.1279296875,54.11566925049,188.91577148438,307.90713500977,1116,1810,1868,2044,1868,3,0,0,0
5148,283.994140625,1648.134765625,1.64599537849,65.44561004639,97.18656158447,1116,1835,9,2046,9,3,0,0,0
5151,2271.0791015625,6649.9580078125,9.04508686066,171.88189697266,261.54895019531,1116,1810,1868,2044,1868,3,0,0,0
5152,2218.462890625,6357.4111328125,46.75379943848,157.12303161621,204.279296875,1116,1810,1868,2044,1868,3,0,0,0
5153,2432.1767578125,6833.9580078125,15.17182064056,171.88189697266,242.46919250488,1116,1810,1868,2044,1868,3,0,0,0
5154,2642.3330078125,6813.9423828125,10.28955554962,171.88194274902,242.46916198731,1116,1810,1868,2044,1868,3,0,0,0
5161,-1724.87890625,1860.35546875,-1.97246992588,102.2590637207,118.49488830566,1116,1851,1771,2037,1771,3,0,0,0
5162,-70.515625,1843.447265625,-87.99046325684,178.75907897949,219.20425415039,1116,1782,9,2054,9,3,0,0,0
5163,-438.955078125,1802.40234375,-67.05100250244,180.58277893066,233.94032287598,1116,1782,9,2054,9,3,0,0,0
5164,-528.859375,1901.4228515625,-33.98331069946,135.48530578613,173.68388366699,1116,1782,9,2054,9,3,0,0,0
5165,-602.359375,1747.4111328125,-57.45716094971,154.38798522949,210.06904602051,1116,1782,9,2054,9,3,0,0,0
5166,-137.4375,1946.6796875,-3.63072538376,110.08693695068,147.7265625,1116,1782,9,2054,9,3,0,0,0
5170,-236.15625,1299.18359375,-12.5918970108,120.12119293213,145.0403137207,1116,1835,9,2046,9,3,0,0,0
5171,-130.25,1298.0361328125,-35.8787651062,97.72566223145,137.65327453613,1116,1835,9,2046,9,3,0,0,0
5172,-391.5625,1235.5654296875,-26.48627662659,140.59156799316,173.28947448731,1116,1835,9,2046,9,3,0,0,0
5173,-539.015625,1167.27734375,-48.04762268066,152.24839782715,179.32005310059,1116,1835,9,2046,9,3,0,0,0
5174,-618.640625,994.94921875,-61.47031021118,114.65949249268,141.48204040527,1116,1835,9,2046,9,3,0,0,0
5180,-1530.28125,1486.572265625,-21.73479652405,110.41649627686,135.49743652344,1116,1835,9,1835,9,3,0,0,0
5187,-642.109375,1559.27734375,-8.17222309113,106.59461212158,146.58491516113,1116,1782,9,2054,9,3,0,0,0
5189,-1459.703125,1345.7353515625,-51.81509017944,153.78715515137,192.97380065918,1116,1835,9,2046,9,3,0,0,0
5190,-1663.59375,1357.3359375,-52.0676574707,127.80934143066,172.21650695801,1116,1835,9,2046,9,3,0,0,0
5191,-1579.453125,1210.509765625,-66.50065612793,127.80934143066,172.21650695801,1116,1835,9,2046,9,3,0,0,0
5193,-335.974609375,-1859.1875,100.56320953369,191.82838439941,274.03042602539,1116,1852,9,0,0,3,0,0,0
5194,-86.125,-1684.814453125,68.69477081299,168.45074462891,236.54951477051,1116,1852,9,0,0,3,0,0,0
5195,-41.720703125,-1890.767578125,32.93354415894,191.82838439941,274.03042602539,1116,1852,9,0,0,3,0,0,0
5196,3710.66796875,4027.60546875,212.80024719238,134.45265197754,169.22909545898,1116,1810,1868,2044,1868,3,0,0,0
5197,3630.73046875,4125.4736328125,212.14784240723,124.14420318604,160.95907592773,1116,1810,1868,2044,1868,3,0,0,0
5198,3805.40234375,4112.5673828125,211.90119934082,85.59428405762,128.81604003906,1116,1810,1868,2044,1868,3,0,0,0
5201,-2514.78515625,6743.2373046875,206.22236633301,793.77880859375,975.60626220703,1060,1783,9,0,0,3,0,0,0
5202,-2378.28125,6143.6630859375,206.22236633301,459.59555053711,554.90069580078,1060,1783,9,0,0,3,0,0,0
5204,5537.5654296875,-2476.46875,73.75876617432,382.83843994141,453.96527099609,1060,1833,9,0,0,3,0,0,0
5209,3223.7705078125,816.02734375,155.56475830078,218.55812072754,269.26937866211,1116,1874,9,1874,0,3,0,0,0
5217,8603.9443359375,-7939.703125,59.97743606567,236.26496887207,280.91299438477,451,1834,9,0,0,3,0,0,0
5218,4882.2548828125,-1992.34375,710.86560058594,23.10686302185,38.69707489014,1116,1858,1868,1858,0,3,0,0,0
5223,3977.96484375,4349.32421875,2.80764460564,173.26289367676,206.06977844238,1116,1863,1868,1863,1868,3,0,0,0
5224,6127.4736328125,411.828125,48.76625442505,110.1770324707,139.4987487793,1116,2068,1868,2068,1868,3,0,0,0
5226,53.60546875,-607.90625,14.47474479675,63.46363830566,106.4536895752,1116,1865,9,1865,0,3,0,0,0
5227,-174.76953125,-723.125,4.52430582047,116.83824157715,200.72312927246,1116,1865,9,1865,0,3,0,0,0
5228,149.744140625,-761.265625,16.40516471863,92.06665802002,130.05981445313,1116,1865,9,1865,0,3,0,0,0
5232,245.828125,1333.79296875,-15.62794876099,97.42823028564,128.90650939941,1116,1782,9,2054,9,3,0,0,0
5234,3894.6767578125,6189.65234375,36.70887756348,159.96224975586,235.20190429688,1116,1810,1868,2044,1868,3,0,0,0
5235,4340.02734375,6614.41796875,-0.64995658398,174.66914367676,220.30871582031,1116,1867,1868,1867,1868,3,0,0,0
5236,4209.2548828125,6437.87109375,4.19325113297,75.62243652344,113.84683990479,1116,1867,1868,1867,1868,3,0,0,0
5237,4589.7861328125,6793.1904296875,-51.56868362427,174.66914367676,220.30871582031,1116,1867,1868,1867,1868,3,0,0,0
5238,4652.6123046875,6551.29296875,-67.44661712646,174.66914367676,220.30871582031,1116,1867,1868,1867,1868,3,0,0,0
5239,0,0,0,26.01751327515,35.28871917725,1116,1750,1868,1750,1868,3,0,0,0
5240,4566.5517578125,4967.16796875,249.55294799805,90.93391418457,137.68885803223,1116,1869,1868,2061,1868,3,0,0,0
5241,2674.8173828125,5996.3955078125,34.49089813232,42.32279205322,54.7621383667,1116,1873,9,1873,9,3,0,0,0
5242,2719.3486328125,5978.62109375,34.49089813232,34.01595687866,54.7621383667,1116,1873,9,1873,9,3,0,0,0
5243,2683.2236328125,6057.24609375,34.49089813232,42.32279205322,54.7621383667,1116,1873,9,1873,9,3,0,0,0
5244,2626.63671875,5990.0048828125,34.49089813232,42.32279205322,54.7621383667,1116,1873,9,1873,9,3,0,0,0
5245,2573.6298828125,5990.0048828125,34.49089813232,42.32279205322,54.7621383667,1116,1873,9,1873,9,3,0,0,0
5246,2533.76171875,6022.33984375,34.49089813232,42.32279205322,54.7621383667,1116,1873,9,1873,9,3,0,0,0
5247,2579.8525390625,6048.55859375,34.49089813232,42.32279205322,54.7621383667,1116,1873,9,1873,9,3,0,0,0
5248,2523.5205078125,6086.0830078125,34.49089813232,42.32279205322,54.7621383667,1116,1873,9,1873,9,3,0,0,0
5249,2604.87109375,6107.5361328125,34.49089813232,42.32279205322,54.7621383667,1116,1873,9,1873,9,3,0,0,0
5250,2484.9296875,6147.1611328125,34.49089813232,42.32279205322,54.7621383667,1116,1873,9,1873,9,3,0,0,0
5253,98.203125,2203.4111328125,272.15338134766,145.8335723877,223.92875671387,1116,1851,1771,2037,1771,3,0,0,0
5254,-60.359375,2319.3798828125,330.88027954102,176.18960571289,270.74664306641,1116,1851,1771,2037,1771,3,0,0,0
5255,-55.658203125,2324.1103515625,547.77618408203,152.09414672852,266.38787841797,1116,1851,1771,2037,1771,3,0,0,0
5256,3445.2060546875,1043.63671875,174.85542297363,49.45343017578,94.60660552979,1116,1875,9,1875,0,3,0,0,0
5257,101.212890625,2023.6298828125,-82.42568206787,166.42373657227,208.96469116211,1116,1782,9,2054,9,3,0,0,0
5258,6147.52734375,265.421875,48.76625442505,110.1770324707,139.4987487793,1116,2068,1868,2068,1868,3,0,0,0
5259,6059.15234375,584.234375,48.76625442505,110.1770324707,139.4987487793,1116,2068,1868,2068,1868,3,0,0,0
5260,861.30859375,-2883.34765625,100.4571762085,48.38014984131,121.53043365479,1116,1876,9,1876,0,3,0,0,0
5261,6340.4716796875,382.125,48.76625442505,148.83044433594,166.39988708496,1116,2068,1868,2068,1868,3,0,0,0
5265,851.5361328125,-2882.01171875,100.45442962647,69.00370788574,89.93862915039,1277,3052,3020,3052,0,3,0,0,0
5266,0,0,0,52.67363357544,74.85585021973,1208,1860,9,1881,0,3,0,0,0
5271,21.35243034363,5718.2578125,54.56478881836,37.46649551392,37.46649551392,1220,2089,2784,2757,0,3,0,0,0
5286,5604.52734375,4545.1630859375,119.16388702393,318.36743164063,434.29928588867,1116,1885,1868,1885,1868,3,0,0,0
5287,3358.4580078125,1105.63671875,180.8044128418,49.45343017578,94.60660552979,1116,1875,9,1875,0,3,0,0,0
5288,3309.7392578125,1171.6103515625,202.28993225098,45.14628219604,103.74823760986,1116,1875,9,1875,0,3,0,0,0
5290,872.18359375,174.681640625,20.37223243713,135.41499328613,204.43637084961,1116,1768,9,0,0,3,0,0,0
5291,901.98046875,372.716796875,57.09201431274,73.3433380127,160.52906799316,1116,1768,9,0,0,3,0,0,0
5292,641.34375,259.015625,101.16879272461,73.3433380127,102.15998840332,1116,1768,9,0,0,3,0,0,0
5293,5604.52734375,4525.4091796875,119.16388702393,235.4026184082,324.28903198242,1152,3053,3020,0,0,3,0,0,0
5294,5604.52734375,4525.4091796875,119.16388702393,235.4026184082,324.28903198242,1153,3053,3020,0,0,3,0,0,0
5295,5604.52734375,4525.4091796875,119.16388702393,235.4026184082,324.28903198242,1154,3053,3020,0,0,3,0,0,0
5324,233.3125,2894.91796875,61.49022293091,149.7449798584,178.27032470703,1116,1719,1771,1719,1771,3,0,0,0
5329,6473.21484375,1297.12109375,-19.81694602966,16.06945610046,29.87069702148,1116,1860,1868,2041,1868,3,0,0,0
5417,0,0,0,2.81930232048,13.88888931274,1228,1800,1868,1800,1868,3,0,0,0
5419,348.21875,-207.599609375,85.63720703125,116.03014373779,157.29382324219,1116,1665,1717,1665,0,3,0,0,0
5420,489.77734375,-77.193359375,93.62754821777,132.60610961914,189.87953186035,1116,1665,1717,1665,0,3,0,0,0
5422,-238.44140625,-1163.4375,-26.31597328186,105.87642669678,157.29382324219,1116,1893,1717,1884,1717,3,0,0,0
5423,771.16796875,-194.7265625,17.63625717163,112.2033996582,164.28007507324,1116,1768,9,0,0,3,0,0,0
5429,6241.63671875,109.54296875,48.76625442505,89.8034286499,140.22604370117,1116,2068,1868,2068,1868,3,0,0,0
5430,6357.1376953125,219.921875,48.76625442505,146.25570678711,175.27987670898,1116,2068,1868,2068,1868,3,0,0,0
5431,6164.6455078125,504.984375,48.76625442505,110.1770324707,139.4987487793,1116,2068,1868,2068,1868,3,0,0,0
5432,5927.5205078125,1776.8447265625,61.78541564941,137.0777130127,166.19467163086,1116,1897,9,2057,0,3,0,0,0
5433,-2234.203125,1107.2822265625,-12.26267814636,83.06297302246,135.69369506836,1116,1898,1771,1898,1771,3,0,0,0
5456,5168.55859375,1662.19921875,80.27362060547,273.16284179688,416.12350463867,1116,1901,1977,1901,1977,3,0,0,0
5459,2788.19921875,1785.46484375,141.1070098877,119.56482696533,165.6623840332,1116,1900,9,2042,9,3,0,0,0
5469,3023.46484375,1804.99609375,83.98386383057,243.66664123535,288.86587524414,1116,1900,9,2042,9,3,0,0,0
5470,3449.541015625,1396.3466796875,121.97441864014,204.8526763916,240.76774597168,1116,1900,9,2042,9,3,0,0,0
5471,3414.49609375,1736.8623046875,64.38539886475,250.95356750488,298.63732910156,1116,1900,9,2042,9,3,0,0,0
5472,2665.216796875,1640.29296875,122.41240692139,188.87837219238,248.9663848877,1116,1900,9,2042,9,3,0,0,0
5473,2390.65234375,1793.2236328125,110.536277771,188.87837219238,240.34426879883,1116,1900,9,2042,9,3,0,0,0
5475,1902.7861328125,1280.9609375,98.45046234131,139.55006408691,177.0860748291,1116,1900,9,2042,9,3,0,0,0
5476,1947.494140625,1134.07421875,98.45046234131,114.21237945557,149.22727966309,1116,1900,9,2042,9,3,0,0,0
5477,3702.41796875,1765.791015625,57.37874221802,236.17231750488,276.1755065918,1116,1900,9,2042,9,3,0,0,0
5478,2868.43359375,2641.8310546875,14.97447872162,243.66664123535,290.65835571289,1116,1900,9,2042,9,3,0,0,0
5480,2626.58984375,2428.2177734375,41.29812240601,172.80451965332,217.23475646973,1116,1900,9,2042,9,3,0,0,0
5482,1900.0830078125,2169.6748046875,25.32569313049,229.28985595703,284.26522827148,1116,1900,9,2042,9,3,0,0,0
5483,1059.3486328125,3412.0595703125,42.61809921265,225.18844604492,297.22232055664,1116,1900,9,2042,9,3,0,0,0
5484,3475.58984375,2023.3330078125,100.43621063232,139.65148925781,173.83251953125,1116,1900,9,2042,9,3,0,0,0
5485,3732.3037109375,2124.6728515625,9.87242889404,218.2852935791,257.15835571289,1116,1900,9,2042,9,3,0,0,0
5487,2140.1435546875,1104.5205078125,79.2463760376,118.1580581665,162.1106262207,1116,1900,9,2042,9,3,0,0,0
5488,2106.74609375,1147.16796875,49.80640411377,198.51162719727,243.91339111328,1116,1900,9,2042,9,3,0,0,0
5489,2446.4365234375,963.0029296875,88.73390197754,121.81083679199,164.83877563477,1116,1900,9,2042,9,3,0,0,0
5490,2597.2685546875,969.166015625,177.85569763184,121.81083679199,164.83877563477,1116,1900,9,2042,9,3,0,0,0
5491,3605.0029296875,1405.44921875,56.7342414856,199.05436706543,252.88717651367,1116,1900,9,2042,9,3,0,0,0
5495,391.01171875,2043.4736328125,-62.31694793701,147.39532470703,177.77247619629,1116,1908,9,1908,9,3,0,0,0
5496,326.71875,697.0341796875,8.59032154083,116.07357025147,150.23249816895,1116,1909,9,2055,9,3,0,0,0
5497,-416.0625,682.9873046875,173.27261352539,41.63118743896,60.21947097778,1116,1756,9,1756,9,3,0,0,0
5498,51.9375,913.6171875,86.07132720947,125.69381713867,187.87879943848,1116,1945,9,1945,9,3,0,0,0
5499,-344.302734375,1544.1142578125,435.83306884766,169.59643554688,287.59790039063,1116,1851,1771,2037,1771,3,0,0,0
5501,290.890625,2465.7666015625,8.15142631531,136.9376373291,189.3497467041,1116,1851,1771,2037,1771,3,0,0,0
5506,5664.3486328125,1086.3330078125,93.49423980713,57.87322235107,91.95269775391,1116,1901,1977,1901,1977,3,0,0,0
5507,5600.1025390625,1149.8642578125,80.27362060547,97.67066192627,139.83990478516,1116,1901,1977,1901,1977,3,0,0,0
5512,1135.2529296875,-883.875,-73.18402862549,51.71940231323,135.39976501465,1116,1925,9,0,0,3,0,0,0
5513,1165.0654296875,-952.625,-78.34027862549,51.71940231323,135.39976501465,1116,1925,9,0,0,3,0,0,0
5514,1179.2529296875,-1052.095703125,-77.62152862549,51.71940231323,135.39976501465,1116,1925,9,0,0,3,0,0,0
5515,1597.74609375,-1304.08203125,-22.17708396912,110.63905334473,223.67219543457,1116,1926,1868,1926,1868,3,0,0,0
5516,1664.94921875,-1487.755859375,0.8784725666,122.81239318848,163.50161743164,1116,1926,1868,1926,1868,3,0,0,0
5517,1790.6796875,-1299.125,-0.59201389551,152.53453063965,223.67219543457,1116,1926,1868,1926,1868,3,0,0,0
5518,1983.1552734375,-1276.53125,-0.54340279102,110.63905334473,223.67219543457,1116,1926,1868,1926,1868,3,0,0,0
5519,1469.244140625,-1712.0625,41.11458206177,51.71940231323,135.39976501465,1116,1925,9,0,0,3,0,0,0
5521,-772.177734375,-761.19140625,97.72222137451,74.72066497803,175.92837524414,1116,1925,9,0,0,3,0,0,0
5523,-115.30078125,-249.84375,91.09027862549,112.2033996582,194.59864807129,1116,1768,9,0,0,3,0,0,0
5524,-137.453125,-132.73828125,73.640625,112.2033996582,194.59864807129,1116,1768,9,0,0,3,0,0,0
5527,-23.15625,-731.00390625,16.40516471863,92.06665802002,130.05981445313,1116,1865,9,1865,0,3,0,0,0
5528,-480.984375,-320.849609375,16.24885368347,58.38631057739,76.22904968262,1116,1931,9,0,0,3,0,0,0
5529,606.28125,-1210.115234375,16.24884033203,58.38631057739,144.40800476074,1116,1931,9,0,0,3,0,0,0
5534,-750.392578125,2444.275390625,-33.23175430298,142.25736999512,248.52424621582,1116,1936,1771,1936,1771,3,0,0,0
5541,3084.96484375,4976.65234375,127.89109802246,140.01786804199,196.3878326416,1116,1943,9,2059,9,3,0,0,0
5542,5792.29296875,311.994140625,15.81879043579,55.89783859253,203.12281799316,1116,1901,1977,1901,1977,3,0,0,0
5543,5792.46484375,172.998046875,15.81879043579,55.89783859253,238.53950500488,1116,1901,1977,1901,1977,3,0,0,0
5544,4532.79296875,-4681.50390625,198.06135559082,8.11292171478,14.7500743866,1116,1944,1868,2047,1868,3,0,0,0
5545,5942.08984375,71.275390625,15.81878662109,54.15240859985,155.05554199219,1116,1901,1977,1901,1977,3,0,0,0
5546,6020.15625,18.8359375,12.00150585175,54.15240859985,133.69302368164,1116,1901,1977,1901,1977,3,0,0,0
5547,-774.625,1082.228515625,-20.4455871582,73.68450927734,120.18710327148,1116,1948,9,1948,9,3,0,0,0
5549,-879.396484375,983.6455078125,-17.28105354309,72.18215179443,133.55874633789,1116,1948,9,1948,9,3,0,0,0
5551,4374.01171875,-2128.515625,2.14583325386,277.82327270508,349.09436035156,1116,1872,9,1872,0,3,0,0,0
5552,4041.8330078125,-2166.564453125,21.10537910461,250.43659973145,488.28607177734,1116,1872,9,1872,0,3,0,0,0
5555,408,-859.693359375,48.79124069214,19.7098236084,31.90685081482,1116,1949,1717,1884,1717,3,0,0,0
5556,577.84375,-2568.953125,46.52620315552,406.2575378418,505.53408813477,1116,1952,9,0,0,3,0,0,0
5557,99.607421875,2856.2470703125,46.70138931274,136.74925231934,173.01634216309,1116,1719,1771,1719,1771,3,0,0,0
5558,-29.0625,2873.44921875,7.23039579391,81.22107696533,122.31091308594,1116,1719,1771,1719,1771,3,0,0,0
5559,24.4609375,2788.2998046875,59.31237792969,72.81382751465,111.55534362793,1116,1719,1771,1719,1771,3,0,0,0
5565,7104.4248046875,1744.0966796875,70.48090362549,90.40767669678,127.76103973389,1116,1961,9,2056,0,3,0,0,0
5567,7229.3017578125,1832.32421875,69.24478912354,125.34336090088,173.33297729492,1116,1961,9,2056,0,3,0,0,0
5568,7337.208984375,1690.68359375,74.60590362549,90.40767669678,127.76103973389,1116,1961,9,2056,0,3,0,0,0
5569,0,0,0,95.68482208252,139.75079345703,1205,1963,9,0,0,3,0,0,0
5573,6673.1904296875,7222.6455078125,14.80685806274,0.26818180084,302.69396972656,1060,1885,9,0,0,3,0,0,0
5575,8643.5751953125,923.30859375,-105.02040100098,554.97869873047,670.91290283203,1116,1636,9,1636,0,3,0,0,0
5615,439.134765625,1581.6748046875,87.453125,102.78505706787,127.0426864624,1279,1901,1977,1901,1977,3,0,0,0
5616,0,0,0,64.32563018799,96.43501281738,1279,173,9,173,0,3,0,0,0
5619,2418.7177734375,674.525390625,64.33159637451,80.80366516113,109.75994110107,1280,364,33,364,33,3,0,0,0
5621,-142.34375,1081.1259765625,62.13486862183,45.00825500488,62.69572067261,1116,1970,1971,2053,1971,3,0,0,0
5626,4356.3486328125,-3896.9375,8.578125,53.08278274536,121.25102996826,1116,1972,1868,1972,1868,3,0,0,0
5627,4272.76171875,-3884.1953125,8.578125,70.04656219482,123.20623016357,1116,1972,1868,1972,1868,3,0,0,0
5628,4406.1279296875,-4008.453125,21.87326431274,58.61192703247,121.25102996826,1116,1972,1868,1972,1868,3,0,0,0
5629,-82.86328125,1081.5830078125,56.94141387939,62.71903610229,83.92593383789,1116,1970,1971,2053,1971,3,0,0,0
5630,-17.671875,1116.0498046875,69.26876068115,46.4178237915,63.91680145264,1116,1970,1971,2053,1971,3,0,0,0
5637,5416.2041015625,4548.240234375,139.12326049805,47.04928207397,72.86574554443,1116,1979,1868,1979,1868,3,0,0,0
5638,5471.80859375,4619.8779296875,134.44966125488,47.04928207397,72.86574554443,1116,1979,1868,1979,1868,3,0,0,0
5639,4266.5205078125,-3774.3828125,1.59722220898,70.04656219482,123.20623016357,1116,1972,1868,1972,1868,3,0,0,0
5647,4878.8486328125,-3637.125,0.02205356024,52.54793548584,102.7453994751,1116,1982,1868,1982,1868,3,0,0,0
5648,4816.3466796875,-3668.0078125,-1.46313560009,52.54793548584,102.7453994751,1116,1982,1868,1982,1868,3,0,0,0
5655,2930.443359375,1672.8798828125,274.31430053711,71.97361755371,110.6060333252,1220,2070,3082,2755,3082,3,0,0,0
5657,667.875,2088.087890625,153.04286193848,2.87240099907,15.45340156555,1279,1892,1978,1892,1978,3,0,0,0
5658,639.828125,1555.07421875,126.75,96.34866333008,171.5679473877,1279,1901,1977,1901,1977,3,0,0,0
5659,760.7421875,1434.48046875,87.30034637451,80.69272613525,117.86762237549,1279,1901,1977,1901,1977,3,0,0,0
5660,441.681640625,1341.8173828125,113.83680725098,43.24720001221,116.55718231201,1279,1901,1977,1901,1977,3,0,0,0
5663,0,0,0,169.5574798584,243.74116516113,1190,3051,3020,3051,3022,3,0,0,0
5665,4231.62109375,1736.7998046875,130.05035400391,106.29624938965,186.21809387207,1116,1988,9,1988,9,3,0,0,0
5666,4090.98046875,1626.63671875,144.046875,106.29624938965,186.21809387207,1116,1988,9,1988,9,3,0,0,0
5667,4086.3154296875,1460.7509765625,145.96528625488,106.29624938965,186.21809387207,1116,1988,9,1988,9,3,0,0,0
5668,0,0,0,67.56108856201,96.09981536865,1280,557,557,557,557,3,0,0,0
5678,7123.2646484375,181.09375,140.21553039551,76.53562164307,159.5823059082,1116,1901,1977,1901,1977,3,0,0,0
5679,7210.38671875,-658.19140625,140.21553039551,76.53562164307,159.5823059082,1116,1901,1977,1901,1977,3,0,0,0
5680,7267.1123046875,-921.03125,105.75868225098,76.53562164307,159.5823059082,1116,1901,1977,1901,1977,3,0,0,0
5681,7604.3642578125,-732.6328125,114.72743225098,63.73815155029,159.5823059082,1116,1901,1977,1901,1977,3,0,0,0
5682,7877.109375,-734.203125,74.21981048584,51.53238677979,95.94470977783,1116,1901,1977,1901,1977,3,0,0,0
5683,7489.4111328125,362.291015625,105.4599609375,97.62330627441,121.32417297363,1116,1994,1978,2040,1978,3,0,0,0
5684,7583.5673828125,349.52734375,105.4599609375,77.70001220703,111.11936187744,1116,1994,1978,2040,1978,3,0,0,0
5685,7469.4267578125,-862.203125,96.34201812744,77.70001220703,119.57808685303,1116,1994,1978,2040,1978,3,0,0,0
5686,7470.2236328125,206.33984375,105.4599609375,77.70001220703,111.11936187744,1116,1994,1978,2040,1978,3,0,0,0
5687,7686.5908203125,360.90234375,105.4599609375,77.70001220703,121.74701690674,1116,1994,1978,2040,1978,3,0,0,0
5688,7333.1923828125,351.9375,105.4599609375,97.62330627441,155.55445861816,1116,1994,1978,2040,1978,3,0,0,0
5689,7219.13671875,430.1875,105.4599609375,97.62330627441,155.55445861816,1116,1994,1978,2040,1978,3,0,0,0
5690,7095.13671875,459.587890625,105.4599609375,97.62330627441,155.55445861816,1116,1994,1978,2040,1978,3,0,0,0
5691,7492.8876953125,88.734375,142.703125,77.70001220703,117.54913330078,1116,1994,1978,2040,1978,3,0,0,0
5692,2262.134765625,4172.6298828125,203.58590698242,250.07002258301,341.33090209961,1116,1995,1868,2043,1868,3,0,0,0
5693,-890.34375,1105.3330078125,-20.79406166077,58.93423080444,117.06609344482,1116,1948,9,1948,9,3,0,0,0
5694,4531.6005859375,5495.7958984375,136.51509094238,115.25575256348,169.42724609375,1116,1998,1868,1998,1868,3,0,0,0
5695,-2165.09765625,1364.15234375,-8.32833194733,73.73460388184,124.29173278809,1116,1999,2000,2062,2000,3,0,0,0
5696,-2178.890625,1478.2060546875,-10.39339160919,72.38221740723,124.58764648438,1116,1999,2000,2062,2000,3,0,0,0
5697,-2454.625,1262.2353515625,-44.04080963135,105.74746704102,154.09219360352,1116,1999,2000,2062,2000,3,0,0,0
5698,-1686.265625,817.4580078125,-40.96166992188,106.82215118408,168.95706176758,1116,1999,2000,2062,2000,3,0,0,0
5699,-1295.1875,736.2109375,-48.70666885376,85.18852996826,149.82815551758,1116,1999,2000,1999,2000,3,0,0,0
5700,-1494.25,790.0361328125,-23.6874370575,64.74475097656,146.53059387207,1116,1999,2000,2062,2000,3,0,0,0
5701,-1100.943359375,668.96484375,-12.83525180817,85.18852996826,169.87049865723,1116,1999,2000,2062,2000,3,0,0,0
5702,-893.015625,546.63671875,-4.15736865997,100.22801208496,186.56489562988,1116,1999,2000,2062,2000,3,0,0,0
5703,-809.984375,363.390625,-5.97471570969,105.31754302979,221.66491699219,1116,1999,2000,2062,2000,3,0,0,0
5704,-659.265625,158.609375,-0.38021031022,100.22801208496,191.05151367188,1116,1999,2000,2062,2000,3,0,0,0
5705,-642.021484375,325.15625,-0.52604395151,72.82194519043,139.77041625977,1116,1999,2000,2062,2000,3,0,0,0
5706,-449.0625,243.84375,-13.33781814575,122.7748336792,179.5320892334,1116,1999,2000,2062,2000,3,0,0,0
5707,-193.1640625,229.375,-14.14402484894,139.23014831543,204.36611938477,1116,1999,2000,2062,2000,3,0,0,0
5708,-470.953125,2861.6298828125,-49.73358535767,209.09454345703,292.3896484375,1116,1999,2000,2062,2000,3,0,0,0
5709,-412.375,2618.40234375,-51.84383392334,171.54891967773,252.61289978027,1116,1999,2000,2062,2000,3,0,0,0
5710,-274.53125,2747.6630859375,-43.95888900757,152.61042785645,236.98956298828,1116,1999,2000,2062,2000,3,0,0,0
5711,-1915.9375,1619.41796875,-6.78643369675,46.34896087646,97.21394348145,1116,1999,2000,2062,2000,3,0,0,0
5712,4790.0810546875,-3835.826171875,-1.46313560009,52.54793548584,102.7453994751,1116,1982,1868,1982,1868,3,0,0,0
5713,4797.7548828125,-3751.17578125,-1.46313560009,70.97426605225,102.7453994751,1116,1982,1868,1982,1868,3,0,0,0
5715,4113.7548828125,-4462.96875,35.29329299927,109.27052307129,158.93087768555,1116,2024,1868,2051,1868,3,0,0,0
5718,5349.0986328125,-4106.30078125,58.21843719482,11.6844367981,14.7997636795,1116,2005,1868,2058,1868,3,0,0,0
5719,5412.4267578125,-4071.53125,10.3801612854,25.88843154907,39.59972000122,1116,2006,1868,2050,1868,3,0,0,0
5721,0,0,0,109.30877685547,158.62893676758,1431,396,9,517,0,3,0,0,0
5722,3383.7082519531,7552.2866210938,-657.05145263672,189.34382629395,239.10679626465,1220,3064,2520,2740,0,3,0,0,0
5723,3747.0361328125,7660.5986328125,24.95106315613,67.56469726563,103.0221862793,1228,2010,1868,2010,1868,3,0,0,0
5724,3747.0361328125,7660.5986328125,24.95106315613,67.56469726563,103.0221862793,1116,2010,1868,2039,1868,3,0,0,0
5726,3944.49609375,7756.9052734375,36.95824050903,67.44718170166,110.42897033691,1116,1867,1868,1867,1868,3,0,0,0
5727,4098.5380859375,7727.3955078125,36.95824050903,158.85733032227,213.26766967773,1116,1867,1868,1867,1868,3,0,0,0
5728,4098.5380859375,7727.3955078125,36.95824050903,158.85733032227,213.26766967773,1228,1867,1868,1867,1868,3,0,0,0
5729,3944.49609375,7756.9052734375,36.95824050903,67.44718170166,110.42897033691,1228,1867,1868,1867,1868,3,0,0,0
5730,3870.1298828125,7808.9970703125,36.95824050903,71.4408416748,115.85838317871,1228,1867,1868,1867,1868,3,0,0,0
5732,3870.1298828125,7808.9970703125,36.95824050903,71.4408416748,115.85838317871,1116,1867,1868,1867,1868,3,0,0,0
5740,1892.3486328125,5098.24609375,198.57118225098,329.63940429688,471.85064697266,1116,1783,1868,2066,1868,3,0,0,0
5741,5412.5986328125,-4207.427734375,4.35473632813,80.21421051025,107.43727111816,1116,2011,1868,2058,1868,3,0,0,0
5744,5251.68359375,-4196.3125,3.62847232819,44.77227020264,59.78047180176,1116,2012,1868,2012,1868,3,0,0,0
5801,-2175.78125,1015.7772827148,2.05381941795,65.54777526855,165.14717102051,1116,1898,1771,1898,1771,3,0,0,0
5802,4055.9072265625,-2487.52734375,86.84722137451,67.68482971191,95.89902496338,1116,2013,9,2013,0,3,0,0,0
5804,3982.23046875,-2518.953125,86.84722137451,39.101146698,81.47147369385,1116,2013,9,2013,0,3,0,0,0
5806,1505.19921875,708.6259765625,72.30902862549,62.06897735596,93.44905090332,1116,1665,9,1665,0,3,0,0,0
5807,1675.63671875,850.96484375,43.87152862549,127.12196350098,179.41076660156,1116,1665,9,1665,0,3,0,0,0
5811,4483.3603515625,-2824.9375,4.95386362076,77.59722137451,93.36574554443,1116,2014,9,2014,0,3,0,0,0
5814,1852.8466796875,238.7421875,78.1360168457,172.31217956543,218.00114440918,1116,2016,9,2016,0,3,0,0,0
5816,2110.26171875,583.669921875,43.87152862549,162.64956665039,223.13757324219,1116,2019,9,2019,0,3,0,0,0
5818,1864.7861328125,582.4375,55.45627212524,110.94037628174,164.54048156738,1116,2019,9,2019,0,3,0,0,0
5819,2007.5546875,563.33984375,43.87152862549,127.12196350098,179.41076660156,1116,2019,9,2019,0,3,0,0,0
5820,2051.5986328125,669.982421875,43.87152862549,162.64956665039,223.13757324219,1116,2019,9,2019,0,3,0,0,0
5821,1740.8173828125,555.431640625,55.45627212524,91.21025085449,136.87893676758,1116,2019,9,2019,0,3,0,0,0
5822,3747.4716796875,-3932.01953125,27.8694190979,7.72737026215,15.15609073639,1116,2020,1868,2049,1868,3,0,0,0
5823,3626.5205078125,-4068.837890625,6.66351985931,17.05951690674,35.87557220459,1116,2021,1868,2047,1868,3,0,0,0
5836,4535.9580078125,-3740.25,21.27025032043,30.1214427948,73.93468475342,1116,2001,1868,2051,1868,3,0,0,0
5922,4303.4150390625,-2824.9375,4.95386552811,57.50771713257,64.97866821289,1116,2014,9,2014,0,3,0,0,0
5923,4222.1123046875,-2799.048828125,4.95387268066,60.69093704224,69.31771087646,1116,2014,9,2014,0,3,0,0,0
5924,4126.7822265625,-2813.66015625,4.95387649536,65.61721801758,74.63719940186,1116,2014,9,2014,0,3,0,0,0
5925,4392.9521484375,-2824.9375,4.9538640976,60.38399887085,67.15342712402,1116,2014,9,2014,0,3,0,0,0
5927,156.984375,1845.447265625,-39.62529373169,137.20338439941,164.93702697754,1116,1782,9,2054,9,3,0,0,0
5928,-1006.724609375,-411.28515625,-22.52907752991,142.42666625977,205.38610839844,1116,2033,9,2033,9,3,0,0,0
5936,244.8125,1486.2666015625,-26.02703285217,88.08554840088,117.98838806152,1116,1782,9,2054,9,3,0,0,0
5938,101.248046875,1331.7392578125,-18.04068946838,102.02973175049,139.36463928223,1116,1782,9,2054,9,3,0,0,0
5947,3723.7470703125,4838.4501953125,87.99305725098,72.89202880859,124.01309967041,1116,2036,9,2036,9,3,0,0,0
5948,3880.8486328125,4848.13671875,74.7081451416,90.1305770874,122.70957183838,1116,2036,9,2036,9,3,0,0,0
5949,3902.5048828125,4741.9892578125,108.83257293701,90.1305770874,122.70957183838,1116,2036,9,2036,9,3,0,0,0
5950,3796.2373046875,4716.19921875,72.82321929932,90.1305770874,122.70957183838,1116,2036,9,2036,9,3,0,0,0
5956,1542.947265625,2186.9580078125,42.61809921265,200.57456970215,244.98541259766,1116,1900,9,2042,9,3,0,0,0
5957,1309.30859375,3598.1171875,100.23654937744,185.79598999023,232.64117431641,1116,1900,9,2042,9,3,0,0,0
5958,1498.8798828125,3810.0869140625,97.62245178223,194.29975891113,260.19982910156,1116,1900,9,2042,9,3,0,0,0
5959,1950.69921875,3752.912109375,88.27074432373,206.04179382324,276.99887084961,1116,1900,9,2042,9,3,0,0,0
5960,888.6416015625,3125.1416015625,58.98211669922,200.57456970215,244.98541259766,1116,1900,9,2042,9,3,0,0,0
5961,858.90234375,2873.5205078125,81.34925842285,195.83772277832,239.98420715332,1116,1900,9,2042,9,3,0,0,0
5962,836.1767578125,2638.02734375,106.89967346191,131.66903686523,165.33544921875,1116,1900,9,2042,9,3,0,0,0
5963,841.46484375,3310.69921875,45.49404907227,153.51264953613,202.71737670898,1116,1900,9,2042,9,3,0,0,0
5964,1711.0498046875,3638.3525390625,78.6561050415,206.04179382324,276.99887084961,1116,1900,9,2042,9,3,0,0,0
5967,1863.1455078125,3942.4375,167.75868225098,127.24865722656,191.04379272461,1116,1900,9,2042,9,3,0,0,0
5975,3921,8684.1533203125,544.099609375,66.22939300537,99.62155914307,1228,1869,1868,1869,1868,3,0,0,0
5979,4483.359375,-2824.9375,4.95386362076,77.59722137451,93.36574554443,1265,2014,9,0,0,3,0,0,0
5980,4303.4140625,-2824.9375,4.95386552811,57.50771713257,64.97866821289,1265,2014,9,0,0,3,0,0,0
5981,4222.1123046875,-2799.048828125,4.95387268066,60.69093704224,69.31771087646,1265,2014,9,0,0,3,0,0,0
5982,4126.78125,-2813.66015625,4.95387649536,65.61721801758,74.63719940186,1265,2014,9,0,0,3,0,0,0
5983,4392.951171875,-2824.9375,4.9538640976,60.38399887085,67.15342712402,1265,2014,9,0,0,3,0,0,0
5984,4055.90625,-2487.529296875,86.84722137451,67.68482971191,95.89902496338,1265,2013,9,0,0,3,0,0,0
5985,3982.23046875,-2518.953125,86.84722137451,39.101146698,81.47147369385,1265,2013,9,0,0,3,0,0,0
5986,4108.87109375,-2212.828125,33.43555831909,277.82327270508,349.09436035156,1265,1872,9,1872,0,3,0,0,0
5987,4374.01171875,-2128.515625,2.14583325386,277.82327270508,349.09436035156,1265,1872,9,1872,0,3,0,0,0
5988,4005.90234375,-2120.595703125,21.10537910461,250.43659973145,349.09436035156,1265,1872,9,1872,0,3,0,0,0
5989,4108.2685546875,4334.978515625,2.80763936043,173.26289367676,206.06977844238,1116,1863,1868,1863,1868,3,0,0,0
5990,4195.2236328125,4214.24609375,2.80763936043,133.7004699707,185.08438110352,1116,1863,1868,1863,1868,3,0,0,0
5991,4422.201171875,4492.5830078125,2.80763578415,133.7004699707,185.08438110352,1116,1863,1868,1863,1868,3,0,0,0
5992,3982.2705078125,3970.494140625,2.80764746666,107.99928283691,155.30786132813,1116,1863,1868,1863,1868,3,0,0,0
5993,4291.2900390625,4413.822265625,2.80764055252,155.63159179688,204.32504272461,1116,1863,1868,1863,1868,3,0,0,0
5994,4272.58984375,7703.8955078125,-25.68064117432,158.85733032227,242.67378234863,1116,1867,1868,1867,1868,3,0,0,0
5995,4305.2119140625,7713.4345703125,36.95824050903,187.14179992676,260.14297485352,1228,1867,1868,1867,1868,3,0,0,0
5997,4799.9970703125,-1600,0,4.71549940109,28.55575561523,1265,12,9,0,0,3,0,0,0
5998,0,0,0,2.28880095482,21.72093582153,1265,2069,9,0,0,3,0,0,0
6010,-10777.650390625,-16072.888671875,198.36735534668,276.27355957031,330.16131591797,1060,2031,9,0,0,3,0,0,0
6020,5451.8046875,3694.7490234375,131.10316467285,94.00249481201,137.79142761231,1220,2077,1323,2776,0,3,0,0,0
6045,-16255.841796875,16285.044921875,9.79025650024,352.32870483398,382.62240600586,1060,1858,9,0,0,3,0,0,0
6087,3839.1123046875,-1354.986328125,91.421875,133.54214477539,183.10591125488,1116,2106,9,2106,0,3,0,0,0
6088,4309.865234375,-1473.78125,79.25694274902,85.99550628662,170.17065429688,1116,2106,9,2106,0,3,0,0,0
6093,4127.6435546875,2857.43359375,229.60916137695,28.72095489502,40.74341964722,1220,3073,3083,3073,3083,3,0,0,0
6094,-3950.462890625,10056.8046875,357.35073852539,536.54870605469,815.63598632813,1060,2099,9,0,0,3,0,0,0
6095,-1088.0607910156,2957.9157714844,76.99019622803,54.49056625366,91.03728485107,1220,3201,2800,3201,0,3,0,0,0
6096,3487.7705078125,1854.1611328125,-181.03010559082,337.94369506836,410.39508056641,1220,2101,3082,2101,3082,3,0,0,0
6098,3688.2783203125,1819.072265625,-56.66811752319,233.12457275391,299.62420654297,1220,2101,3082,2101,3082,3,0,0,0
6102,0,0,0,173.5225982666,229.78518676758,1458,2110,9,0,0,3,0,0,0
6103,3500.10546875,1515.7529296875,66.57468414307,158.08741760254,183.99021911621,1458,2108,9,0,0,3,0,0,0
6112,4480.947265625,7753.232421875,-385.00360107422,112.78916931152,135.72639465332,1220,3064,3020,0,0,3,0,0,0
6113,4493.0146484375,6804.35546875,-453.71279907227,52.17694473267,67.08200836182,1220,2105,3020,0,0,3,0,0,0
6114,3960.0361328125,-668.34375,30.88541603088,236.67491149902,294.46310424805,1448,2112,9,0,0,3,0,0,0
6115,-391.30035400391,7182.6127929688,-163.19775390625,35.98015975952,35.98015975952,1220,2113,2588,2113,0,3,0,0,0
6124,4810.005859375,271.4375,198.57466125488,114.07610321045,162.67720031738,1116,2124,9,2124,0,3,0,0,0
6125,4771.3466796875,420.25,223.97743225098,122.86039733887,176.28657531738,1116,2124,9,2124,0,3,0,0,0
6126,4404.8037109375,826.1279296875,175.48263549805,95.56675720215,143.54203796387,1116,2124,9,2124,0,3,0,0,0
6127,4497.6005859375,716.2705078125,171.26910400391,93.95111083984,154.92337036133,1116,2124,9,2124,0,3,0,0,0
6128,4100.0556640625,-1073.34765625,270.07907104492,24.45906066895,30.44775772095,1116,2126,9,2126,0,3,0,0,0
6142,4083.5751953125,537.953125,316.76229858398,19.9275302887,30.95260047913,1116,2129,9,2129,0,3,0,0,0
6143,0,0,0,799.58984375,799.58984375,1462,507,9,0,0,3,0,0,0
6144,13626.005859375,8670.9267578125,24,218.56477355957,454.91744995117,1060,1938,9,0,0,3,0,0,0
6145,-3668.763671875,6540.2080078125,132.9375,57.45642852783,101.61670684815,974,1129,1127,1129,805,3,0,0,0
6146,0,0,0,1.11901021004,125.87550354004,1463,2137,2242,2137,2242,3,0,0,0
6153,-1077.203125,6592.6806640625,642.42193603516,49.56930541992,147.90867614746,1220,1887,2588,1887,0,3,0,0,0
6167,3979.4423828125,792.8017578125,152.09591674805,121.82504272461,176.2794342041,1464,3072,3020,0,0,3,0,0,0
6180,1068.5798339844,6094.736328125,77.52606964111,96.12661743164,171.43406677246,1220,2090,3020,2090,0,3,0,0,0
6202,2138.7707519531,7219.8090820312,49.20840835571,155.7056427002,203.19485473633,1220,2133,3020,2133,0,3,0,0,0
6211,2555.9582519531,6611.7319335938,-65.04752349854,11.59782409668,23.06911087036,1220,2652,2661,2652,0,3,0,0,0
6212,2783.8486328125,7568.6064453125,-98.72052764893,73.04586029053,73.04586029053,1220,2139,3020,2734,0,3,0,0,0
6213,2213.29296875,2242.4814453125,349.45846557617,87.50947570801,124.3377532959,1220,2140,3082,2140,3082,3,0,0,0
6214,2080.2666015625,2501.2177734375,502.68832397461,223.87300109863,280.21536254883,1220,2140,3082,2140,3082,3,0,0,0
6218,3098.421875,7387.6728515625,171.6343536377,199.21923828125,262.66961669922,1220,3065,3020,3065,0,3,0,0,0
6219,458.36633300781,748.43402099609,-12.39034557343,68.77288818359,85.93428039551,1463,2141,2242,2141,2242,3,0,0,0
6220,462.96353149414,630.75866699219,2.65104174614,13.66167640686,51.18655395508,1463,2141,2242,2141,2242,3,0,0,0
6221,446.13369750977,550.8125,-17.50497055054,75.43859863281,102.51680755615,1463,2141,2242,2141,2242,3,0,0,0
6223,190.716796875,881.52734375,12.01909732819,49.84846115112,62.3896484375,1463,2141,2242,2141,2242,3,0,0,0
6224,97.904296875,874.1923828125,-5.84375,40.81000137329,61.63722229004,1463,2141,2242,2141,2242,3,0,0,0
6225,285.640625,839.3017578125,14.75,49.84846115112,62.3896484375,1463,2141,2242,2141,2242,3,0,0,0
6227,339.931640625,742.8017578125,8.61458301544,49.84846115112,62.3896484375,1463,2141,2242,2141,2242,3,0,0,0
6228,370.03125,651.822265625,1.390625,49.84846115112,62.3896484375,1463,2141,2242,2141,2242,3,0,0,0
6229,655.56427001953,6683.158203125,76.01444244385,139.26463317871,210.71989440918,1220,2243,3020,2243,0,3,0,0,0
6230,512.95489501953,5884.0112304688,41.32638931274,88.34802246094,139.61030578613,1220,2127,3020,2127,0,3,0,0,0
6243,3364.8271484375,-471.7578125,171.93254089356,11.30971813202,26.85367774963,1116,2083,9,2083,0,3,0,0,0
6247,3297.5205078125,-1498.609375,10.87847900391,163.35908508301,259.10461425781,1116,2159,9,2159,0,3,0,0,0
6248,3229.2880859375,-1016.224609375,10.87848377228,94.82933044434,218.61430358887,1116,2159,9,2159,0,3,0,0,0
6249,3168.978515625,-1310.578125,5.18599939346,94.82933044434,284.87106323242,1116,2159,9,2159,0,3,0,0,0
6250,3416.2548828125,195.90625,63.69786453247,219.3260345459,279.8493347168,1116,2126,9,2126,0,3,0,0,0
6251,3340.8828125,43.404296875,160.89958190918,104.83202362061,149.75308227539,1116,2126,9,2126,0,3,0,0,0
6255,3676.2646484375,779.1904296875,161.98469543457,9.22025108337,149.29533386231,1116,2093,9,2093,0,3,0,0,0
6256,4075.6572265625,1260.056640625,145.96528625488,213.41700744629,319.80032348633,1116,1988,9,1988,9,3,0,0,0
6257,3951.2158203125,1025.4423828125,158.73263549805,130.07543945313,210.15455627441,1116,1988,9,1988,9,3,0,0,0
6263,4572.51171875,541.765625,228.52256774902,111.50549316406,171.06346130371,1116,2124,9,2124,0,3,0,0,0
6264,1949.2934570312,6884.3559570312,-130.34254455566,53.35918426514,68.05651855469,1220,2585,3020,2585,0,3,0,0,0
6265,4178.8017578125,2537.4580078125,40.53925323486,763.25274658203,907.13537597656,1448,2191,9,0,0,3,0,0,0
6266,2912.94921875,5722.3310546875,144.45845031738,23.5254573822,41.50264358521,1220,3075,2679,3075,0,3,0,0,0
6278,2417.9462890625,7023.0122070312,67.84375762939,144.30335998535,161.70896911621,1220,2748,3020,2737,0,3,0,0,0
6284,3000.4660644531,1986.7482910156,272.64163208008,92.67581176758,133.95153808594,1466,2184,9,0,0,3,0,0,0
6285,2932.6535644531,1722.4010009766,136.38897705078,137.7001953125,213.0475769043,1466,2789,9,0,0,3,0,0,0
6288,0,0,0,1.62248718739,43.55942153931,1466,2407,9,0,0,3,0,0,0
6289,1820.7639160156,7051.7084960938,38.64129257202,108.56611633301,151.20643615723,1220,2186,3020,2186,0,3,0,0,0
6296,576.13714599609,5417.7641601562,53.57883453369,93.96234893799,162.11968994141,1220,2796,3020,2796,0,3,0,0,0
6303,-534.828125,5912.99609375,48.5297164917,55.37897109985,114.56255340576,1220,2630,2873,2630,0,3,0,0,0
6304,1982.7239990234,6635.7934570312,97.67011260986,91.63360595703,104.23001098633,1220,2654,2664,2739,0,3,0,0,0
6308,4075.08984375,-2220.65625,-169.93479919434,155.67060852051,164.38555908203,1448,2194,9,0,0,3,0,0,0
6309,4576.0087890625,35.6796875,97.84027862549,105.12384796143,217.99201965332,1116,2160,9,2160,0,3,0,0,0
6310,-3121.375,-265.53125,229.74449157715,1127.2976074219,1238.3980712891,1448,2199,9,0,0,3,0,0,0
6311,0,0,0,528.36437988281,587.52728271484,1470,2200,9,0,0,3,0,0,0
6318,5063.671875,-954.08203125,315.71011352539,48.195728302,93.78914642334,1116,2201,9,2201,0,3,0,0,0
6320,5043.35546875,-991.78125,313.71182250977,48.195728302,93.78914642334,1116,2201,9,2201,0,3,0,0,0
6321,5204.787109375,-1553.662109375,316.56597900391,25.7212638855,54.02656173706,1116,2201,9,2201,0,3,0,0,0
6322,5227.0380859375,-1346.28125,300.80386352539,25.7212638855,54.02656173706,1116,2201,9,2201,0,3,0,0,0
6325,4700.6484375,-918.40625,98.63541412354,31.31758308411,71.41174316406,1116,2202,9,2202,0,3,0,0,0
6330,4652.38671875,-888.646484375,95.921875,25.45748329163,71.41174316406,1116,2202,9,2202,0,3,0,0,0
6331,4408.8193359375,-851.23828125,43.66145706177,29.2896194458,57.12873077393,1116,2201,9,2201,0,3,0,0,0
6332,4457.10546875,-946.97265625,41.19791793823,26.90969276428,44.50748443604,1116,2201,9,2201,0,3,0,0,0
6333,4382.7080078125,-957.296875,35.75347137451,26.90969276428,44.50748443604,1116,2201,9,2201,0,3,0,0,0
6334,4509.8173828125,-764.328125,47.80034637451,26.90969276428,44.50748443604,1116,2201,9,2201,0,3,0,0,0
6347,1850.7239990234,6608.0727539062,97.55790710449,92.38842010498,109.66146850586,1220,2654,2664,2739,0,3,0,0,0
6350,4310.0087890625,394.8046875,175.14410400391,26.04101371765,71.60893249512,1116,2204,9,2204,0,3,0,0,0
6366,4166.12109375,543,152.11979675293,24.34226417542,66.83885192871,1116,2204,9,2204,0,3,0,0,0
6367,4809.8154296875,176.2421875,243.10243225098,78.47898101807,104.64202880859,1116,2124,9,2124,0,3,0,0,0
6369,4566.6767578125,-370.345703125,10.73263931274,110.9940032959,260.48577880859,1116,2209,9,2209,0,3,0,0,0
6370,4707.4267578125,-332.71875,-18.08333396912,151.51940917969,260.48577880859,1116,2209,9,2209,0,3,0,0,0
6374,5114.763671875,-1279.859375,282.75695800781,28.09366416931,58.7398223877,1116,2201,9,2201,0,3,0,0,0
6375,5202.82421875,-1453.66015625,287.66842651367,22.81040000916,44.91300201416,1116,2201,9,2201,0,3,0,0,0
6376,5208.26171875,-706.048828125,328.97402954102,20.14747047424,43.94118881226,1116,2201,9,2201,0,3,0,0,0
6377,5261.7568359375,-751.3203125,330.38027954102,14.35606765747,30.60004425049,1116,2201,9,2201,0,3,0,0,0
6378,5268.15234375,-815.59375,329.11111450195,14.35606765747,30.60004425049,1116,2201,9,2201,0,3,0,0,0
6379,5244.244140625,-845.578125,328.98092651367,14.35606765747,30.60004425049,1116,2201,9,2201,0,3,0,0,0
6380,5066.49609375,-804.22265625,331.44790649414,15.5299654007,39.74147415161,1116,2201,9,2201,0,3,0,0,0
6390,552.21875,6142.1215820312,41.32638931274,117.28642272949,171.49957275391,1220,2614,3020,2614,0,3,0,0,0
6391,361.109375,5545.0366210938,34.40333938599,43.96458816528,114.83994293213,1220,2127,3020,2127,0,3,0,0,0
6398,1283.3142089844,6795.7231445312,146.25032043457,133.06414794922,215.94720458984,1220,2656,3020,2656,0,3,0,0,0
6399,1322.6840820312,7132.578125,85.27921295166,127.19609832764,197.59226989746,1220,2127,3020,2127,0,3,0,0,0
6403,4284.9580078125,4522.32421875,496.85275268555,28.23168373108,46.96388244629,1220,2217,3020,0,0,3,0,0,0
6404,4284.9580078125,4522.32421875,457.13635253906,28.23168373108,46.96388244629,1220,2217,3020,0,0,3,0,0,0
6407,4266.6650390625,2666.6650390625,0,2.77777791023,13.88888931274,1448,12,9,0,0,3,0,0,0
6408,4330.82421875,-298.0625,35.68576431274,236.67491149902,294.46310424805,1448,2112,9,0,0,3,0,0,0
6409,1729.2666015625,1483.2529296875,209.95660400391,378.45620727539,548.76196289063,1460,2288,2288,2288,2288,3,0,0,0
6410,816.16320800781,3310.5356445312,-129.99913024902,81.35353088379,99.56011199951,1460,2286,2286,2286,2286,3,0,0,0
6411,-668.94616699219,1192.2708740234,41.17882537842,114.58783721924,184.11795043945,1460,2233,2800,2233,0,3,0,0,0
6416,943.1298828125,6196.57421875,77.52606964111,96.12661743164,171.43406677246,1220,2090,3020,2090,0,3,0,0,0
6417,1175.35546875,6069.5048828125,77.52606964111,105.69538116455,177.53507995606,1220,2090,3020,2090,0,3,0,0,0
6421,3929.125,-351.705078125,62.47179031372,106.43518066406,162.65306091309,1448,2112,9,0,0,3,0,0,0
6423,1987.28125,2208.2465820312,496.83963012695,160.46864318848,237.58464050293,1220,2140,3082,2140,3082,3,0,0,0
6424,0,0,0,92.99812316895,106.88871765137,1477,3076,3020,3076,3020,3,0,0,0
6427,3514.4912109375,3061.943359375,580.38458251953,103.35949707031,140.6261138916,1220,2234,2754,2759,2754,3,0,0,0
6428,3811.5361328125,-1529.828125,-54.40393447876,26.90969276428,44.50748443604,1116,2201,9,2201,0,3,0,0,0
6429,4972.21875,-1591.73828125,103.77084350586,69.22695159912,112.61839294434,1116,2201,9,2201,0,3,0,0,0
6430,4847.8876953125,-1416.84375,115.24826812744,25.88372802734,56.35795974731,1116,2201,9,2201,0,3,0,0,0
6434,3297.8193359375,1490.884765625,53.54721832275,27.53720474243,42.90070724487,1220,2101,3082,2101,3082,3,0,0,0
6435,3328.04296875,1568.4736328125,27.91319465637,53.37627029419,68.26545715332,1220,2101,3082,2101,3082,3,0,0,0
6455,4044.484375,-2880.03125,135.03141784668,216.85513305664,275.39984130859,1448,2194,9,0,0,3,0,0,0
6560,1632.37109375,4868.3642578125,115.36595153809,34.31239318848,34.31239318848,1220,3096,2876,2798,0,3,0,0,0
6561,2411.5346679688,6659.9711914062,160.52510070801,58.51747512817,71.87035369873,1220,2651,2661,2651,0,3,0,0,0
6584,-4784.375,3149.51171875,184.07264709473,649.88464355469,784.58404541016,1060,2383,9,0,0,3,0,0,0
6585,-3121.375,-1742.4140625,229.74449157715,69.69400787354,163.53514099121,1448,2248,9,0,0,3,0,0,0
6591,2425.275390625,858.66796875,164.74305725098,218.46852111816,320.06475830078,1481,2255,2255,2255,2255,3,0,0,0
6597,5269.9404296875,4858.71484375,708.43634033203,245.47512817383,365.25842285156,1220,2261,3020,0,0,3,0,0,0
6599,5507.1416015625,4422.05859375,708.43634033203,245.47512817383,365.25842285156,1220,2261,3020,0,0,3,0,0,0
6600,5405.3525390625,4656.9111328125,708.43634033203,245.47512817383,365.25842285156,1220,2261,3020,0,0,3,0,0,0
6603,3427.357421875,1451.2421875,37.45560455322,108.10252380371,125.12996673584,1220,2235,3082,2762,3082,3,0,0,0
6611,3608.1611328125,822.806640625,6.57966089249,148.39598083496,182.01118469238,1220,3078,3082,3086,3082,3,0,0,0
6612,3466.3955078125,952.3291015625,59.38041305542,85.28188323975,118.2254486084,1220,3078,3082,3086,3082,3,0,0,0
6617,3708.2783203125,728.77734375,-20.3632106781,95.55952453613,109.69969177246,1220,3078,3082,3086,3082,3,0,0,0
6624,5163.509765625,4031.52734375,708.43634033203,133.22500610352,173.47151184082,1220,2263,3020,0,0,3,0,0,0
6625,0,0,0,34.41125488281,44.68263626099,1480,808,9,808,0,3,0,0,0
6627,2294.7204589844,6179.4677734375,153.76611328125,182.90777587891,225.12406921387,1220,2612,3020,2612,0,3,0,0,0
6631,5092.7646484375,4132.1181640625,708.43634033203,133.22500610352,173.47151184082,1220,2276,3020,0,0,3,0,0,0
6633,5092.763671875,3972.9541015625,708.43634033203,133.22500610352,173.47151184082,1220,2263,3020,0,0,3,0,0,0
6634,4955.109375,4053.82421875,708.43634033203,133.22500610352,173.47151184082,1220,2276,3020,0,0,3,0,0,0
6635,4905.52734375,3912.3935546875,708.43634033203,133.22500610352,173.47151184082,1220,2276,3020,0,0,3,0,0,0
6636,4828.3779296875,4016.38671875,708.43634033203,133.22500610352,173.47151184082,1220,2276,3020,0,0,3,0,0,0
6637,498.701171875,-2527.6640625,1060.9133300781,78.35251617432,100.44972991943,1480,897,9,897,0,3,0,0,0
6638,508.013671875,-2125.755859375,851.83654785156,243.70176696777,294.52813720703,1480,898,9,898,0,3,0,0,0
6639,3202.30859375,1143.90234375,236.31999206543,32.4679107666,49.46331787109,1220,2277,3082,2758,3082,3,0,0,0
6656,0,0,0,13.5732088089,13.5732088089,1504,2037,9,2037,0,3,0,0,0
6657,3101.3173828125,5937.4091796875,47.34987258911,103.89991760254,110.27661132813,1220,2282,3020,2282,0,3,0,0,0
6658,3142.1787109375,5910.1845703125,287.50827026367,19.16388511658,28.87757301331,1220,2283,3020,2283,0,3,0,0,0
6659,-2023.0191650391,6641.3037109375,8.842899e-05,539.130859375,665.26507568359,1505,2850,3020,3066,0,3,0,0,0
6660,3392.23046875,1032.96484375,75.10772705078,34.49098587036,102.85256958008,1220,3078,3082,3086,3082,3,0,0,0
6666,2311.5383300781,161.44444274902,164.74305725098,156.91667175293,240.75260925293,1481,3079,3079,3079,3079,3,0,0,0
6667,2735.0986328125,4730.5185546875,25.47318458557,79.76218414307,95.37181854248,1220,2295,3020,2295,0,3,0,0,0
6668,2950.3957519531,6529.0522460938,-296.67074584961,75.44644927979,75.52962493896,1220,2296,3020,0,0,3,0,0,0
6670,2950.3957519531,6529.0522460938,-109.94145202637,56.04012680054,56.05777740479,1220,2297,3020,0,0,3,0,0,0
6675,3466.43359375,1866.8798828125,0.84798175097,7.69753694534,13.31169700623,1511,2101,3020,2101,3020,3,0,0,0
6677,6806.9897460938,15876.385742188,147.53886413574,162.81712341309,163.08364868164,1060,2711,9,0,0,3,0,0,0
6679,6471.9462890625,4291.388671875,8.02430534363,314.76913452148,381.56637573242,1220,2318,3020,2318,0,3,0,0,0
6680,6471.9462890625,4633.5048828125,8.02430534363,196.75727844238,224.82313537598,1220,2318,2586,2318,0,3,0,0,0
6682,6310.4580078125,3881.05859375,8.02430534363,314.76913452148,381.56637573242,1220,2318,3020,2318,0,3,0,0,0
6683,5985.1748046875,3683.66796875,8.02431201935,314.76913452148,381.56637573242,1220,2318,3020,0,0,3,0,0,0
6685,5320.8466796875,5761.4560546875,-524.46490478516,545.60272216797,802.87976074219,1220,2318,2586,0,0,3,0,0,0
6688,1697.9340820312,4656.4306640625,137.19398498535,77.62098693848,149.01194763184,1220,2566,2876,2566,0,3,0,0,0
6689,1796.3798828125,5195.8505859375,38.04544448853,117.19467926025,193.83032226563,1220,2572,2876,2798,0,3,0,0,0
6697,1351.3486328125,4203.7177734375,107.93565368652,10.26643180847,19.83618354797,1220,2589,2810,2589,0,3,0,0,0
6720,4776.4111328125,5908.6083984375,8.02436351776,310.16650390625,374.36331176758,1220,2357,3020,0,0,3,0,0,0
6722,4034.9653320312,7235.5522460938,-513.30401611328,106.38819885254,122.82140350342,1220,2645,3020,2645,0,3,0,0,0
6723,3449.294921875,2306.7705078125,246.21321105957,101.53053283691,149.95582580566,1220,2377,3082,2760,3082,3,0,0,0
6724,3424.6220703125,2179.568359375,275.66738891602,108.8500289917,162.93650817871,1220,2377,3082,2760,3082,3,0,0,0
6727,2876.96875,-4444.66015625,0,25.00158119202,156.69068908691,606,12,9,0,0,3,0,0,0
6770,2331.3056640625,94.84027862549,164.74305725098,156.91667175293,240.75260925293,1481,2387,3079,3079,3079,3,0,0,0
6773,4647.3491210938,7431.3100585938,-153.1031036377,53.31562805176,53.37588119507,1220,3064,3020,0,0,3,0,0,0
6776,4517.185546875,-5280.265625,136.6181640625,59.64094924927,104.02983093262,1515,2399,2399,2399,2399,3,0,0,0
6777,4520.140625,-6702.51171875,105.60025787354,195.60569763184,229.42292785645,1515,2400,2400,2400,2400,3,0,0,0
6783,3012.5686035156,3103.1389160156,584.20153808594,721.89276123047,971.85479736328,1477,3080,3020,3080,3020,3,0,0,0
6786,-3070.75,8268.3916015625,0,843.42596435547,900.26184082031,1520,2402,9,0,0,3,0,0,0
6787,1296.21484375,2408.8466796875,-121.43933105469,206.83882141113,365.46426391602,1220,3096,2406,3096,0,3,0,0,0
6788,3671.6215820312,6351.1127929688,221.52757263184,366.60537719727,441.81866455078,1220,3081,2729,3081,0,3,0,0,0
6789,2301.0363769531,6155.2778320312,-130.70491027832,0.13888889551,50.52596664429,1220,2612,3020,2612,0,3,0,0,0
6790,2905.0383300781,6667.4208984375,-56.0435218811,66.60543823242,66.60543823242,1220,2441,3020,2741,0,3,0,0,0
6794,1152.369140625,1280.74609375,18.44243049622,279.25311279297,458.29653930664,1481,2415,2415,2415,2415,3,0,0,0
6795,927.296875,2215.6770019531,-104.68173980713,217.49920654297,349.5729675293,1220,3096,2406,3096,0,3,0,0,0
6796,0,0,0,3.55556488037,17.92533874512,1528,1022,9,1022,0,3,0,0,0
6824,-812.34722900391,4239.376953125,755.95001220703,68.91598510742,98.46472930908,1220,3201,3020,3201,0,3,0,0,0
6827,-489.69097900391,7670.1206054688,23.90614128113,202.06443786621,296.1311340332,1220,2420,2588,2420,0,3,0,0,0
6830,-740.609375,4535.3784179688,770.25115966797,121.05174255371,174.87680053711,1220,2421,2586,2421,0,3,0,0,0
6832,2909.52734375,1388.2548828125,-0.30933722854,55.5514793396,84.340675354,1458,2422,9,0,0,3,0,0,0
6833,2572.4501953125,1841.9052734375,-51.32772445679,63.73436737061,134.83361816406,1458,2423,9,0,0,3,0,0,0
6834,2743.10546875,1610.2080078125,-51.32436752319,37.76211929321,83.76819610596,1458,2424,9,0,0,3,0,0,0
6836,2849.9208984375,1680.3916015625,-51.32436752319,56.26794433594,90.67259216309,1458,2450,9,0,0,3,0,0,0
6837,3066.318359375,1723.15234375,-51.43229293823,33.29722976685,63.79954910278,1458,2424,9,0,0,3,0,0,0
6839,2996.44921875,1801.2236328125,-51.32436752319,39.83176803589,65.23546600342,1458,2425,9,0,0,3,0,0,0
6840,3058.3955078125,1626.87109375,-38.14595794678,31.53817367554,60.69116973877,1458,2426,9,0,0,3,0,0,0
6842,0,0,0,8.25978279114,29.49890327454,1479,2226,9,0,0,3,0,0,0
6843,0,0,0,10.67010307312,25.13622665405,1492,2434,3020,0,0,3,0,0,0
6852,1081.2666015625,3946.5859375,107.93565368652,10.26643180847,19.83618354797,1220,2340,2810,2340,0,3,0,0,0
6855,745.67016601563,2466.3801269531,-21.51928710938,148.00389099121,381.30746459961,1481,2442,3020,0,0,3,0,0,0
6856,1466.5185546875,2534.52734375,39.95456314087,217.43370056152,306.30703735352,1481,2443,3020,0,0,3,0,0,0
6857,1607.556640625,1947.1240234375,87.13352203369,266.53430175781,353.73330688477,1481,2444,3020,0,0,3,0,0,0
6858,1918.13671875,1622.44921875,94.10416412354,266.53430175781,353.73330688477,1481,2444,3020,0,0,3,0,0,0
6863,1170.2109375,3283.4853515625,59.90215301514,85.49118804932,141.68585205078,1481,2448,3020,0,0,3,0,0,0
6866,2945.724609375,1900.306640625,-181.63542175293,84.40970611572,139.13784790039,1458,2449,9,0,0,3,0,0,0
6867,2934.9580078125,1276.3955078125,92.77951812744,45.99165725708,73.70383453369,1458,2451,9,0,0,3,0,0,0
6868,3203.568359375,1626.2421875,-60.3125,78.61926269531,106.06420135498,1458,2452,9,0,0,3,0,0,0
6869,15391.487304688,7320.7783203125,310.71987915039,162.84825134277,238.9248046875,1060,309,310,10,11,3,0,0,0
6870,15804.409179688,7315.298828125,310.71987915039,162.84825134277,238.9248046875,1060,307,308,10,11,3,0,0,0
6872,526.857421875,4817.2998046875,-39.48247528076,390.37170410156,460.9619140625,1220,3084,3020,3084,0,3,0,0,0
6873,1168.8330078125,5044.2802734375,29.04250526428,265.22470092773,368.74456787109,1220,3084,3020,3084,0,3,0,0,0
6874,925.6923828125,4824.7861328125,40.52891921997,298.46356201172,360.61547851563,1220,3084,3020,3084,0,3,0,0,0
6875,5075.9267578125,5571.212890625,160.43257141113,136.54014587402,200.04702758789,1220,2357,3020,0,0,3,0,0,0
6876,7402.833984375,7296.529296875,43.7841796875,340.35284423828,449.30313110352,1492,2101,2429,0,0,3,0,0,0
6880,0,0,0,156.91667175293,240.75260925293,1523,3079,3079,3079,3079,3,0,0,0
6881,1857.08984375,703.6455078125,164.74305725098,156.91667175293,240.75260925293,1523,2387,3079,3079,3079,3,0,0,0
6882,1152.369140625,1280.74609375,18.44243049622,279.25311279297,458.29653930664,1523,2415,2415,2415,2415,3,0,0,0
6883,687.2236328125,2598.271484375,-21.51928710938,319.88729858398,468.38922119141,1523,2442,3020,0,0,3,0,0,0
6884,1466.5185546875,2534.52734375,39.95456314087,217.43370056152,306.30703735352,1523,2443,3020,0,0,3,0,0,0
6885,1607.556640625,1947.1240234375,87.13352203369,266.53430175781,353.73330688477,1523,2444,3020,0,0,3,0,0,0
6886,1918.13671875,1622.44921875,94.10416412354,266.53430175781,353.73330688477,1523,2444,3020,0,0,3,0,0,0
6887,1170.2109375,3283.484375,59.90215301514,85.49118804932,141.68585205078,1523,2448,3020,0,0,3,0,0,0
6888,1260.4716796875,5938.515625,77.52606964111,93.38838195801,173.15165710449,1220,2090,3020,2090,0,3,0,0,0
6893,9517.685546875,-13572.453125,-7.8564e-07,1007.2874755859,1179.7666015625,605,2502,9,0,0,3,0,0,0
6894,1684.5954589844,3193.0305175781,173.41911315918,147.17155456543,205.59185791016,1220,2503,3020,2503,0,3,0,0,0
6895,1753.4357910156,3389.4965820312,173.41911315918,128.99194335938,186.87882995606,1220,2503,3020,2503,0,3,0,0,0
6896,2020.91796875,4438.052734375,163.30470275879,99.88182067871,161.26921081543,1220,2504,3020,2504,0,3,0,0,0
6897,2212.5986328125,4471.8720703125,163.30470275879,116.10252380371,161.92733764648,1220,2504,3020,2504,0,3,0,0,0
6898,2352.80859375,4372.4873046875,163.30470275879,99.88182067871,147.13865661621,1220,2504,3020,2504,0,3,0,0,0
6899,2525.6806640625,4274.68359375,203.32472229004,103.81577301025,155.76271057129,1220,2504,3020,2504,0,3,0,0,0
6900,2538.5654296875,4468.6904296875,203.32472229004,132.09800720215,181.99159240723,1220,2504,3020,2504,0,3,0,0,0
6901,2394.9365234375,4622.076171875,167.70063781738,152.17413330078,213.00843811035,1220,2504,3020,2504,0,3,0,0,0
6902,2480.8876953125,4786.08984375,167.70063781738,101.67115783691,151.00476074219,1220,2504,3020,2504,0,3,0,0,0
6903,1855.77734375,4431.3369140625,145.53128051758,119.70648956299,161.26921081543,1220,2504,3020,2504,0,3,0,0,0
6904,1925.541015625,4282.24609375,194.17881774902,48.05819320679,100.55950927734,1220,2504,3020,2504,0,3,0,0,0
6905,1908.1904296875,4226.1123046875,186.61631774902,48.05819320679,89.7557144165,1220,2504,3020,2504,0,3,0,0,0
6906,1869.62109375,4173.1591796875,186.50694274902,48.05819320679,85.58176422119,1220,2504,3020,2504,0,3,0,0,0
6907,1824.759765625,4116.6845703125,186.26388549805,48.05819320679,86.43262481689,1220,2504,3020,2504,0,3,0,0,0
6908,1930.603515625,4339.958984375,194.17881774902,48.05819320679,100.55950927734,1220,2504,3020,2504,0,3,0,0,0
6909,0,0,0,101.57588195801,162.24404907227,1519,3079,3020,0,0,3,0,0,0
6910,2081.541015625,5392.5712890625,-0.46635130048,81.97397613525,147.00202941895,1220,2504,3020,2504,0,3,0,0,0
6913,-12806,12293.466796875,-221.33766174316,236.8699798584,340.76113891602,1520,2506,9,0,0,3,0,0,0
6915,1137.619140625,1067.3798828125,17.84663581848,33.42625808716,58.47457504272,1469,2518,9,0,0,3,0,0,0
6916,947.04296875,1084.4111328125,21.83480453491,33.60015869141,56.58517074585,1469,2519,9,0,0,3,0,0,0
6917,1095.7080078125,1056.0322265625,21.68435096741,26.91497993469,41.19910812378,1469,2518,9,0,0,3,0,0,0
6918,1206.12109375,1081.9873046875,21.68435096741,42.73860549927,66.69898986816,1469,2518,9,0,0,3,0,0,0
6925,1898.0986328125,5686.3056640625,38.04544448853,91.81184387207,232.44960021973,1220,2572,2876,2798,0,3,0,0,0
6926,2760.2373046875,2027.3740234375,-211.78819274902,130.81825256348,209.57653808594,1458,2449,9,0,0,3,0,0,0
6927,2965.3828125,1649.44921875,-47.03125,31.53817367554,61.11581039429,1458,2426,9,0,0,3,0,0,0
6928,6164.1142578125,4833.35546875,-280.02905273438,272.82763671875,516.35595703125,1220,2318,2586,2318,0,3,0,0,0
6929,5601.41796875,5396.0048828125,-306.67129516602,465.22671508789,720.63995361328,1220,2318,2586,2318,0,3,0,0,0
6937,3310.6455078125,1405.3984375,82.34775543213,56.04713821411,72.49094390869,1511,2235,3020,0,0,3,0,0,0
6938,3263.4140625,1513.27734375,95.6236038208,56.04713821411,72.49094390869,1511,2235,3020,0,0,3,0,0,0
6941,0,0,0,41.12998580933,43.40986633301,1475,2098,2428,2098,2428,3,0,0,0
6944,4961.23046875,2874.365234375,141.78106689453,73.31315612793,109.45950317383,1475,2531,2428,2531,2428,3,0,0,0
6950,0,0,0,89.94309997559,125.87197875977,1590,2539,3020,0,0,3,0,0,0
6951,14808.26171875,-9300.25,685.09362792969,12.36325454712,25.49494934082,1060,1860,9,0,0,3,0,0,0
6954,155.544921875,613.546875,-6.7991e-06,397.86288452148,817.35040283203,1583,2563,3020,0,0,3,0,0,0
6956,0,0,0,12.54275417328,39.76882171631,1469,2516,9,0,0,3,0,0,0
6957,858.6923828125,40.60546875,10.73914527893,84.15099334717,89.39298248291,1469,2537,9,0,0,3,0,0,0
6960,269.68228149414,1466.6059570312,-90.86945343018,1255.7351074219,1512.0056152344,1489,2555,9,0,0,3,0,0,0
6962,0,0,0,78.73631286621,152.60202026367,1602,2557,9,1022,1022,3,0,0,0
6963,3747.4716796875,-3932.01953125,27.8694190979,7.72737026215,15.15609073639,1191,3061,3050,3068,3050,3,0,0,0
6964,3626.5205078125,-4068.837890625,6.66351985931,17.05951690674,35.87557220459,1191,3062,3050,3067,3050,3,0,0,0
6965,4356.3486328125,-3896.9375,8.578125,53.08278274536,121.25102996826,1191,3054,3050,3054,3050,3,0,0,0
6966,4272.76171875,-3884.1953125,8.578125,70.04656219482,123.20623016357,1191,3054,3050,3054,3050,3,0,0,0
6967,4406.1279296875,-4008.453125,21.87326431274,58.61192703247,121.25102996826,1191,3054,3050,3054,3050,3,0,0,0
6968,4266.5205078125,-3774.3828125,1.59722220898,70.04656219482,123.20623016357,1191,3054,3050,3054,3050,3,0,0,0
6969,5251.68359375,-4196.3125,3.62847232819,44.77227020264,59.78047180176,1191,3060,3050,3060,3050,3,0,0,0
6970,5349.0986328125,-4106.30078125,58.21843719482,11.6844367981,14.7997636795,1191,3057,3050,3071,3050,3,0,0,0
6971,5412.5986328125,-4207.427734375,4.35473632813,80.21421051025,107.43727111816,1191,3059,3050,3071,3050,3,0,0,0
6972,5412.4267578125,-4071.53125,10.3801612854,25.88843154907,39.59972000122,1191,3058,3050,3069,3050,3,0,0,0
6973,4113.7548828125,-4462.96875,35.29329299927,109.27052307129,158.93087768555,1191,3063,3050,3070,3050,3,0,0,0
6974,4535.9580078125,-3740.25,21.27025032043,30.1214427948,73.93468475342,1191,3056,3050,3070,3050,3,0,0,0
6975,4878.8486328125,-3637.125,0.02205356024,52.54793548584,102.7453994751,1191,3055,3050,3055,3050,3,0,0,0
6976,4816.3466796875,-3668.0078125,-1.46313560009,52.54793548584,102.7453994751,1191,3055,3050,3055,3050,3,0,0,0
6977,4790.0810546875,-3835.828125,-1.46313560009,52.54793548584,102.7453994751,1191,3055,3050,3055,3050,3,0,0,0
6978,4797.7548828125,-3751.17578125,-1.46313560009,70.97426605225,102.7453994751,1191,3055,3050,3055,3050,3,0,0,0
6983,566.404296875,-11707.25,42.97113800049,495.94662475586,667.24951171875,1060,2294,9,0,0,3,0,0,0
6984,0,0,0,132.49220275879,192.35258483887,1605,3042,3020,0,0,3,0,0,0
6988,1551.6279296875,5445.880859375,61.5186958313,125.30328369141,198.82064819336,1220,2572,2876,2798,0,3,0,0,0
6989,10447.481445312,-12801.875,577.14923095703,116.524269104,158.77471923828,1520,2570,9,2570,9,3,0,0,0
6993,1642.6142578125,1573.66796875,5.54699707031,534.89562988281,694.93933105469,1540,2581,9,0,0,3,0,0,0
6995,1514.3984375,4807.1728515625,172.61427307129,75.32934570313,151.68348693848,1220,2572,2876,2798,0,3,0,0,0
6996,1958.6103515625,5036.5830078125,114.89235687256,123.64153289795,193.83032226563,1220,2572,2876,2798,0,3,0,0,0
7003,221.84375,3371.1455078125,243.52842712402,6.78541135788,24.97760391235,1530,2573,3020,0,0,3,0,0,0
7004,231.26171875,3200.197265625,243.52842712402,6.78541135788,24.97760391235,1530,2575,3020,0,0,3,0,0,0
7005,122.40625,3293.7783203125,243.52842712402,6.78541135788,24.97760391235,1530,2576,3020,0,0,3,0,0,0
7008,607.13714599609,3188.9643554688,211.44140625,81.20136260986,97.59678649902,1530,2340,3020,0,0,3,0,0,0
7009,1744.60546875,1292.6142578125,0,273.62670898438,346.36630249023,1607,2583,9,0,0,3,0,0,0
7010,5703.0849609375,3269.3623046875,-38.43758010864,306.23287963867,336.64706420898,1220,2077,2586,0,0,3,0,0,0
7011,6096.3330078125,3099.3447265625,-38.43758010864,306.25402832031,355.34823608398,1220,2077,2586,0,0,3,0,0,0
7012,6776.88671875,4657.37109375,-38.43758010864,117.71552276611,140.97334289551,1220,2318,2586,2318,0,3,0,0,0
7013,6578.796875,3376.78125,-38.43758010864,262.52410888672,426.5016784668,1220,2077,2586,2318,0,3,0,0,0
7015,5703.0830078125,2795.3623046875,-38.43758010864,290.62619018555,436.50839233398,1220,2077,2586,0,0,3,0,0,0
7016,5254.02734375,3042.6064453125,-38.43758010864,290.62619018555,397.95462036133,1220,2077,2586,0,0,3,0,0,0
7017,5406.58984375,-320.31640625,-201.08657836914,346.56845092773,458.48095703125,1220,2077,2586,0,0,3,0,0,0
7018,5437.7998046875,977.3134765625,-38.43758010864,459.78717041016,584.29547119141,1220,2077,2586,0,0,3,0,0,0
7019,5130.57421875,1759.1279296875,-38.43758010864,459.78717041016,584.29547119141,1220,2077,2586,0,0,3,0,0,0
7020,5130.57421875,2402.1796875,-38.43758010864,278.5139465332,410.98428344727,1220,2077,2586,0,0,3,0,0,0
7021,4046.818359375,46.984375,-38.43753433228,357.81298828125,479.98773193359,1220,2077,2586,0,0,3,0,0,0
7022,3521.353515625,-52.76953125,-38.43753433228,357.81298828125,479.98773193359,1220,2077,2586,0,0,3,0,0,0
7023,2791.35546875,-181.5625,-38.43750762939,357.81298828125,479.98773193359,1220,2077,2586,0,0,3,0,0,0
7024,2440.44921875,-181.5625,-38.43749237061,263.5793762207,358.59317016602,1220,2077,2586,0,0,3,0,0,0
7025,2060.7861328125,27.78125,-38.43749237061,263.5793762207,358.59317016602,1220,2077,2586,0,0,3,0,0,0
7026,1764.6171875,319.822265625,-38.43749237061,207.10235595703,301.30502319336,1220,2077,2586,0,0,3,0,0,0
7027,1124.6884765625,319.822265625,-38.43748855591,398.96820068359,471.65744018555,1220,2077,2586,0,0,3,0,0,0
7028,1164.9583740234,641.34027099609,-38.43748855591,398.96820068359,471.65744018555,1220,2077,2586,0,0,3,0,0,0
7029,190.92361450195,2201.1076660156,210.31571960449,193.58724975586,519.05871582031,1220,2420,2586,2420,0,3,0,0,0
7030,457.01388549805,1678.0382080078,-1017.8505249023,316.80639648438,471.65744018555,1220,3096,2586,0,0,3,0,0,0
7032,5630.98046875,230.35546875,-38.43758010864,459.78717041016,584.29547119141,1220,2077,2586,0,0,3,0,0,0
7039,6767.37109375,4753.4716796875,-38.43758010864,117.71552276611,140.97334289551,1220,2318,2586,2318,0,3,0,0,0
7040,6658.6396484375,4907.9658203125,-38.43758010864,146.37101745606,181.89938354492,1220,2318,2586,2318,0,3,0,0,0
7042,6574.44921875,5149.3154296875,-38.43758010864,186.01834106445,248.57864379883,1220,2077,2586,0,0,3,0,0,0
7043,6293.2490234375,5758.8837890625,-38.43758010864,186.01834106445,248.57864379883,1220,2077,2586,0,0,3,0,0,0
7044,6574.44921875,5149.3154296875,-38.43758010864,251.02897644043,294.72769165039,1220,2077,2586,2318,0,3,0,0,0
7045,6396.7841796875,5371.138671875,-38.43758010864,268.09490966797,307.95135498047,1220,2077,2586,0,0,3,0,0,0
7046,6801.623046875,4439.8740234375,-38.43758010864,117.71552276611,140.97334289551,1220,2318,2586,2318,0,3,0,0,0
7047,5975.537109375,5892.8330078125,-38.43758010864,186.01834106445,248.57864379883,1220,2077,2586,0,0,3,0,0,0
7048,5765.55859375,6108.75,-38.43758010864,186.01834106445,248.57864379883,1220,2077,2586,0,0,3,0,0,0
7049,5521.5517578125,6108.7490234375,-38.43758010864,186.01834106445,248.57864379883,1220,2077,2586,0,0,3,0,0,0
7050,5286.8935546875,6313.87109375,-38.43758010864,186.01834106445,248.57864379883,1220,2077,2586,0,0,3,0,0,0
7051,5017.2890625,6497.3037109375,-38.43758010864,180.78681945801,248.57864379883,1220,2077,2586,0,0,3,0,0,0
7052,4847.8017578125,6754.9833984375,-38.43758010864,183.19969177246,256.95294189453,1220,3064,2586,0,0,3,0,0,0
7053,4723.4560546875,7036.5859375,-38.43758010864,178.06172180176,248.57864379883,1220,3064,2586,0,0,3,0,0,0
7054,4713.3916015625,7328.7646484375,-38.43758010864,177.56828308106,248.57864379883,1220,3064,2586,0,0,3,0,0,0
7055,4620.1318359375,7617.9814453125,-38.43758010864,177.07153320313,248.57864379883,1220,3064,2586,0,0,3,0,0,0
7056,4525.7373046875,7721.9345703125,-38.43758010864,176.86643981934,248.57864379883,1220,3064,2586,0,0,3,0,0,0
7057,4219.3876953125,7678.9892578125,-38.43758010864,182.63395690918,248.57864379883,1220,3064,2586,0,0,3,0,0,0
7058,4071.2829589844,7816.796875,-38.43758010864,135.19613647461,186.34356689453,1220,3064,2586,0,0,3,0,0,0
7059,3574.5693359375,7846.7392578125,-38.43758010864,184.1759185791,248.57864379883,1220,2139,2586,0,0,3,0,0,0
7060,3991.3811035156,7818.1274414062,-38.43758010864,158.0174407959,230.38433837891,1220,3064,2586,0,0,3,0,0,0
7061,3352.12109375,7889.6708984375,-38.43758010864,184.1759185791,248.57864379883,1220,2139,2586,0,0,3,0,0,0
7062,3033.77734375,7894.830078125,-38.43758010864,184.1759185791,248.57864379883,1220,2139,2586,2734,0,3,0,0,0
7063,3033.77734375,8136.5458984375,-38.43758010864,184.1759185791,248.57864379883,1220,2139,2586,0,0,3,0,0,0
7064,2901.2841796875,8388.0908203125,-38.43758010864,184.1759185791,248.57864379883,1220,2139,2586,0,0,3,0,0,0
7065,2640.982421875,8473.154296875,-38.43758010864,184.1759185791,248.57864379883,1220,2139,2586,0,0,3,0,0,0
7066,2475.8876953125,8518.751953125,-38.43758010864,184.1759185791,248.57864379883,1220,2139,2586,0,0,3,0,0,0
7067,2645.0625,8143.15234375,-38.43758010864,291.54824829102,379.47494506836,1220,2139,2586,0,0,3,0,0,0
7068,2319.10546875,8143.15234375,-38.43758010864,291.54824829102,379.47494506836,1220,2139,2586,0,0,3,0,0,0
7069,2167.62109375,7900.4375,-38.43758010864,291.54824829102,379.47494506836,1220,2139,2586,2139,0,3,0,0,0
7071,1445.7014160156,7898.8056640625,-38.43758010864,291.54824829102,379.47494506836,1220,2089,2586,0,0,3,0,0,0
7072,771.85766601563,7984.142578125,-38.43758010864,230.45942687988,379.47494506836,1220,2089,2586,0,0,3,0,0,0
7073,897.49133300781,8531.9072265625,-38.43758010864,106.56591033936,319.80944824219,1220,2791,2784,2757,0,3,0,0,0
7074,232.34722900391,8647.8798828125,-38.43758010864,291.54824829102,379.47494506836,1220,2089,2586,0,0,3,0,0,0
7075,64.109375,8582.4736328125,-38.43758010864,291.54824829102,379.47494506836,1220,2089,2586,0,0,3,0,0,0
7076,-367.302734375,8511.8759765625,-38.43758010864,291.54824829102,379.47494506836,1220,2089,2586,0,0,3,0,0,0
7077,-854.65625,8370.01171875,-38.43758010864,291.54824829102,379.47494506836,1220,2089,2586,0,0,3,0,0,0
7102,-2824.578125,2497.5546875,92.62255859375,617.48809814453,685.04089355469,1520,53,24,10,24,3,0,0,0
7104,-2951.71875,1339.884765625,70.08690643311,316.00967407227,384.5227355957,1520,55,27,469,27,3,0,0,0
7105,-2692.90625,3684.29296875,142.71923828125,428.12826538086,493.5495300293,1520,194,216,492,216,3,0,0,0
7106,-4063.583984375,156.869140625,70.08690643311,671.74139404297,788.12677001953,1520,249,219,425,219,3,0,0,0
7111,2990.0173339844,4643.1127929688,404.26992797852,270.32144165039,374.3069152832,1584,3030,3020,0,0,3,0,0,0
7112,3340.6293945312,4325.8071289062,405.49877929688,170.46705627441,232.99684143066,1584,3085,3020,0,0,3,0,0,0
7113,1059.68359375,6465.123046875,133.61923217773,110.38332366943,181.01057434082,1220,2127,3020,2127,0,3,0,0,0
7118,0,0,0,42.54151153564,73.04480743408,1516,2521,9,2521,0,3,0,0,0
7119,1954.2177734375,5000.763671875,396.73928833008,219.67361450195,228.85089111328,1584,3064,2520,3064,0,3,0,0,0
7120,1948.69921875,4469.1884765625,396.73928833008,219.67361450195,228.85089111328,1584,3064,2520,3064,0,3,0,0,0
7121,1937.1484375,3948.0205078125,396.73928833008,219.67361450195,228.85089111328,1584,3064,2520,3064,0,3,0,0,0
7122,2420.3154296875,4467.4111328125,396.73928833008,219.67361450195,228.85089111328,1584,3064,2520,3064,0,3,0,0,0
7123,2463.9736328125,5014.3935546875,396.73928833008,219.67361450195,228.85089111328,1584,3064,2520,3064,0,3,0,0,0
7124,1567.6822509766,6555.3872070312,16.79130744934,109.42134857178,128.55548095703,1220,2596,2596,2596,0,3,0,0,0
7125,1578.7603759766,6621.171875,-1.64236116409,90.31249237061,145.6614074707,1220,2596,2596,2596,0,3,0,0,0
7126,1586.4736328125,6793.5673828125,-1.64236152172,102.11717224121,154.18295288086,1220,2596,2596,2596,0,3,0,0,0
7127,1572.6591796875,6934.8798828125,-1.64236140251,89.892578125,154.18295288086,1220,2596,2596,2596,0,3,0,0,0
7128,1573.853515625,7057.6123046875,-1.64236032963,76.00885009766,140.49172973633,1220,2596,2596,2596,0,3,0,0,0
7129,2452.8291015625,3951.7392578125,396.73928833008,219.67361450195,228.85089111328,1584,3064,2520,3064,0,3,0,0,0
7132,1581.3420410156,7158.6450195312,-1.64236044884,76.00885009766,144.88977050781,1220,2596,2596,2596,0,3,0,0,0
7133,1556.8021240234,7328.3647460938,-1.6423586607,124.3049621582,187.24394226074,1220,2596,2596,2596,0,3,0,0,0
7134,1525.0416259766,6452.5590820312,-1.64235961437,92.99765777588,136.49726867676,1220,2596,2596,2596,0,3,0,0,0
7135,269.681640625,1466.60546875,-90.86945343018,824.32012939453,824.32012939453,1604,2555,9,0,0,3,0,0,0
7143,224.03125,-13629.7578125,-183.78442382813,1068.2490234375,1123.0194091797,1520,2591,9,0,0,3,0,0,0
7145,9218.51171875,2653.6298828125,2.77779126167,0.18305619061,544724.625,451,2600,9,0,0,3,0,0,0
7146,-13138.653320312,12026.071289062,65.36340332031,38.01136779785,69.783203125,1520,2605,9,0,0,3,0,0,0
7148,2579.2861328125,1042.6171875,310.31338500977,12.82535743713,29.33948135376,1220,2607,3082,2761,3082,3,0,0,0
7149,-207.203125,3775.3798828125,6.18158626556,640.15545654297,644.53698730469,1584,2608,3077,3074,3077,3,0,0,0
7150,1635.38671875,3836.4892578125,104.09033203125,76.60216522217,105.37213897705,1220,2589,2609,2589,0,3,0,0,0
7151,-3375.109375,4438.4892578125,-0.43674278259,641.99359130859,913.89074707031,1220,2599,2588,2599,0,3,0,0,0
7152,-3375.109375,4438.4892578125,-0.43674278259,641.99359130859,913.89074707031,1456,2599,2599,2599,0,3,0,0,0
7153,-4182.46875,3803.0556640625,-55.86380386353,10.26807117462,32.66878128052,1456,2524,2524,2524,0,3,0,0,0
7154,-4209.515625,3869.27734375,-55.61274719238,10.26807117462,32.66878128052,1456,2525,2525,2525,0,3,0,0,0
7155,-4219.6875,3943.9248046875,-59.96153640747,10.26807117462,32.66878128052,1456,2526,2526,2526,0,3,0,0,0
7158,2138.2177734375,2774.1171875,706.05242919922,173.70275878906,232.34513854981,1220,2140,3082,2140,3082,3,0,0,0
7160,10839.086914062,-10386.326171875,608.03259277344,70.11619567871,87.98973083496,1520,2690,203,482,203,3,0,0,0
7162,175.416015625,6749.8955078125,44.94268035889,148.77676391602,213.25158691406,1220,2623,2623,2623,0,3,0,0,0
7165,1757.7934570312,7362.8994140625,-1.6423689127,184.05987548828,239.95454406738,1220,2596,2596,2596,0,3,0,0,0
7166,813.60418701172,4180.65625,-22.53741264343,50.55339431763,100.49671173096,1220,2793,2810,2793,0,3,0,0,0
7167,1283.0850830078,3150.3056640625,132.87750244141,75.58842468262,121.29232025147,1220,2620,2620,2620,0,3,0,0,0
7169,2308.9248046875,2879.203125,611.59375,97.23171234131,138.01025390625,1220,2140,3082,2140,3082,3,0,0,0
7172,0,0,0,56.97455596924,89.93984222412,1608,3081,3020,3081,0,3,0,0,0
7173,2879.5078125,1287.5859375,197.76736450195,69.32054901123,93.07790374756,1220,2607,3082,2761,3082,3,0,0,0
7174,2769.1728515625,1227.822265625,210.06523132324,52.95809936523,74.29734802246,1220,2607,3082,2761,3082,3,0,0,0
7176,-164.875,6209.8872070312,44.94268035889,148.77676391602,267.53659057617,1220,2630,2873,2630,0,3,0,0,0
7177,-2977.25,-5079.359375,528.42260742188,66.83936309814,98.37647247314,1520,2862,9,2862,0,3,0,0,0
7178,-8825.8828125,616.203125,94.67035675049,399.10342407227,456.02267456055,1620,3028,3027,3035,3027,3,0,0,0
7187,8561.919921875,2600.140625,2.77775073051,0.72108989954,93.23365783691,451,12,9,0,0,3,0,0,0
7189,730.13671875,3341.2685546875,-85.71454620361,199.74621582031,224.47467041016,1220,2340,2633,2340,0,3,0,0,0
7191,6844.7221679688,15607.208007812,167.89703369141,117.80124664307,155.08364868164,1060,2634,9,2450,0,3,0,0,0
7207,-12785.986328125,12359.7421875,-242.4757232666,35.65898513794,60.91714096069,1520,2639,9,0,0,3,0,0,0
7210,10510.801757812,14471.56640625,139.13938903809,144.88870239258,195.3155670166,1060,2640,9,0,0,3,0,0,0
7221,730.13714599609,3115.5502929688,-85.71454620361,161.40348815918,224.47467041016,1220,2340,2633,2340,0,3,0,0,0
7222,477.06076049805,2964.8481445312,-85.71454620361,199.74621582031,224.47467041016,1220,2340,2633,2340,0,3,0,0,0
7223,291.14584350586,2793.4252929688,-214.23164367676,152.74261474609,224.47467041016,1220,2340,2633,2340,0,3,0,0,0
7224,2959.9992675781,6450.6743164062,-41.67882537842,30.71204376221,30.71204376221,1220,2340,2633,2340,0,3,0,0,0
7228,1560.7222900391,6356.306640625,8.50205993652,101.72617340088,149.3648223877,1220,2596,2596,2596,0,3,0,0,0
7229,1614.3697509766,6227.078125,-1.64236176014,118.49968719482,166.64152526856,1220,2596,2596,2596,0,3,0,0,0
7230,1762.4235839844,6185.2133789062,-1.64236903191,102.82187652588,160.28800964356,1220,2596,2596,2596,0,3,0,0,0
7235,15666.745117188,4846.0219726562,428.68673706055,572.35491943359,629.64074707031,1060,2570,9,2570,9,3,0,0,0
7237,11501.1796875,10978.5,369.85946655273,74.01027679443,129.76832580566,1520,2644,9,2644,0,3,0,0,0
7238,-366.00173950195,5437.4384765625,44.94267654419,168.33361816406,277.11663818359,1220,2630,2873,2630,0,3,0,0,0
7239,-208.12673950195,7017.2866210938,44.94268035889,223.54020690918,301.41287231445,1220,2630,2873,2630,0,3,0,0,0
7240,1012.4791870117,7420.8134765625,44.94267654419,134.61071777344,202.86004638672,1220,2630,2873,2630,0,3,0,0,0
7242,3987.2153320312,7509.9321289062,64.13522338867,79.55643463135,98.15366363525,1220,2646,3020,2646,0,3,0,0,0
7244,3498.9497070312,5587.8100585938,285.59283447266,6.96785259247,13.39491271973,1220,3064,3020,2740,0,3,0,0,0
7245,3542.6640625,5538.9125976562,323.60928344727,73.99510192871,86.96083068848,1220,2719,2719,2719,0,3,0,0,0
7246,547.81945800781,6283.1430664062,41.32638931274,101.40576934815,151.2565612793,1220,2614,3020,2614,0,3,0,0,0
7247,1327.9079589844,2722.1806640625,0,15.20265007019,25.13340568542,1622,2653,3020,0,0,3,0,0,0
7248,-4407.1352539062,452.30728149414,435.40176391602,353.04931640625,814.62896728516,1616,2655,3020,0,0,3,0,0,0
7250,3548.0825195312,5538.4262695312,323.90319824219,275.13128662109,459.38247680664,1552,2719,2719,2719,0,3,0,0,0
7258,589.75177001953,3920.8203125,5.68527555466,36.76573944092,70.2537689209,1220,2672,2810,2672,0,3,0,0,0
7259,11367.720703125,-12696.961914062,618.17163085938,21.63524627686,30.18920135498,1520,2667,9,2667,0,3,0,0,0
7261,1427.6215820312,3797.0026855469,16.265001297,57.70478057861,88.80697631836,1220,2670,2810,2670,0,3,0,0,0
7262,1510.9722900391,3950.2622070312,16.265001297,80.96620941162,107.92595672607,1220,2671,2810,2671,0,3,0,0,0
7263,1503.9410400391,3771.0954589844,16.265001297,65.826171875,89.62275695801,1220,2670,2810,2670,0,3,0,0,0
7265,792.26910400391,4008.9826660156,5.68527364731,41.94716262817,60.7078704834,1220,2673,2810,2673,0,3,0,0,0
7266,648.88543701172,4002.8671875,1.49305605888,20.23631858826,33.09859848022,1220,2674,2810,2674,0,3,0,0,0
7267,678.23614501953,3972.7387695312,1.49305474758,20.23631858826,33.09859848022,1220,2674,2810,2674,0,3,0,0,0
7268,691.80902099609,4010.6945800781,1.49305415154,20.23631858826,36.47852325439,1220,2674,2810,2674,0,3,0,0,0
7269,723.62329101563,3968.6484375,1.4930536747,20.23631858826,33.09859848022,1220,2674,2810,2674,0,3,0,0,0
7270,691.97393798828,3940.7795410156,1.493054986,20.23631858826,45.2190322876,1220,2674,2810,2674,0,3,0,0,0
7271,339.56771850586,680.75347900391,-331.54992675781,3.8700671196,25.69827651978,1460,2675,9,0,0,3,0,0,0
7275,1739.3264160156,6404.720703125,54.74353790283,41.30832290649,54.67807006836,1220,3064,3064,2740,0,3,0,0,0
7278,2866.1076660156,6350.8334960938,216.6446685791,138.11740112305,148.42730712891,1220,3075,2679,3075,0,3,0,0,0
7280,0,0,0,83.08281707764,136.78742980957,1513,2681,9,0,0,3,0,0,0
7281,-1196.6875,1127.5295410156,41.17883300781,178.00228881836,273.02062988281,1460,2680,2800,2233,0,3,0,0,0
7283,2627.8308105469,6730.541015625,107.48803710938,73.96098327637,97.23473358154,1220,2684,2661,2684,0,3,0,0,0
7286,11366.435546875,-12845.448242188,391.53262329102,72.09474182129,138.1319732666,1520,2731,2731,2731,0,3,0,0,0
7290,2594.4799804688,6921.7485351562,88.61821746826,66.07534790039,92.16319274902,1220,2441,2692,2441,0,3,0,0,0
7291,2836.3447265625,6567.8735351562,134.34452819824,14.01881313324,20.36612510681,1220,2696,2696,2696,0,3,0,0,0
7292,4612.494140625,5227.6572265625,856.20477294922,144.28022766113,179.26245117188,1220,2697,3020,0,0,3,0,0,0
7293,2465.0451660156,6520.8881835938,153.28144836426,59.15885925293,70.75742340088,1220,3064,3020,2740,0,3,0,0,0
7294,3267.5920410156,5744.1005859375,318.69863891602,56.70792007446,68.44020843506,1220,3064,3064,2740,0,3,0,0,0
7295,3348.6545410156,5752.220703125,308.86892700195,55.21501159668,69.21575927734,1220,3064,3064,2740,0,3,0,0,0
7296,3423.546875,5736.994140625,306.57150268555,46.56811141968,66.79898834229,1220,3064,3064,2740,0,3,0,0,0
7297,6649.4633789062,16151.918945312,147.53886413574,163.77803039551,163.77803039551,1060,2712,9,0,0,3,0,0,0
7298,3208.0346679688,6646.3012695312,72.95401763916,3.46383905411,13.29164218903,1501,2713,3020,2713,0,3,0,0,0
7299,3190.7829589844,7395.0034179688,317.68725585938,54.51567459106,65.90686035156,1501,2714,3020,2714,0,3,0,0,0
7300,3504.3012695312,5854.0356445312,269.45355224609,42.98230361938,56.39832305908,1220,3075,3020,3075,0,3,0,0,0
7301,3595.2985839844,5890.6528320312,278.52944946289,50.13873672485,65.71000671387,1220,3075,3020,3075,0,3,0,0,0
7303,3176.6909179688,5801.75,301.69717407227,47.96622085571,61.7656211853,1220,3075,3075,3075,0,3,0,0,0
7305,4114.0063476562,7192.025390625,52.06488800049,55.40824127197,70.69802093506,1220,2715,3020,0,0,3,0,0,0
7308,0,0,0,137.22845458984,194.33248901367,1621,604,9,604,0,3,0,0,0
7309,3205.1188964844,5849.5068359375,282.06399536133,44.40489196777,44.55962371826,1220,3075,3075,3075,0,3,0,0,0
7310,3238.4870605469,5852.6450195312,259.06842041016,48.18936920166,63.68183135986,1220,3075,3075,3075,0,3,0,0,0
7311,3320.5529785156,5875.4428710938,254.97212219238,54.85636901855,73.4128112793,1220,3075,3075,3075,0,3,0,0,0
7312,3220.4487304688,6567.572265625,185.30181884766,53.79251098633,75.1438293457,1220,2441,3020,2741,0,3,0,0,0
7313,3142.5051269531,6494.546875,205.83038330078,66.09722900391,82.65591430664,1220,2441,3020,2741,0,3,0,0,0
7320,-6628.8837890625,8688.8798828125,60.37641143799,586.97058105469,644.50537109375,451,2716,9,0,0,3,0,0,0
7321,0,0,0,196.66564941406,237.17922973633,1468,2717,9,2717,0,3,0,0,0
7322,1238.0035400391,1145.4340820312,193.96453857422,57.56509399414,79.17457580566,1623,2695,3020,2720,0,3,0,0,0
7323,0,0,0,79.55209350586,117.20948791504,1623,2723,3020,2723,0,3,0,0,0
7325,11314.872070312,11343.5078125,-613.72351074219,491.33575439453,517.50170898438,1520,2728,9,2728,0,3,0,0,0
7328,11715.885742188,11321.018554688,-481.52560424805,374.26257324219,420.03414916992,1520,2728,9,2728,0,3,0,0,0
7329,-13373.881835938,-12449.544921875,251.94380187988,46.53770065308,66.5276184082,1520,2730,9,2730,0,3,0,0,0
7330,-3000.0104980469,-5033.4096679688,147.73713684082,50.59351348877,61.01194381714,1520,2622,9,2622,0,3,0,0,0
7332,3122.0461425781,6428.8784179688,224.76103210449,79.97231292725,96.22243499756,1220,2441,3020,2741,0,3,0,0,0
7334,0,0,0,2.77777767181,13.53320598602,1533,3026,3020,0,0,3,0,0,0
7335,1945.453125,3178.5261230469,173.41911315918,194.88079833984,303.08959960938,1220,2503,3020,2503,0,3,0,0,0
7336,1329.9497070312,3216.6770019531,132.87750244141,70.67166900635,119.13156890869,1220,2620,2620,2620,0,3,0,0,0
7337,477.546875,3835.8898925781,5.68527936935,32.97177124023,52.97473526001,1220,2746,2810,2746,0,3,0,0,0
7339,0,0,0,8.37764549255,21.93559837341,1629,2774,9,0,0,3,0,0,0
7341,2981.9938964844,6265.6665039062,224.44479370117,95.97705841064,121.00949859619,1220,3075,2679,3075,0,3,0,0,0
7342,1316.9010009766,3542.3090820312,20.02592658997,24.24767684937,54.68521881104,1220,2672,2810,2672,0,3,0,0,0
7343,3166.796875,7282.1782226562,164.86909484863,506.6286315918,585.92559814453,1501,2713,3020,2713,0,3,0,0,0
7344,2468.6457519531,6749.4287109375,140.96133422852,55.5913772583,73.01176452637,1220,2651,2661,2651,0,3,0,0,0
7345,2517.0339355469,6826.4516601562,135.07151794434,52.56427383423,61.50133132935,1220,2651,2661,2651,0,3,0,0,0
7349,2851.0563964844,5723.9428710938,326.40118408203,72.02500915527,94.32107543945,1220,3075,3075,3075,0,3,0,0,0
7350,2743.6657714844,5781.6337890625,289.42553710938,64.69190216064,79.54685211182,1220,3075,3075,3075,0,3,0,0,0
7351,2984.953125,5713.328125,320.22943115234,74.44068908691,85.01095581055,1220,3075,3075,3075,0,3,0,0,0
7352,3089.9714355469,5755.2924804688,313.88745117188,72.58560180664,81.69497680664,1220,3075,3075,3075,0,3,0,0,0
7353,2413.9357910156,7186.6572265625,72.03982543945,72.06982421875,104.12283325195,1220,2748,3020,2737,0,3,0,0,0
7357,2788.7160644531,6609.8706054688,206.35546875,42.71592330933,53.90819168091,1220,2441,3020,2741,0,3,0,0,0
7358,2742.6745605469,6582.3837890625,198.45658874512,42.41172790527,52.1185760498,1220,2441,3020,2741,0,3,0,0,0
7359,2716.1389160156,6521.705078125,185.73568725586,47.98063659668,63.06148529053,1220,2441,3020,2741,0,3,0,0,0
7360,2731.7883300781,6489.0141601562,192.82908630371,37.09598922729,59.35205841064,1220,2441,3020,2741,0,3,0,0,0
7361,2689.0363769531,6409.7744140625,191.47988891602,29.77176094055,56.85980987549,1220,3064,3020,2740,0,3,0,0,0
7362,2697.6337890625,6284.4306640625,221.65464782715,80.23542785645,93.70780181885,1220,3075,2679,3075,0,3,0,0,0
7363,2618.5173339844,6212.392578125,204.25582885742,70.00466156006,86.60918426514,1220,3075,2679,3075,0,3,0,0,0
7364,2596.9201660156,6110.25,202.17657470703,87.47366333008,109.94290161133,1220,3075,2679,3075,0,3,0,0,0
7365,2698.0798339844,6214.7021484375,230.55963134766,102.95305633545,113.33701324463,1220,3075,2679,3075,0,3,0,0,0
7366,2608.1650390625,6024.46875,199.06594848633,91.29875946045,102.64697265625,1220,3075,2679,3075,0,3,0,0,0
7367,2506.9792480469,5801.5356445312,164.62255859375,133.20486450195,156.69204711914,1220,3064,3020,2740,0,3,0,0,0
7368,2700.7517089844,6014.3657226562,270.55386352539,65.60041046143,84.22657775879,1220,3075,2679,3075,0,3,0,0,0
7369,2704.6301269531,5920.251953125,296.27783203125,85.5235824585,101.2596206665,1220,3075,2679,3075,0,3,0,0,0
7370,3135.2102050781,6569.6000976562,205.32736206055,46.74502182007,56.09941101074,1220,2441,3020,2741,0,3,0,0,0
7371,3126.8081054688,6640.6293945312,165.67077636719,84.30551147461,109.63410949707,1220,2441,3020,2741,0,3,0,0,0
7372,2801.8369140625,6794.5400390625,217.61106872559,128.2547454834,159.52113342285,1220,2441,3020,2741,0,3,0,0,0
7373,2973.6181640625,6735.5756835938,188.75434875488,79.2060546875,109.61193084717,1220,2441,3020,2741,0,3,0,0,0
7374,3257.2456054688,6671.5454101562,138.51066589356,85.80325317383,107.59768676758,1220,2441,3020,2741,0,3,0,0,0
7375,3527.3706054688,5726.9184570312,330.41711425781,61.50701141357,74.15268707275,1220,3064,3064,2740,0,3,0,0,0
7376,3649.078125,5744.8203125,327.34204101563,90.48167419434,104.04818725586,1220,3064,3064,2740,0,3,0,0,0
7377,3683.5869140625,5859.28125,342.75885009766,37.03952407837,51.54224014282,1220,3064,3064,2740,0,3,0,0,0
7378,3733.1049804688,5916.328125,347.82070922852,57.91644287109,67.50547027588,1220,3064,3064,2740,0,3,0,0,0
7379,3813.9323730469,5950.7485351562,350.28759765625,54.32830429077,68.24715423584,1220,3064,3064,2740,0,3,0,0,0
7380,3904.9497070312,5953.9541015625,227.93316650391,63.97519302368,82.19143676758,1220,3064,3064,2740,0,3,0,0,0
7381,2067.9375,6888.064453125,80.39792633057,79.27259063721,98.4095916748,1220,3064,3020,2740,0,3,0,0,0
7382,2010.1822509766,6972.5444335938,110.26426696777,67.79866027832,91.33395385742,1220,3064,3020,2740,0,3,0,0,0
7384,1771.1389160156,6665.5712890625,82.97916412354,77.58366394043,117.12686920166,1220,2654,2664,2739,0,3,0,0,0
7386,1991.6632080078,6736.9047851562,83.32203674316,71.50724029541,102.0950012207,1220,2654,2664,2739,0,3,0,0,0
7387,2621.890625,6512.8579101562,159.47216796875,51.58766937256,64.59726715088,1220,3064,3020,2740,0,3,0,0,0
7388,2545.8854980469,6501.9609375,164.97163391113,42.04265975952,50.91424560547,1220,3064,3020,2740,0,3,0,0,0
7389,3197.1267089844,5747.6772460938,325.38626098633,27.75798797607,39.53219985962,1220,3064,3064,2740,0,3,0,0,0
7390,3033.6613769531,5665.9008789062,366.130859375,45.08024978638,64.05979156494,1220,3075,3075,3075,0,3,0,0,0
7391,2523.8376464844,6774.2568359375,178.60636901856,29.53270530701,43.63314819336,1220,2651,2661,2651,0,3,0,0,0
7392,2651.6015625,6589.4375,194.72254943848,36.32483673096,45.64324569702,1220,3064,3020,2740,0,3,0,0,0
7396,3606.296875,5677.751953125,861.15167236328,258.92620849609,314.33993530273,1220,2753,3020,2753,0,3,0,0,0
7397,3403.6770019531,5502.6284179688,1016.9495239258,373.61099243164,458.77185058594,1220,2753,3020,2753,0,3,0,0,0
7398,3045.8898925781,6076.8950195312,927.58868408203,507.81042480469,554.2841796875,1220,2753,3020,2753,0,3,0,0,0
7399,3044.6909179688,6599.9252929688,743.79180908203,271.48324584961,327.97540283203,1220,2753,3020,2753,0,3,0,0,0
7402,3580.3967285156,6164.4360351562,1080.0808105469,386.01596069336,388.78143310547,1220,2753,3020,2753,0,3,0,0,0
7403,3420.3549804688,5817.484375,572.07440185547,167.34129333496,202.89701843262,1220,2753,3020,2753,0,3,0,0,0
7404,3187.9670410156,6332.4321289062,606.31567382813,179.92167663574,231.04345703125,1220,2753,3020,2753,0,3,0,0,0
7405,2535.0607910156,6253.8193359375,697.41900634766,310.15322875977,380.58001708984,1220,2753,3020,2753,0,3,0,0,0
7406,2680.0322265625,6431.2475585938,667.73956298828,277.06024169922,330.55068969727,1220,2753,3020,2753,0,3,0,0,0
7407,2565.375,6637.9125976562,133.38368225098,72.7455291748,98.35192108154,1220,2684,2661,2684,0,3,0,0,0
7423,366.19097900391,378.68228149414,-13.19064426422,60.41803359985,120.40326690674,1463,2765,2242,2765,2242,3,0,0,0
7424,502.38369750977,489.95138549805,-17.50497055054,55.96849441528,87.97025299072,1463,2141,2242,2141,2242,3,0,0,0
7427,0,0,0,64.52205657959,89.64764404297,1572,2516,9,2516,0,3,0,0,0
7429,3400.8732910156,1044.6944580078,247.94035339356,3.28695464134,3.28695464134,1107,2774,9,0,0,3,0,0,0
7433,-818.36633300781,4314.9409179688,755.95001220703,52.71922302246,70.85375213623,1220,3201,3020,3201,0,3,0,0,0
7436,-1103.1927490234,6107.5122070312,69.89289093018,120.95831298828,218.36657714844,1220,2778,2588,2778,0,3,0,0,0
7437,-1329.4566650391,6172.3046875,102.9211730957,120.95831298828,218.36657714844,1220,2778,2588,2778,0,3,0,0,0
7438,-338.52432250977,6590.447265625,0.13264973462,122.57359313965,216.66902160645,1220,2779,2872,2757,0,3,0,0,0
7439,184.66493225098,6233.0522460938,-7.24228906631,58.08010101318,84.32098388672,1220,2089,2780,2757,0,3,0,0,0
7440,-909.24652099609,4527.6381835938,770.25115966797,142.79196166992,176.19223022461,1220,2421,2586,2421,0,3,0,0,0
7441,-313.94445800781,8026.9990234375,23.90614128113,167.80653381348,321.9250793457,1220,2420,2588,2420,0,3,0,0,0
7443,-107.29860687256,7679.5219726562,97.55025482178,98.2377166748,190.72343444824,1220,2792,3020,2792,0,3,0,0,0
7444,-13219.881835938,12268.794921875,-245.19290161133,77.32441711426,114.79873657227,1520,2787,9,0,0,3,0,0,0
7445,-13281.458007812,12156.372070312,-248.00173950195,77.32441711426,114.79873657227,1520,2787,9,0,0,3,0,0,0
7446,-13269.205078125,12023.803710938,-254.62847900391,77.32441711426,114.79873657227,1520,2787,9,0,0,3,0,0,0
7447,-13152.497070312,11960.861328125,-258.93228149414,77.32441711426,114.79873657227,1520,2787,9,0,0,3,0,0,0
7448,-13020.75,11963.795898438,-262.87326049805,77.32441711426,114.79873657227,1520,2787,9,0,0,3,0,0,0
7449,-12904.090820312,12002.391601562,-271.17883300781,77.32441711426,114.79873657227,1520,2787,9,0,0,3,0,0,0
7450,-12743.100585938,11968.432617188,-271.40625,127.22791290283,181.14303588867,1520,2787,9,0,0,3,0,0,0
7451,-13127.684570312,12331.118164062,-264.31076049805,87.01570892334,131.22885131836,1520,2787,9,0,0,3,0,0,0
7453,-12759.763671875,12127.341796875,-267.54513549805,95.0075378418,146.01469421387,1520,2788,9,0,0,3,0,0,0
7454,-13015.416992188,12406.198242188,-278.39932250977,95.0075378418,146.01469421387,1520,2788,9,0,0,3,0,0,0
7457,-499.87326049805,4699.1459960938,638.54437255859,31.05266952515,58.53675842285,1220,2790,3020,2790,0,3,0,0,0
7459,855.21875,1335.3228759766,-192.26232910156,398.96820068359,471.65744018555,1220,3096,2586,0,0,3,0,0,0
7461,150.17535400391,2011.265625,210.31571960449,193.58724975586,514.021484375,1220,2420,2586,2420,0,3,0,0,0
7462,88.19097137451,2829.1752929688,-214.23164367676,152.74261474609,224.47467041016,1220,2340,2633,2340,0,3,0,0,0
7463,8121.9609375,15512.084960938,167.89703369141,165.39659118652,252.47648620606,1060,2407,9,2407,0,3,0,0,0
7464,8355.47265625,16012.216796875,223.93884277344,165.39659118652,252.47648620606,1060,3202,9,3202,0,3,0,0,0
7465,8415.498046875,15198.397460938,167.89703369141,165.39659118652,252.47648620606,1060,3203,9,3203,0,3,0,0,0
7466,0,0,0,206.83882141113,365.46426391602,1653,2797,2797,2797,0,3,0,0,0
7467,1111.1059570312,1057.7795410156,535.34204101563,340.62063598633,372.15371704102,1623,2695,3020,2720,0,3,0,0,0
7468,1274.7413330078,1184.8333740234,205.89888000488,57.56509399414,79.17457580566,1623,2695,3020,2720,0,3,0,0,0
7469,1317.3038330078,1229.0451660156,211.72897338867,57.56509399414,79.17457580566,1623,2695,3020,2720,0,3,0,0,0
7470,1153.9497070312,1089.1632080078,194.73861694336,87.45072937012,120.60678100586,1623,2695,3020,2720,0,3,0,0,0
7471,1283.0850830078,3150.3056640625,132.87750244141,75.58842468262,121.29232025147,1571,2620,3020,2620,0,3,0,0,0
7472,1329.9497070312,3216.6770019531,132.87750244141,70.67166900635,119.13156890869,1571,2620,3020,2620,0,3,0,0,0
7473,1144.7447509766,3555.0295410156,17.39410018921,52.9896812439,81.4969329834,1571,2747,3020,0,0,3,0,0,0
7475,648.88543701172,4002.8671875,1.49305605888,20.23631858826,33.09859848022,1571,2674,3020,2674,0,3,0,0,0
7476,678.23614501953,3972.7387695312,1.49305474758,20.23631858826,33.09859848022,1571,2674,3020,2674,0,3,0,0,0
7477,691.80902099609,4010.6945800781,1.49305415154,20.23631858826,36.47852325439,1571,2674,3020,2674,0,3,0,0,0
7478,723.62329101563,3968.6484375,1.4930536747,20.23631858826,33.09859848022,1571,2674,3020,2674,0,3,0,0,0
7479,691.97393798828,3940.7795410156,1.493054986,20.23631858826,45.2190322876,1571,2674,3020,2674,0,3,0,0,0
7480,792.26910400391,4008.9826660156,5.68527364731,41.94716262817,60.7078704834,1571,2673,3020,2673,0,3,0,0,0
7481,589.75177001953,3920.8203125,5.68527555466,36.76573944092,70.2537689209,1571,2672,3020,2672,0,3,0,0,0
7482,813.60418701172,4180.65625,-22.53741264343,50.55339431763,100.49671173096,1571,2793,3020,2793,0,3,0,0,0
7483,1427.6215820312,3797.0026855469,16.265001297,57.70478057861,88.80697631836,1571,2670,3020,2670,0,3,0,0,0
7484,1503.9410400391,3771.0954589844,16.265001297,65.826171875,89.62275695801,1571,2670,3020,2670,0,3,0,0,0
7485,1510.9722900391,3950.2622070312,16.265001297,80.96620941162,107.92595672607,1571,2671,3020,2671,0,3,0,0,0
7486,730.13671875,3341.2685546875,-85.71454620361,199.74621582031,224.47467041016,1571,2340,2633,2340,0,3,0,0,0
7487,730.13714599609,3115.5502929688,-85.71454620361,161.40348815918,224.47467041016,1571,2340,2633,2340,0,3,0,0,0
7488,1227.1510009766,3558.4279785156,17.39410018921,52.9896812439,81.4969329834,1571,2747,3020,2747,0,3,0,0,0
7489,1314.0052490234,3542.2639160156,17.39410018921,61.30778884888,82.7590637207,1571,2747,3020,2747,0,3,0,0,0
7490,-1196.6875,393.21701049805,41.17883300781,178.00228881836,273.02062988281,1460,2799,2800,2233,0,3,0,0,0
7492,1395.8403320312,1409.890625,1.89538e-06,804.69482421875,804.69482421875,1512,2774,9,0,0,3,0,0,0
7493,11358.650390625,-12821.728515625,307.22299194336,72.09474182129,138.1319732666,1520,2731,2731,2731,0,3,0,0,0
7500,-628.21875,4375.9829101562,721.77520751953,25.01216888428,38.51791381836,1220,2805,3020,2805,0,3,0,0,0
7501,399.60415649414,690.07464599609,9.42532062531,1.11901021004,125.87550354004,1648,2137,2242,2137,2242,3,0,0,0
7502,458.36633300781,748.43402099609,-12.39034557343,68.77288818359,85.93428039551,1648,2141,2242,2141,2242,3,0,0,0
7503,462.96353149414,630.75866699219,2.65104174614,13.66167640686,51.18655395508,1648,2141,2242,2141,2242,3,0,0,0
7504,446.13369750977,550.8125,-17.50497055054,75.43859863281,102.51680755615,1648,2141,2242,2141,2242,3,0,0,0
7505,190.716796875,881.52734375,12.01909732819,49.84846115112,62.3896484375,1648,2141,2242,2141,2242,3,0,0,0
7506,97.904296875,874.1923828125,-5.84375,40.81000137329,61.63722229004,1648,2141,2242,2141,2242,3,0,0,0
7507,285.640625,839.3017578125,14.75,49.84846115112,62.3896484375,1648,2141,2242,2141,2242,3,0,0,0
7508,339.931640625,742.8017578125,8.61458301544,49.84846115112,62.3896484375,1648,2141,2242,2141,2242,3,0,0,0
7509,370.03125,651.822265625,1.390625,49.84846115112,62.3896484375,1648,2141,2242,2141,2242,3,0,0,0
7510,366.19097900391,378.68228149414,-13.19064426422,60.41803359985,120.40326690674,1648,2765,2242,2765,2242,3,0,0,0
7511,502.38369750977,489.95138549805,-17.50497055054,55.96849441528,87.97025299072,1648,2141,2242,2141,2242,3,0,0,0
7512,3216.4445800781,506.31423950195,632.62945556641,92.99812316895,106.88871765137,1648,2226,9,2226,9,3,0,0,0
7513,3012.5686035156,3103.1389160156,584.20153808594,721.89276123047,971.85479736328,1648,2401,9,2401,9,3,0,0,0
7514,-11910.345703125,-11409.557617188,196.49185180664,221.43923950195,243.61447143555,1060,2811,2812,2811,2812,3,0,0,0
7515,-12271.975585938,-11508.622070312,27.17486000061,221.43923950195,243.61447143555,1060,2820,2816,2815,2816,3,0,0,0
7517,3733.3332519531,1066.6666259766,0,2.86215925217,14.22896766663,1492,2819,3020,0,0,3,0,0,0
7521,-12647.051757812,-11410.463867188,24.88327407837,183.50573730469,197.6554107666,1060,2826,2827,2826,2827,3,0,0,0
7524,3958.90625,7580.4174804688,2.71938920021,159.22257995606,277.05014038086,1655,2831,3020,0,0,3,0,0,0
7537,-12042.455078125,-12033.017578125,27.17486000061,221.43923950195,243.61447143555,1060,2398,11,2832,11,3,0,0,0
7539,2683.2622070312,12228.864257812,195.77909851074,412.49667358398,481.19763183594,1655,2802,3020,0,0,3,0,0,0
7541,3636.4653320312,5572.6630859375,3.63404202461,152.86460876465,215.15921020508,1648,2268,2427,2763,2427,3,0,0,0
7542,3462.1320800781,5759.75,26.33204650879,92.35586547852,156.09757995606,1648,2268,2427,2763,2427,3,0,0,0
7543,3405.9931640625,5847.3212890625,63.3869972229,66.375,89.16899871826,1648,2268,2427,2763,2427,3,0,0,0
7544,3213.2075195312,5971.7846679688,247.15533447266,1.75164210796,22.29093933105,1648,2268,2427,2763,2427,3,0,0,0
7547,-1942.9791259766,6869.4731445312,-65.05229949951,2.77777767181,13.88888931274,1505,3023,3020,0,0,3,0,0,0
7549,2665.7309570312,6734.8603515625,2.58746862411,413.01260375977,482.30099487305,1655,3097,3020,0,0,3,0,0,0
7550,-12346.28515625,-12116.017578125,2.00475716591,54.27260971069,90.79817962646,1060,2826,2827,2826,2827,3,0,0,0
7552,3458.4167480469,6944.986328125,2.71940946579,242.93963623047,317.70660400391,1655,2860,3020,0,0,3,0,0,0
7554,-12422.778320312,-11963.705078125,27.17486000061,72.32875061035,77.35203552246,1060,2859,2816,2815,2816,3,0,0,0
7555,-2090.1667480469,6043.8032226562,-78.11002349854,937.83337402344,937.83337402344,1270,2863,9,0,0,3,0,0,0
7562,-11526.14453125,-11865.515625,7.875,251.31158447266,260.16571044922,1060,1683,1683,0,1683,3,0,0,0
7563,-11016.251953125,-11560.138671875,7.875,251.31158447266,260.16571044922,1060,2871,2871,0,2871,3,0,0,0
7564,2127.7221679688,4852.783203125,5.39514875412,658.46136474609,732.35906982422,1655,2888,3020,0,0,3,0,0,0
7565,3601.2492675781,8164.8227539062,4.10660934448,181.98986816406,202.29916381836,1655,2133,3020,0,0,3,0,0,0
7569,390.71875,8360.9892578125,137.90556335449,221.87638854981,409.22146606445,1655,2927,3020,0,0,3,0,0,0
7570,-12.55034732819,2925.8610839844,153.92623901367,47.87902069092,282.43969726563,1661,2866,3020,0,0,3,0,0,0
7575,-10929.76953125,-11927.359375,10.16748046875,92.89318847656,119.00193023682,1060,2880,9,0,0,3,0,0,0
7576,3943.6579589844,4774.494140625,11.06261634827,410.72518920898,478.74737548828,1655,2822,3020,0,0,3,0,0,0
7577,-10452.203125,-11496.379882812,10.24951171875,179.52110290527,204.18571472168,1060,2885,9,0,0,3,0,0,0
7583,-10404.434570312,-12022.885742188,0.18782345951,184.49017333984,229.60200500488,1060,1369,9,0,0,3,0,0,0
7584,-11531.553710938,-11413.129882812,5.39907e-06,291.14895629883,315.15325927734,1060,12,9,0,0,3,0,0,0
7585,2319.3229980469,13162.016601562,-42.9814453125,53.48422622681,123.93962860107,1655,2849,3020,0,0,3,0,0,0
7586,763.45141601563,4538.6787109375,-2.94574666023,299.10968017578,302.6491394043,1655,2935,3337,0,0,3,0,0,0
7587,763.48089599609,5078.0102539062,-2.94574666023,299.10968017578,302.6491394043,1655,2886,3020,0,0,3,0,0,0
7588,763.48089599609,5610.5219726562,-2.94574666023,299.10968017578,302.6491394043,1655,2886,3020,0,0,3,0,0,0
7589,1392.0711669922,11166.658203125,290.22372436523,16.76388931274,27.34866905212,1655,2894,3020,0,0,3,0,0,0
7590,-9750.28515625,-11436.442382812,35.37506484985,182.28437805176,203.00769042969,1060,2896,9,0,0,3,0,0,0
7592,-205.51388549805,8146.705078125,-203.37915039063,489.43981933594,489.43981933594,1661,2866,3020,0,0,3,0,0,0
7593,0,0,0,23262.19140625,30725.8828125,1673,3090,3020,3090,3022,3,3090,0,0
7594,1381.62109375,868.19921875,-6.04508638382,342.71722412109,410.54385375977,1673,3092,3020,3092,3022,3,0,0,0
7595,237.822265625,1954.2548828125,21.37592887878,349.08343505859,408.75912475586,1673,3093,3020,3093,3022,3,0,0,0
7596,545.265625,601.154296875,-4.666667e-05,361.96786499023,420.70126342773,1673,3094,3020,3094,3022,3,0,0,0
7597,105.9609375,1211.9560546875,-1.041667e-05,274.59902954102,316.6535949707,1673,3095,3020,3095,3022,3,0,0,0
7598,1903.1372070312,4036.7109375,5.39515781403,256.37142944336,308.60043334961,1655,2888,3020,0,0,3,0,0,0
7599,0,0,0,61.36828613281,61.23146057129,1669,2901,3020,0,0,3506,0,0,0
7602,3558.2856445312,3780.9697265625,-8.36236572266,62.13570404053,77.96453094482,1655,2887,3020,0,0,3,0,0,0
7604,247.27082824707,12745.989257812,195.77909851074,640.75915527344,674.63507080078,1655,2918,3020,0,0,3,0,0,0
7605,-671.35766601563,-6220.7465820312,3.62650084496,438.46878051758,527.85949707031,1655,3146,3020,0,0,3,0,0,0
7608,3409.5625,6024.65625,125.06508636475,93.70753479004,146.06503295898,1648,2913,9,0,0,3,0,0,0
7609,3318.0061035156,5802.0961914062,146.8034362793,27.03472137451,52.6099395752,1648,2913,9,0,0,3,0,0,0
7610,3202.6362304688,5858.3735351562,95.67252349854,103.54483795166,152.33992004395,1648,2913,9,0,0,3,0,0,0
7611,3218.6066894531,6104.744140625,120.10204315186,91.86779022217,142.44192504883,1648,2913,9,0,0,3,0,0,0
7613,1833.6788330078,3096.5,5.39515542984,783.73986816406,878.17053222656,1655,2935,3020,0,0,3,0,0,0
7614,2028.0798339844,5935.296875,5.39515542984,313.69369506836,338.65576171875,1655,2888,3020,0,0,3,0,0,0
7615,-9745.9892578125,-11738.033203125,0.70240718126,107.33036804199,119.99170684815,1060,2921,9,0,0,3,0,0,0
7616,-5360.814453125,-5085.9204101562,9.29535388947,586.15447998047,716.39788818359,451,2914,9,2914,11,3,0,0,0
7618,3365.21875,-2034.0607910156,830.29083251953,385.45812988281,427.77276611328,1651,2915,3020,0,0,3,0,0,0
7619,3875.3125,-1830.5764160156,830.29083251953,309.75875854492,309.75875854492,1651,2915,3020,0,0,3,0,0,0
7621,2908.6945800781,6598.9140625,-10.33837604523,215.52526855469,264.36996459961,1672,2923,3020,2923,0,3,0,0,0
7622,3999.7856445312,-1837.4114990234,834.94451904297,241.55154418945,241.55154418945,1651,2915,3020,0,0,3,0,0,0
7623,-1180.3576660156,-5967.71875,3.62652468681,438.46878051758,527.85949707031,1655,3146,3020,0,0,3,0,0,0
7625,4558.1860351562,6607.9018554688,-1.28720450401,361.14019775391,527.83520507813,1655,2847,3020,0,0,3,0,0,0
7631,688.66320800781,9110.17578125,2.58755993843,304.03271484375,450.79141235352,1655,2847,3020,0,0,3,0,0,0
7632,3575.5485839844,4210.0991210938,-8.36236190796,62.13570404053,77.96453094482,1655,2887,3020,0,0,3,0,0,0
7633,4101.625,4213.4755859375,6.6650147438,62.13570404053,77.96453094482,1655,2930,3020,0,0,3,0,0,0
7634,1328.4410400391,240.75520324707,-284.32647705078,70.76416778564,134.42427062988,1661,2716,3020,0,0,3,0,0,0
7635,2751.1789550781,1457.3160400391,199.03295898438,8.18678188324,14.81220054626,1642,2847,3363,3876,3885,3,0,0,0
7636,1645.7847900391,1246.4478759766,-140.61347961426,44.53800964355,44.53800964355,1642,2935,3337,3875,3337,3,0,0,0
7643,-10300.646484375,-12511.631835938,57.92692184448,189.05773925781,211.29631042481,1060,2936,9,0,0,3,0,0,0
7644,-12.95833301544,4534.6162109375,63.96034622192,142.61721801758,174.78556823731,1655,2847,3020,2847,0,3,0,0,0
7645,0,0,0,507.78051757813,640.30737304688,1681,2944,3315,2944,0,3,0,0,0
7646,2771.6657714844,6060.3110351562,-3.1248652935,11.01669979095,16.76349258423,1672,3135,3020,0,0,3,0,0,0
7647,2804.3273925781,5945.5766601562,-3.12486577034,11.82249927521,18.9786605835,1672,3135,3020,0,0,3,0,0,0
7654,6379.7197265625,10874.821289062,100.97406768799,132.16270446777,218.13836669922,1669,3185,3020,0,0,3505,0,0,0
7655,-3792.6337890625,10284.793945312,2.239451e-05,109.03191375732,205.95431518555,1669,3245,3020,0,0,3509,0,0,0
7657,216.87847900391,5232.681640625,-0.0209962409,111.24556732178,153.62814331055,1220,3084,3020,3084,0,3,0,0,0
7658,191.04513549805,5102.9946289062,20.3729839325,109.63921356201,138.59172058106,1220,3084,3020,3084,0,3,0,0,0
7663,5523.1430664062,2201.1110839844,18.31732940674,271.32626342773,294.474609375,1655,2847,3020,0,0,3,0,0,0
7664,5576.1674804688,1794.6875,18.31733131409,122.6815032959,148.47027587891,1655,2935,3020,0,0,3,0,0,0
7665,1578.8211669922,3717.8369140625,231.04348754883,19.86372184753,24.08888435364,1642,2942,3881,3889,3881,3,0,0,0
7667,701.66839599609,-209.97048950195,351.62191772461,14.14762401581,35.79180145264,1642,2945,3940,3780,3940,3,0,0,0
7668,0,0,0,2.81965279579,16.60624313354,1651,2946,3020,0,0,3,0,0,0
7669,-11133.013671875,-1889.0434570312,48.72002410889,271.6455078125,449.7673034668,1651,3026,3020,0,0,3,0,0,0
7671,1841.4497070312,1535.2396240234,305.79873657227,1301.3090820312,1360.1623535156,1682,2420,3020,2420,0,3,0,0,0
7672,2585.1528320312,5915.0390625,103.60234832764,221.05976867676,460.8274230957,1648,2947,9,0,0,3,0,0,0
7673,2411.1997070312,5723.4833984375,575.6435546875,149.19960021973,310.14175415039,1648,2947,9,0,0,3,0,0,0
7674,2952.8862304688,5709.0556640625,261.60177612305,128.6382598877,222.05809020996,1648,2947,9,0,0,3,0,0,0
7675,3072.5261230469,6058.6772460938,396.51651000977,128.6382598877,222.05809020996,1648,2947,9,0,0,3,0,0,0
7677,-9602.232421875,-13342.006835938,57.91189193726,137.9937286377,166.43522644043,1060,2935,9,0,0,3,0,0,0
7681,0,0,0,104.54750823975,149.06088256836,1684,1853,1853,1853,0,3,0,0,0
7682,-9400.9912109375,-13411.993164062,55.00092315674,67.99478912354,105.70835876465,1060,2896,9,0,0,3,0,0,0
7683,-9161.048828125,-13179.809570312,56.58734893799,230.3487701416,284.80679321289,1060,2935,9,0,0,3,0,0,0
7684,-9304.845703125,-13456.611328125,55.00092315674,67.99478912354,105.70835876465,1060,2896,9,0,0,3,0,0,0
7685,-9335.173828125,-13650.135742188,52.10844802856,86.61747741699,126.75322723389,1060,2871,9,0,0,3,0,0,0
7687,-9643.6533203125,-12947.583007812,54.29878616333,286.93148803711,314.05151367188,1060,3163,9,0,0,3,0,0,0
7688,0,0,0,47.04095077515,59.35971832275,1666,2420,3020,2420,0,3,0,0,0
7691,0,0,0,23262.19140625,30725.8828125,1689,3090,3020,3090,3022,3,3090,0,0
7692,-4537.4150390625,2403.8403320312,120.15770721436,668.35534667969,887.60516357422,1655,3164,3020,0,0,3,0,0,0
7693,835.26214599609,1310.7535400391,292.34170532227,339.64782714844,337.95803833008,1673,3010,3020,3010,0,3,0,0,0
7695,-3653.3889160156,3356.0773925781,120.15769958496,380.86532592773,485.80514526367,1655,2935,3020,0,0,3,0,0,0
7697,0,0,0,16.00138092041,25.65236663818,1690,3012,3020,0,0,3,0,0,0
7702,0,0,0,51.19301605225,86.52909088135,1661,3150,9,0,0,3,0,0,0
7703,0,0,0,62.18408584595,83.07033538818,1514,1052,1053,1052,1053,3,0,0,0
7704,0,0,0,20.82710838318,29.63704490662,1541,3131,1274,3131,1274,3,0,0,0
7706,121.15972137451,2939.6848144531,-3.429154e-05,260.24261474609,258.94787597656,1655,3130,9,0,0,3,0,0,0
7707,423.1875,461.61459350586,-148.74005126953,14.94623088837,23.09868240356,1648,3133,9,0,0,3,0,0,0
7708,3993.9721679688,-2789.0278320312,23.47740364075,545.54046630859,807.02410888672,1645,3134,9,0,0,3,0,0,0
7709,11484.440429688,1874.2309570312,35.34209442139,289.77322387695,320.07455444336,1060,3168,9,2935,0,3,0,0,0
7710,3971.8342285156,3444.1545410156,5.39507007599,658.46136474609,732.35906982422,1655,2935,3020,0,0,3,0,0,0
7711,2889.3315429688,3811.8403320312,1374.3934326172,535.87994384766,617.78826904297,1220,3141,9,0,0,3,0,0,0
7712,-10224.426757812,-12947.583007812,54.29878616333,286.93148803711,314.05151367188,1060,3163,9,0,0,3,0,0,0
7715,3976.1813964844,-2409.8073730469,111.39499664307,51.09303665161,92.80023193359,1698,2194,9,0,0,3,0,0,0
7716,-1016.8992919922,1910.0798339844,-0.75782036781,627.04876708984,760.44201660156,1655,3148,9,0,0,3,0,0,0
7717,109.98784637451,1851.0728759766,-1.113419e-05,604.22479248047,743.16314697266,1655,3148,9,0,0,3,0,0,0
7719,2277.5832519531,-4.22222232819,-164.60220336914,280.73565673828,364.39376831055,1661,3149,9,0,0,3,0,0,0
7720,2207.6823730469,416.66146850586,-187.97917175293,255.32833862305,362.22338867188,1661,3149,9,0,0,3,0,0,0
7721,2246.7395019531,945.92706298828,-28.37355232239,398.58020019531,469.75534057617,1661,3149,9,0,0,3,0,0,0
7725,21.46875,5270.3872070312,-1628.5679931641,228.74472045898,307.46887207031,1676,3158,9,3158,0,3,0,0,0
7732,1130.265625,1005.5051879883,24.47791290283,103.45407867432,167.9560546875,1642,3168,3880,3168,3880,3,0,0,0
7733,2760.4758300781,1169.6336669922,-17.47884178162,887.96929931641,3163.0842285156,1645,3166,9,0,0,3,0,0,0
7736,1859.8403320312,278.33853149414,-348.71353149414,62.34672546387,91.55995178223,1661,3642,9,0,0,3,0,0,0
7737,-11502.470703125,-13666.114257812,62.45050811768,772.82348632813,886.40570068359,1060,3168,9,0,0,3,0,0,0
7739,3686.2275390625,-1898.7742919922,1195.8953857422,307.63006591797,307.63006591797,1651,2915,3020,0,0,3,0,0,0
7740,-11048.682617188,-15117.381835938,62.45050811768,772.82348632813,886.40570068359,1060,3168,9,0,0,3,0,0,0
7741,1552.8889160156,154.31770324707,-349.99826049805,101.80973052979,161.20225524902,1661,3177,9,0,0,3,0,0,0
7742,-15047.31640625,-11575.96875,-69.13021087646,432.55758666992,466.86755371094,1060,3204,9,0,0,3,0,0,0
7743,2727.7119140625,352.24307250977,-10.63328266144,250.96363830566,408.26657104492,1642,3220,3880,3877,3880,3,0,0,0
7744,-1891.7795410156,2939.3264160156,7.69577360153,246.91371154785,263.31771850586,1655,2935,9,0,0,3,0,0,0
7753,1018.7673950195,1934.0504150391,38.40760803223,2.33762097359,2.49959516525,1642,3183,3337,3183,3337,3,0,0,0
7758,-15334.090820312,-11341.45703125,-69.13021087646,206.48707580566,261.34533691406,1060,3168,9,0,0,3,0,0,0
7759,473.53994750977,1367.0555419922,-948.72277832031,445.10195922852,585.56146240234,1643,3535,3486,3670,3890,3,0,0,0
7761,1003.8125,1637.8559570312,524.24481201172,71.28801727295,126.90721130371,1669,3188,9,0,0,3506,0,0,0
7771,-16216.926757812,-11834.649414062,-32.23550415039,426.86795043945,482.13491821289,1060,3204,2059,0,0,3,0,0,0
7773,-1329.59375,2262.8056640625,1.16991341114,183.41468811035,291.78085327148,1220,3198,9,3198,0,3,0,0,0
7774,-733.83508300781,2032.9045410156,1.16988682747,179.3526763916,275.84228515625,1220,3198,2800,3198,0,3,0,0,0
7775,-639.25866699219,1833.6771240234,1.16988289356,211.42681884766,301.73474121094,1220,3198,9,3198,0,3,0,0,0
7776,-787.10766601563,1589.09375,1.16988921165,179.3526763916,275.84228515625,1220,3198,9,3198,0,3,0,0,0
7777,5414.970703125,10017.455078125,-121.04141998291,71.38076019287,127.28993988037,1669,3199,9,0,0,3505,0,0,0
7783,-1718.2291259766,3221.8029785156,1.16993045807,272.12072753906,486.32940673828,1220,3198,9,3198,0,3,0,0,0
7784,-1592.4305419922,3559.3098144531,1.16992366314,272.12072753906,486.32940673828,1220,3198,9,3198,0,3,0,0,0
7785,-435.65277099609,3062.2734375,1.16987454891,247.87149047852,430.97268676758,1220,3198,9,3198,0,3,0,0,0
7787,10934.807617188,2390.3820800781,39.09147262573,4.06974887848,15.87796401978,1060,2935,9,2935,0,3,0,0,0
7788,11484.440429688,2817.0947265625,-85.52806854248,301.03866577148,549.91235351563,1060,3168,9,2935,0,3,0,0,0
7789,5764.4184570312,10432.209960938,-120.47827148438,193.93995666504,229.4034576416,1669,3300,9,0,0,3505,0,0,0
7790,-1528.0728759766,-8206.8818359375,22.64127540588,579.13256835938,733.65319824219,1655,3205,9,0,0,3,0,0,0
7791,-2007.9392089844,-6252.5590820312,49.41386032104,168.95091247559,269.6640625,1655,3206,9,0,0,3,0,0,0
7793,2855.6589355469,5940.4697265625,5.3951215744,313.69369506836,338.65576171875,1655,2888,3020,0,0,3,0,0,0
7794,5054.9956054688,-796.125,-4.71389e-06,717.40313720703,725.41156005859,1658,12,13,10,13,3,0,0,0
7798,8716.7333984375,-10066.09765625,10.46451282501,1166.1059570312,1463.7457275391,1060,2277,9,0,0,3,0,0,0
7803,-2379.1633300781,-5667.0922851562,78.38520050049,369.47708129883,451.96435546875,1655,3178,9,0,0,3,0,0,0
7804,0,0,0,23262.19140625,30725.8828125,1729,3090,3020,3090,3022,3,3090,0,0
7806,0,0,0,2.77777767181,13.81944465637,1726,2277,9,2277,0,3,0,0,0
7816,-2596.5832519531,-5464.3002929688,78.38520050049,65.91799163818,103.56120300293,1655,3231,9,0,0,3,0,0,0
7817,-1277.6545410156,2335.6127929688,49.029296875,308.21166992188,370.67651367188,1643,3178,3486,3670,3890,3,0,0,0
7818,-1548.5885009766,2524.9895019531,49.029296875,85.76564025879,137.53668212891,1643,3231,3486,3670,3890,3,0,0,0
7823,0,0,0,101.57588195801,162.24404907227,1732,3079,3020,0,0,3,0,0,0
7829,5034.5268554688,-821.44964599609,2.59638142586,510.58029174805,512.57788085938,1658,12,9,0,0,3,0,0,0
7831,-2520.2275390625,9438.7470703125,-165.16845703125,15.68894386292,22.96468162537,1669,3236,9,0,0,3509,0,0,0
7832,-3218.1337890625,9416.400390625,56.74694061279,38.63199615479,97.49726867676,1669,3236,9,0,0,3509,0,0,0
7833,-3007.1823730469,9959.3408203125,-150.46905517578,139.43882751465,190.7626953125,1669,3237,9,0,0,3509,0,0,0
7834,-3239.6494140625,10123.2265625,-123.24305725098,134.59097290039,185.57911682129,1669,3237,9,0,0,3509,0,0,0
7835,-2799.8994140625,9883.2607421875,-150.46875,102.29950714111,191.12828063965,1669,3237,9,0,0,3509,0,0,0
7836,-3108.7985839844,10446.043945312,-150.46875,243.42178344727,321.73370361328,1669,3237,9,0,0,3509,0,0,0
7837,1674.6041259766,1784.2916259766,-7.49592161179,168.59747314453,287.86911010742,1642,3361,3585,3875,3585,3,0,0,0
7838,0,0,0,7448.259765625,10791.599609375,1734,1003,9,10,11,3,0,0,0
7839,116.8046875,1749.4716796875,-9.86789e-06,46.74194335938,79.49111175537,1734,1022,9,1022,11,3,0,0,0
7843,2929.5642089844,6127.0063476562,193.01110839844,171.62422180176,1230.7828369141,1737,2089,9,0,0,3,0,0,0
7844,-2727.1215820312,-6414.6684570312,-1.94520974159,1596.0129394531,1662.3309326172,1060,1800,9,0,0,3,0,0,0
7846,0,0,0,58.60139083862,100.63790130615,1677,3254,9,3254,0,3,0,0,0
7847,1733.9722900391,-333.359375,0.78303951025,17.90023994446,43.16213226318,1642,3633,3634,3633,3634,3,0,0,0
7848,-2520.2275390625,9438.7470703125,-165.16845703125,15.68894386292,22.96468162537,1712,3489,9,0,0,3,0,0,0
7850,-3007.1823730469,9959.3408203125,-871.95971679688,140.70146179199,218.5517578125,1712,3432,9,0,0,3,0,0,0
7851,-3270.0625,10194.897460938,-553.47442626953,134.59097290039,266.53271484375,1712,3237,9,0,0,3,0,0,0
7855,5458.6025390625,-8405.857421875,196.25834655762,187.15446472168,364.28112792969,1655,3256,9,0,0,3,0,0,0
7862,2218.2917480469,380.92361450195,-0.42122763395,55.35721969604,230.21684265137,1642,2935,3337,3875,3337,3,0,0,0
7864,2665.3056640625,2436.5383300781,788.74755859375,3.59334516525,13.40933227539,1728,3221,9,0,0,3,0,0,0
7865,-4514.8818359375,-10264.401367188,0,0.15609230101,187.06715393066,1712,3349,9,3349,0,3,0,0,0
7866,4994.421875,-7926.9360351562,228.28421020508,187.15446472168,364.28112792969,1655,3146,9,0,0,3,0,0,0
7868,-9786.669921875,1573.3330078125,0,640,800,1688,98,99,10,11,3,0,0,0
7869,-245.333984375,-533.333984375,0,1408,1792,1688,100,101,10,11,3,0,0,0
7873,0,0,0,2.77777767181,13.88888931274,1738,3279,9,3279,0,3,0,0,0
7875,4571.8803710938,-1216.3420410156,5704.515625,1686.4659423828,1909.3389892578,1676,3280,9,3280,0,3,0,0,0
7876,12024.51953125,-2384.5346679688,-2.44048404694,662.76550292969,746.92950439453,1060,2935,9,0,0,3,0,0,0
7890,0,0,0,2.4798412323,13.88888931274,1719,2774,9,2774,0,3,0,0,0
7891,-12409.850585938,-3141.8420410156,0,105.98282623291,231.59759521484,1712,3284,9,0,0,3,0,0,0
7894,0,0,0,130.05461120606,171.47186279297,1693,3285,9,0,0,3,0,0,0
7895,0,0,0,182.41040039063,327.12496948242,1692,748,9,0,0,3,0,0,0
7897,2072.1840820312,-77.375,0.7830273509,73.64242553711,174.23014831543,1642,2935,3337,3875,3337,3,0,0,0
7901,2855.2690429688,3195.1198730469,-8.875,746.51892089844,798.17303466797,1690,3290,9,0,0,3,0,0,0
7915,-506.09201049805,1243.2829589844,153.02629089356,37.90878677368,62.44568634033,1693,3286,9,0,0,3,0,0,0
7916,-490.05728149414,1369.578125,153.02629089356,45.48324966431,78.9750289917,1693,3286,9,0,0,3,0,0,0
7917,-492.57638549805,1475.1754150391,153.02629089356,72.50347900391,103.11633300781,1693,3286,9,0,0,3,0,0,0
7918,-495.93923950195,1304.4497070312,167.08145141602,35.84785079956,67.78287506104,1693,3286,9,0,0,3,0,0,0
7919,-525.65454101563,1143.5920410156,153.02629089356,32.78150939941,55.25109100342,1693,3286,9,0,0,3,0,0,0
7920,-583.59552001953,1134.640625,133.86763000488,24.49148178101,42.1441078186,1693,3286,9,0,0,3,0,0,0
7921,-515.21704101563,1182.4653320312,152.14819335938,32.78443908691,53.29962921143,1693,3286,9,0,0,3,0,0,0
7922,-597.90972900391,1514.7934570312,153.02629089356,48.96984481812,85.97066497803,1693,3286,9,0,0,3,0,0,0
7923,-702.79516601563,1518.2795410156,136.42193603516,59.5954208374,94.99666595459,1693,3286,9,0,0,3,0,0,0
7924,1284.6492919922,1668.4201660156,288.52005004883,39.17942810059,102.57263183594,1669,3293,9,0,0,3506,0,0,0
7939,1347.0069580078,-56.22048568726,10.09134960175,92.93326568604,108.06983184815,1643,3479,3486,3670,3890,3,0,0,0
7940,1495.1910400391,-87.58333587646,-9.18815803528,117.60282897949,157.74076843262,1643,3479,3486,3670,3890,3,0,0,0
7946,5591.4765625,10760.418945312,-120.47827148438,272.94982910156,352.41925048828,1669,3300,9,0,0,3505,0,0,0
7947,5579.4365234375,10870.012695312,-30.32495498657,141.44430541992,206.87547302246,1669,3300,9,0,0,3505,0,0,0
7948,6121.9287109375,10506.685546875,-30.32495498657,172.48181152344,206.87547302246,1669,3300,9,0,0,3505,0,0,0
7960,1274.8142089844,-6152.4829101562,328.0563659668,577.28460693359,887.75164794922,1655,3256,9,0,0,3,0,0,0
7961,-733.83508300781,2032.9045410156,1.16988682747,179.3526763916,275.84228515625,1677,3198,2800,3198,0,3,0,0,0
7962,-639.25866699219,1833.6771240234,1.16988289356,211.42681884766,301.73474121094,1677,3198,9,3198,0,3,0,0,0
7963,-435.65277099609,3062.2734375,1.16987454891,247.87149047852,395.23348999023,1677,3198,9,3198,0,3,0,0,0
7966,0,0,0,156.34024047852,161.34489440918,1698,3301,9,3301,0,3,0,0,0
7996,-884.35418701172,2369.7102050781,707.73156738281,451.01345825195,596.86560058594,1642,3303,9,0,0,3,0,0,0
7997,780.55902099609,1391.6163330078,-0.4211640656,58.95700073242,117.78469085693,1642,3942,3337,3875,3337,3,0,0,0
7998,1880.9114990234,1819.8889160156,-27.85733985901,193.43731689453,293.58782958984,1642,3361,3585,3875,3585,3,0,0,0
8002,3056.8325195312,2524.1181640625,580.44201660156,399.45935058594,443.96426391602,1728,3310,3310,0,0,3,0,0,0
8015,0,0,0,134.94862365723,188.35319519043,1750,460,9,460,0,3,0,0,0
8017,670.74652099609,2595.6831054688,336.0983581543,94.13591766357,135.43644714356,1669,3323,9,0,0,3506,0,0,0
8018,1361.9184570312,2409,206.49610900879,103.03157043457,143.63916015625,1669,3324,9,0,0,3506,0,0,0
8020,731.01739501953,1640.8975830078,512.26049804688,33.85554122925,46.11354064941,1669,3325,9,0,0,3506,0,0,0
8022,807.83331298828,1815.7569580078,902.23266601563,51.80866241455,88.34573364258,1669,3326,9,0,0,3506,0,0,0
8023,430.24307250977,1447.3264160156,1123.8973388672,118.45507049561,123.77812957764,1669,3458,9,0,0,3506,0,0,0
8035,1664.8992919922,663.73266601563,-701.43585205078,77.20742797852,77.20742797852,1642,3168,3880,3168,3880,3,0,0,0
8038,1297.828125,601.69793701172,-241.11506652832,101.18747711182,130.01681518555,1642,3339,3880,3339,3880,3,0,0,0
8040,0,0,0,67.4095916748,171.18891906738,1753,3300,9,0,0,3,0,0,0
8043,1094.0278320312,1275.7291259766,226.18464660645,155.11894226074,243.2526550293,1669,3341,9,0,0,3506,0,0,0
8045,653.99829101563,1231.2117919922,423.58999633789,76.9780960083,179.52325439453,1669,3382,9,0,0,3506,0,0,0
8046,-10578.05078125,8796.40625,1870.9390869141,246.78065490723,981.43927001953,1712,3342,9,0,0,3,0,0,0
8048,14471.400390625,16135.5,380.70401000977,237.6909942627,267.75100708008,451,3348,3348,0,0,3,0,0,0
8107,1843.1875,2131.375,775.67822265625,11.76871776581,17.93120384216,1669,3351,9,0,0,3506,0,0,0
8123,-420.88888549805,5209.103515625,157.61679077148,117.2368927002,120.10424804688,1642,3356,3881,3889,3881,3,0,0,0
8124,1603.7535400391,1025.7117919922,1585.8463134766,1060.7038574219,1377.4056396484,1642,3354,9,3879,9,3,0,0,0
8125,1964.0434570312,298.71182250977,1459.0471191406,1060.7038574219,1377.4056396484,1642,3354,9,3879,9,3,0,0,0
8126,1118.9461669922,1533.0103759766,1563.9549560547,1060.7038574219,1377.4056396484,1642,3354,9,3879,9,3,0,0,0
8127,1829.1978759766,-120.49652862549,1459.0471191406,1060.7038574219,1377.4056396484,1642,3354,9,3879,9,3,0,0,0
8128,1536.2535400391,3811.8359375,-3.08369398117,75.19700622559,110.37716674805,1642,3355,9,3907,9,3,0,0,0
8135,1763.8072509766,1899.0728759766,1515.5561523438,1060.7038574219,1377.4056396484,1642,3354,9,3879,9,3,0,0,0
8143,-6263.515625,5428.515625,-56.49479293823,1695.8465576172,1940.7471923828,1060,253,9,0,0,3,0,0,0
8144,4299.2778320312,-430.63540649414,380.70401000977,308.23712158203,387.59976196289,1170,1300,9,1300,0,3,0,0,0
8166,5961.8515625,10725.91015625,-120.47827148438,272.94982910156,352.41925048828,1669,3300,9,0,0,3505,0,0,0
8168,572.416015625,-487.611328125,0,261.22222900391,478.91665649414,1760,427,45,422,45,3,0,0,0
8169,1732.1455078125,-1179.859375,183.71821594238,32.85457611084,32.85457611084,1760,938,45,938,45,3,0,0,0
8170,1517.837890625,-1608.265625,64.52896881104,114.14231109619,159.28527832031,1760,966,9,966,11,3,0,0,0
8171,1779.103515625,-1740.59375,344.25445556641,13.9305973053,13.9305973053,1760,46,45,473,45,3,0,0,0
8172,959.99609375,-1822.6953125,21.30555534363,56.52777862549,92.52777862549,1760,49,45,473,45,3,0,0,0
8174,2241.0886230469,163.55381774902,1205.2977294922,53.37496185303,53.55574035645,1760,3621,39,3621,39,3,0,0,0
8175,2133.3330078125,1471.99609375,0,522.44445800781,838.08331298828,1760,3621,43,3621,43,3,0,0,0
8176,2365.0546875,-873.583984375,63.91666793823,262.55557250977,404.77777099609,1760,3621,24,3621,24,3,0,0,0
8185,1289.3177490234,-608.14410400391,-70.27452087402,4803.1987304688,5613.5180664062,1592,3380,9,0,0,3,0,0,0
8192,-12548.760742188,-15900.09375,19.72138214111,0.13888889551,372.71865844727,1669,3381,9,0,0,3,0,0,0
8199,1028.4254150391,1908.0173339844,311.2707824707,64.96878051758,69.52625274658,1669,3389,9,0,0,3506,0,0,0
8204,1242.9461669922,1970.7552490234,529.50134277344,38.0299911499,68.35723114014,1669,3391,9,0,0,3506,0,0,0
8205,1321.8992919922,1971.6944580078,528.31427001953,38.0299911499,68.35723114014,1669,3391,9,0,0,3506,0,0,0
8206,1447.2239990234,1441.4739990234,189.08493041992,83.59131622314,210.62922668457,1669,3392,9,0,0,3506,0,0,0
8212,-3237.8369140625,9010.2607421875,-158.5989074707,176.47569274902,290.76968383789,1669,3393,9,0,0,3509,0,0,0
8213,-2448.2570800781,9148.419921875,-157.76388549805,176.47569274902,290.76968383789,1669,3393,9,0,0,3509,0,0,0
8214,-2294.4235839844,9344.6328125,-77.35416412354,176.47569274902,290.76968383789,1669,3393,9,0,0,3509,0,0,0
8215,-2805.7431640625,9492.7490234375,-174.81770324707,176.47569274902,290.76968383789,1669,3394,9,0,0,3509,0,0,0
8217,-62.68229293823,-1004.9323120117,5.86490488052,135.1378326416,178.92930603027,1643,3395,3486,3670,3890,3,0,0,0
8221,-12620.059570312,-2817.3386230469,3331.3579101562,164.34603881836,228.87936401367,1712,3398,9,0,0,3,0,0,0
8223,-12646.864257812,-2184.4323730469,2468.0183105469,227.58450317383,352.87423706055,1712,3430,9,0,0,3,0,0,0
8224,7556.171875,14880.821289062,324.03283691406,28.61710548401,35.41307449341,1756,764,9,0,0,3,0,0,0
8251,13964.040039062,12524.771484375,72.78549957275,87.84478759766,136.96168518066,1756,3401,9,0,0,3,0,0,0
8254,14044.518554688,12524.771484375,72.78549957275,87.84478759766,136.96168518066,1756,3401,9,0,0,3,0,0,0
8255,14134.064453125,12536.623046875,72.78549957275,87.84478759766,136.96168518066,1756,3401,9,0,0,3,0,0,0
8256,14229.65234375,12526.236328125,72.78549957275,87.84478759766,136.96168518066,1756,3401,9,0,0,3,0,0,0
8257,14334.848632812,12526.236328125,46.92345046997,87.84478759766,136.96168518066,1756,3401,9,0,0,3,0,0,0
8258,14426.857421875,12526.236328125,53.05202102661,87.84478759766,136.96168518066,1756,3401,9,0,0,3,0,0,0
8259,14485.908203125,12526.236328125,53.05202102661,87.84478759766,136.96168518066,1756,3401,9,0,0,3,0,0,0
8260,14556.403320312,12533.986328125,53.05202102661,87.84478759766,136.96168518066,1756,3401,9,0,0,3,0,0,0
8261,14640.618164062,12530.661132812,53.05202102661,87.84478759766,136.96168518066,1756,3401,9,0,0,3,0,0,0
8262,14725.876953125,12530.661132812,53.05202102661,87.84478759766,136.96168518066,1756,3401,9,0,0,3,0,0,0
8263,14801.653320312,12530.661132812,53.05202102661,87.84478759766,136.96168518066,1756,3401,9,0,0,3,0,0,0
8264,13880.64453125,12524.771484375,72.78549957275,87.84478759766,136.96168518066,1756,3401,9,0,0,3,0,0,0
8265,13807.96484375,12524.771484375,72.78549957275,87.84478759766,136.96168518066,1756,3401,9,0,0,3,0,0,0
8266,13702.810546875,12524.771484375,72.78549957275,87.84478759766,136.96168518066,1756,3401,9,0,0,3,0,0,0
8267,13618.932617188,12524.771484375,72.78549957275,87.84478759766,136.96168518066,1756,3401,9,0,0,3,0,0,0
8268,13524.935546875,12524.771484375,72.78549957275,87.84478759766,136.96168518066,1756,3401,9,0,0,3,0,0,0
8269,13438.841796875,12524.771484375,64.82998657227,87.84478759766,136.96168518066,1756,3401,9,0,0,3,0,0,0
8270,13359.662109375,12524.771484375,64.82998657227,87.84478759766,136.96168518066,1756,3401,9,0,0,3,0,0,0
8271,13276.36328125,12527.239257812,61.84003448486,87.84478759766,136.96168518066,1756,3401,9,0,0,3,0,0,0
8272,13202.646484375,12527.239257812,61.84003448486,87.84478759766,136.96168518066,1756,3401,9,0,0,3,0,0,0
8273,13136.646484375,12527.239257812,61.84003448486,87.84478759766,136.96168518066,1756,3401,9,0,0,3,0,0,0
8274,13070.208007812,12527.239257812,61.84003448486,87.84478759766,136.96168518066,1756,3401,9,0,0,3,0,0,0
8275,14920.959960938,12530.661132812,160.93710327148,87.84478759766,136.96168518066,1756,3401,9,0,0,3,0,0,0
8276,14966.305664062,12616.067382812,124.90464782715,87.84478759766,136.96168518066,1756,3401,9,0,0,3,0,0,0
8277,14966.305664062,12717.54296875,111.26251983643,87.84478759766,136.96168518066,1756,3401,9,0,0,3,0,0,0
8278,14966.305664062,12835.775390625,111.26251983643,87.84478759766,136.96168518066,1756,3401,9,0,0,3,0,0,0
8279,14966.305664062,12939.881835938,111.26251983643,87.84478759766,136.96168518066,1756,3401,9,0,0,3,0,0,0
8280,14978.899414062,13011.2734375,111.26251983643,87.84478759766,136.96168518066,1756,3401,9,0,0,3,0,0,0
8281,14978.899414062,13086.100585938,111.26251983643,87.84478759766,136.96168518066,1756,3401,9,0,0,3,0,0,0
8282,14978.899414062,13154.465820312,111.26251983643,87.84478759766,136.96168518066,1756,3401,9,0,0,3,0,0,0
8283,14978.899414062,13232.193359375,111.26251983643,87.84478759766,136.96168518066,1756,3401,9,0,0,3,0,0,0
8284,14978.899414062,13330.388671875,111.26251983643,87.84478759766,136.96168518066,1756,3401,9,0,0,3,0,0,0
8285,14978.899414062,13418.584960938,111.26251983643,87.84478759766,136.96168518066,1756,3401,9,0,0,3,0,0,0
8286,14978.899414062,13499.23046875,111.26251983643,87.84478759766,136.96168518066,1756,3401,9,0,0,3,0,0,0
8287,14978.899414062,13576.40234375,111.26251983643,87.84478759766,136.96168518066,1756,3401,9,0,0,3,0,0,0
8288,14978.899414062,13673.75390625,111.26251983643,87.84478759766,136.96168518066,1756,3401,9,0,0,3,0,0,0
8289,14978.899414062,13747.508789062,111.26251983643,87.84478759766,136.96168518066,1756,3401,9,0,0,3,0,0,0
8290,14978.899414062,13825.39453125,111.26251983643,87.84478759766,136.96168518066,1756,3401,9,0,0,3,0,0,0
8291,14978.899414062,13894.810546875,111.26251983643,87.84478759766,136.96168518066,1756,3401,9,0,0,3,0,0,0
8292,14978.899414062,13964.62109375,111.26251983643,87.84478759766,136.96168518066,1756,3401,9,0,0,3,0,0,0
8293,14978.899414062,14034.991210938,145.25503540039,87.84478759766,136.96168518066,1756,3401,9,0,0,3,0,0,0
8294,14978.899414062,14084.22265625,137.4026184082,87.84478759766,136.96168518066,1756,3401,9,0,0,3,0,0,0
8295,14970.046875,14149.294921875,137.4026184082,87.84478759766,136.96168518066,1756,3401,9,0,0,3,0,0,0
8296,14970.046875,14207.920898438,137.4026184082,87.84478759766,136.96168518066,1756,3401,9,0,0,3,0,0,0
8297,14970.046875,14332.989257812,137.4026184082,87.84478759766,136.96168518066,1756,3401,9,0,0,3,0,0,0
8298,14091.537109375,14332.989257812,137.4026184082,87.84478759766,136.96168518066,1756,3401,9,0,0,3,0,0,0
8299,14091.537109375,14428.087890625,137.4026184082,87.84478759766,136.96168518066,1756,3401,9,0,0,3,0,0,0
8300,14091.537109375,14552.392578125,137.4026184082,87.84478759766,136.96168518066,1756,3401,9,0,0,3,0,0,0
8301,14091.537109375,14235.014648438,137.4026184082,87.84478759766,136.96168518066,1756,3401,9,0,0,3,0,0,0
8302,13978.198242188,14235.014648438,137.4026184082,87.84478759766,136.96168518066,1756,3401,9,0,0,3,0,0,0
8303,13863.94140625,14235.014648438,137.4026184082,87.84478759766,136.96168518066,1756,3401,9,0,0,3,0,0,0
8304,13761.017578125,14235.014648438,137.4026184082,87.84478759766,136.96168518066,1756,3401,9,0,0,3,0,0,0
8305,13658.090820312,14235.014648438,137.4026184082,87.84478759766,136.96168518066,1756,3401,9,0,0,3,0,0,0
8306,13562.767578125,14235.014648438,137.4026184082,87.84478759766,136.96168518066,1756,3401,9,0,0,3,0,0,0
8307,13441.106445312,14235.014648438,137.4026184082,87.84478759766,136.96168518066,1756,3401,9,0,0,3,0,0,0
8308,13341.040039062,14235.014648438,137.4026184082,87.84478759766,136.96168518066,1756,3401,9,0,0,3,0,0,0
8309,13243.98046875,14235.014648438,137.4026184082,87.84478759766,136.96168518066,1756,3401,9,0,0,3,0,0,0
8310,13148.580078125,14235.014648438,137.4026184082,87.84478759766,136.96168518066,1756,3401,9,0,0,3,0,0,0
8311,13053.325195312,14235.014648438,137.4026184082,87.84478759766,136.96168518066,1756,3401,9,0,0,3,0,0,0
8312,12975.353515625,14235.014648438,137.4026184082,87.84478759766,136.96168518066,1756,3401,9,0,0,3,0,0,0
8313,12874.633789062,14235.014648438,137.4026184082,87.84478759766,136.96168518066,1756,3401,9,0,0,3,0,0,0
8314,14826.875,13819.521484375,132.72505187988,562.72540283203,602.93023681641,1658,1587,9,0,0,3,0,0,0
8315,7454.4438476562,14793.370117188,360.59744262695,14.0823392868,20.30611419678,1756,3407,9,0,0,3,0,0,0
8342,7972.8813476562,14647.100585938,123.56139373779,44.37111282349,93.32704162598,1756,3405,9,0,0,3,0,0,0
8348,7972.8813476562,14607.665039062,123.56139373779,44.37111282349,93.32704162598,1756,3405,9,0,0,3,0,0,0
8349,7972.8813476562,14564.981445312,123.56139373779,44.37111282349,93.32704162598,1756,3405,9,0,0,3,0,0,0
8350,7972.8813476562,14523.0859375,123.56139373779,44.37111282349,93.32704162598,1756,3405,9,0,0,3,0,0,0
8351,7972.8813476562,14498.888671875,123.56139373779,44.37111282349,93.32704162598,1756,3405,9,0,0,3,0,0,0
8352,7972.8813476562,14459.975585938,123.56139373779,44.37111282349,93.32704162598,1756,3405,9,0,0,3,0,0,0
8353,7972.8813476562,14414.723632812,123.56139373779,44.37111282349,93.32704162598,1756,3405,9,0,0,3,0,0,0
8354,7972.8813476562,14370.397460938,123.56139373779,44.37111282349,93.32704162598,1756,3405,9,0,0,3,0,0,0
8355,7972.8813476562,14349.590820312,123.56139373779,44.37111282349,93.32704162598,1756,3405,9,0,0,3,0,0,0
8356,7972.8813476562,14299.16015625,123.56139373779,44.37111282349,93.32704162598,1756,3405,9,0,0,3,0,0,0
8357,8023.126953125,14299.16015625,123.56139373779,44.37111282349,93.32704162598,1756,3405,9,0,0,3,0,0,0
8358,8073.6040039062,14299.16015625,123.56139373779,44.37111282349,93.32704162598,1756,3405,9,0,0,3,0,0,0
8359,8110.0380859375,14299.16015625,123.56139373779,44.37111282349,93.32704162598,1756,3405,9,0,0,3,0,0,0
8360,8149.7143554688,14299.16015625,123.56139373779,44.37111282349,93.32704162598,1756,3405,9,0,0,3,0,0,0
8361,8205.8154296875,14299.16015625,123.56139373779,44.37111282349,93.32704162598,1756,3405,9,0,0,3,0,0,0
8362,8258.6923828125,14299.16015625,123.56139373779,44.37111282349,93.32704162598,1756,3405,9,0,0,3,0,0,0
8363,8299.728515625,14299.16015625,123.56139373779,44.37111282349,93.32704162598,1756,3405,9,0,0,3,0,0,0
8364,8337.5595703125,14299.16015625,123.56139373779,44.37111282349,93.32704162598,1756,3405,9,0,0,3,0,0,0
8367,7972.8813476562,14699.044921875,123.56139373779,44.37111282349,93.32704162598,1756,3405,9,0,0,3,0,0,0
8368,7972.8813476562,14753.486328125,123.56139373779,44.37111282349,93.32704162598,1756,3405,9,0,0,3,0,0,0
8369,7972.8813476562,14801.551757812,123.56139373779,44.37111282349,93.32704162598,1756,3405,9,0,0,3,0,0,0
8371,7972.8813476562,14859.626953125,123.56139373779,44.37111282349,93.32704162598,1756,3405,9,0,0,3,0,0,0
8372,7972.8813476562,14906.044921875,123.56139373779,44.37111282349,93.32704162598,1756,3405,9,0,0,3,0,0,0
8373,7972.8813476562,14957.33203125,123.56139373779,44.37111282349,128.85716247559,1756,3405,9,0,0,3,0,0,0
8374,7972.8813476562,14993.897460938,123.56139373779,44.37111282349,140.08375549316,1756,3405,9,0,0,3,0,0,0
8375,8038.8715820312,14985.563476562,123.56139373779,44.37111282349,130.71171569824,1756,3405,9,0,0,3,0,0,0
8376,8096.2065429688,14985.564453125,123.56139373779,44.37111282349,129.24806213379,1756,3405,9,0,0,3,0,0,0
8377,8196.69921875,14985.564453125,123.56139373779,44.37111282349,134.31544494629,1756,3405,9,0,0,3,0,0,0
8378,8144.0297851562,14985.564453125,123.56139373779,44.37111282349,133.53289794922,1756,3405,9,0,0,3,0,0,0
8379,8245.3193359375,14985.564453125,123.56139373779,44.37111282349,133.96253967285,1756,3405,9,0,0,3,0,0,0
8380,8300.732421875,14985.564453125,123.56139373779,44.37111282349,134.20429992676,1756,3405,9,0,0,3,0,0,0
8381,8350.4453125,14985.564453125,123.56139373779,44.37111282349,125.64253234863,1756,3405,9,0,0,3,0,0,0
8385,14506.793945312,4560.5346679688,65.83846282959,64.10629272461,86.65670013428,1756,3408,9,0,0,3,0,0,0
8387,14506.793945312,4648.71875,65.83846282959,64.10629272461,86.65670013428,1756,3408,9,0,0,3,0,0,0
8388,14506.793945312,4729.8022460938,65.83846282959,64.10629272461,86.65670013428,1756,3408,9,0,0,3,0,0,0
8389,14506.793945312,4808.5400390625,65.83846282959,64.10629272461,86.65670013428,1756,3408,9,0,0,3,0,0,0
8390,14506.793945312,4881.7353515625,65.83846282959,64.10629272461,86.65670013428,1756,3408,9,0,0,3,0,0,0
8391,14506.793945312,5262.8803710938,65.83846282959,64.10629272461,106.12064361572,1756,3408,9,0,0,3,0,0,0
8392,14506.793945312,5188.4306640625,65.83846282959,64.10629272461,106.12064361572,1756,3408,9,0,0,3,0,0,0
8393,14506.793945312,5109.4106445312,65.83846282959,64.10629272461,106.12064361572,1756,3408,9,0,0,3,0,0,0
8394,14506.793945312,5043.0244140625,65.83846282959,64.10629272461,106.12064361572,1756,3408,9,0,0,3,0,0,0
8395,14506.793945312,4971.4809570312,65.83846282959,64.10629272461,106.12064361572,1756,3408,9,0,0,3,0,0,0
8396,14436.860351562,5295.8735351562,65.83846282959,64.10629272461,106.12064361572,1756,3408,9,0,0,3,0,0,0
8397,14362.3203125,5295.8735351562,65.83846282959,64.10629272461,106.12064361572,1756,3408,9,0,0,3,0,0,0
8398,14284.365234375,5293.3627929688,65.83846282959,64.10629272461,106.12064361572,1756,3408,9,0,0,3,0,0,0
8399,14209.481445312,5292.953125,65.83846282959,64.10629272461,106.12064361572,1756,3408,9,0,0,3,0,0,0
8400,14133.78515625,5291.1552734375,65.83846282959,64.10629272461,106.12064361572,1756,3408,9,0,0,3,0,0,0
8401,14064.340820312,5291.1552734375,65.83846282959,64.10629272461,106.12064361572,1756,3408,9,0,0,3,0,0,0
8402,13967.672851562,5291.1552734375,65.83846282959,64.10629272461,106.12064361572,1756,3408,9,0,0,3,0,0,0
8403,13909.643554688,5219.2788085938,65.83846282959,64.10629272461,106.12064361572,1756,3408,9,0,0,3,0,0,0
8404,13909.643554688,5128.6840820312,65.83846282959,64.10629272461,106.12064361572,1756,3408,9,0,0,3,0,0,0
8405,13909.643554688,5071.1040039062,65.83846282959,64.10629272461,106.12064361572,1756,3408,9,0,0,3,0,0,0
8406,13909.643554688,4999.5815429688,65.83846282959,64.10629272461,106.12064361572,1756,3408,9,0,0,3,0,0,0
8407,13909.643554688,4923.0122070312,65.83846282959,64.10629272461,106.12064361572,1756,3408,9,0,0,3,0,0,0
8408,13909.643554688,4835.2099609375,65.83846282959,64.10629272461,106.12064361572,1756,3408,9,0,0,3,0,0,0
8409,13909.643554688,4763.34375,65.83846282959,64.10629272461,106.12064361572,1756,3408,9,0,0,3,0,0,0
8410,13909.643554688,4671.1884765625,65.83846282959,64.10629272461,106.12064361572,1756,3408,9,0,0,3,0,0,0
8411,13909.643554688,4602.0893554688,65.83846282959,64.10629272461,106.12064361572,1756,3408,9,0,0,3,0,0,0
8412,13968.038085938,4545.1518554688,65.83846282959,64.10629272461,106.12064361572,1756,3408,9,0,0,3,0,0,0
8413,14051.107421875,4545.1518554688,65.83846282959,64.10629272461,106.12064361572,1756,3408,9,0,0,3,0,0,0
8414,14132.29296875,4545.1518554688,65.83846282959,64.10629272461,106.12064361572,1756,3408,9,0,0,3,0,0,0
8415,14210.107421875,4545.1518554688,65.83846282959,64.10629272461,106.12064361572,1756,3408,9,0,0,3,0,0,0
8416,14291.797851562,4545.1518554688,65.83846282959,64.10629272461,106.12064361572,1756,3408,9,0,0,3,0,0,0
8417,14367.939453125,4545.1518554688,65.83846282959,64.10629272461,106.12064361572,1756,3408,9,0,0,3,0,0,0
8418,14449.052734375,4545.1518554688,65.83846282959,64.10629272461,106.12064361572,1756,3408,9,0,0,3,0,0,0
8419,13686.817382812,4418.8212890625,165.29942321777,5.30002403259,24.52450561523,1756,3409,9,0,0,3,0,0,0
8420,5905.1528320312,9325.3212890625,-21.82997703552,89.13379669189,104.03642272949,1669,3410,9,0,0,3505,0,0,0
8421,2368.2587890625,10512.327148438,166.44088745117,32.15578079224,32.15578079224,1756,3422,9,0,0,3,0,0,0
8422,2560.4887695312,10294.189453125,166.44088745117,62.74805450439,108.1660232544,1756,3412,9,0,0,3,0,0,0
8423,2651.0478515625,10293.176757812,166.44088745117,62.74805450439,108.1660232544,1756,3412,9,0,0,3,0,0,0
8424,2721.2075195312,10293.176757812,166.44088745117,62.74805450439,108.1660232544,1756,3412,9,0,0,3,0,0,0
8425,2861.6545410156,10293.176757812,166.44088745117,62.74805450439,108.1660232544,1756,3412,9,0,0,3,0,0,0
8426,2794.5676269531,10293.176757812,166.44088745117,62.74805450439,108.1660232544,1756,3412,9,0,0,3,0,0,0
8427,2942.4914550781,10293.176757812,166.44088745117,62.74805450439,108.1660232544,1756,3412,9,0,0,3,0,0,0
8428,3011.2404785156,10293.176757812,166.44088745117,62.74805450439,108.1660232544,1756,3412,9,0,0,3,0,0,0
8429,3102.2482910156,10293.176757812,166.44088745117,62.74805450439,108.1660232544,1756,3412,9,0,0,3,0,0,0
8430,3156.2570800781,10225.216796875,166.44088745117,62.74805450439,108.1660232544,1756,3412,9,0,0,3,0,0,0
8431,3156.2570800781,10147.883789062,166.44088745117,62.74805450439,108.1660232544,1756,3412,9,0,0,3,0,0,0
8432,3156.2570800781,10068.758789062,152.80555725098,62.74805450439,108.1660232544,1756,3412,9,0,0,3,0,0,0
8433,3156.2570800781,9993.3173828125,151.99433898926,62.74805450439,108.1660232544,1756,3412,9,0,0,3,0,0,0
8434,3156.2570800781,9966.8564453125,166.44088745117,62.74805450439,108.1660232544,1756,3412,9,0,0,3,0,0,0
8435,3156.2570800781,9903.2451171875,142.96849060059,62.74805450439,108.1660232544,1756,3412,9,0,0,3,0,0,0
8436,3156.2570800781,9831.15625,90.46395874023,62.74805450439,108.1660232544,1756,3412,9,0,0,3,0,0,0
8437,3156.2570800781,9757.951171875,88.22910308838,62.74805450439,108.1660232544,1756,3412,9,0,0,3,0,0,0
8438,3156.2570800781,9703.6826171875,84.22064971924,62.74805450439,108.1660232544,1756,3412,9,0,0,3,0,0,0
8439,3156.2570800781,9633.9345703125,57.43500518799,62.74805450439,108.1660232544,1756,3412,9,0,0,3,0,0,0
8440,3156.2570800781,9558.041015625,49.07657241821,62.74805450439,108.1660232544,1756,3412,9,0,0,3,0,0,0
8441,3085.6086425781,9558.041015625,18.23782348633,62.74805450439,108.1660232544,1756,3412,9,0,0,3,0,0,0
8442,3014.1667480469,9558.041015625,18.23782348633,62.74805450439,108.1660232544,1756,3412,9,0,0,3,0,0,0
8443,2545.4738769531,10210.01953125,166.44088745117,62.74805450439,108.1660232544,1756,3412,9,0,0,3,0,0,0
8444,2545.4738769531,10142.5390625,166.44088745117,62.74805450439,108.1660232544,1756,3412,9,0,0,3,0,0,0
8445,2545.4738769531,10063.734375,166.44088745117,62.74805450439,108.1660232544,1756,3412,9,0,0,3,0,0,0
8446,2545.4738769531,9988.6611328125,166.44088745117,62.74805450439,108.1660232544,1756,3412,9,0,0,3,0,0,0
8447,2545.4738769531,9920.306640625,166.44088745117,62.74805450439,108.1660232544,1756,3412,9,0,0,3,0,0,0
8448,2545.4738769531,9860.240234375,166.44088745117,62.74805450439,108.1660232544,1756,3412,9,0,0,3,0,0,0
8449,2545.4738769531,9788.53125,166.44088745117,62.74805450439,108.1660232544,1756,3412,9,0,0,3,0,0,0
8450,2545.4738769531,9716.1787109375,166.44088745117,62.74805450439,108.1660232544,1756,3412,9,0,0,3,0,0,0
8451,2545.4738769531,9640.255859375,166.44088745117,62.74805450439,108.1660232544,1756,3412,9,0,0,3,0,0,0
8452,2545.4738769531,9558.9189453125,166.44088745117,62.74805450439,108.1660232544,1756,3412,9,0,0,3,0,0,0
8453,2476.9306640625,9558.9189453125,107.49546813965,62.74805450439,108.1660232544,1756,3412,9,0,0,3,0,0,0
8454,2401.0017089844,9558.9189453125,101.87042999268,62.74805450439,108.1660232544,1756,3412,9,0,0,3,0,0,0
8455,2324.4721679688,9558.9189453125,97.99755096436,62.74805450439,108.1660232544,1756,3412,9,0,0,3,0,0,0
8456,2324.4721679688,9508.10546875,109.89974212647,62.74805450439,108.1660232544,1756,3412,9,0,0,3,0,0,0
8457,2324.4721679688,9426.236328125,72.9243927002,62.74805450439,108.1660232544,1756,3412,9,0,0,3,0,0,0
8458,2324.4721679688,9351.5986328125,72.9243927002,62.74805450439,108.1660232544,1756,3412,9,0,0,3,0,0,0
8459,2324.4721679688,9287.90234375,72.9243927002,62.74805450439,108.1660232544,1756,3412,9,0,0,3,0,0,0
8460,2324.4721679688,9234.9677734375,72.9243927002,62.74805450439,108.1660232544,1756,3412,9,0,0,3,0,0,0
8461,2324.4721679688,9168.62109375,72.9243927002,62.74805450439,108.1660232544,1756,3412,9,0,0,3,0,0,0
8462,2324.4721679688,9093.1923828125,101.39576721191,62.74805450439,108.1660232544,1756,3412,9,0,0,3,0,0,0
8463,2386.3542480469,9093.1923828125,101.39576721191,62.74805450439,108.1660232544,1756,3412,9,0,0,3,0,0,0
8464,2460.71875,9093.1923828125,101.39576721191,62.74805450439,108.1660232544,1756,3412,9,0,0,3,0,0,0
8465,2535.4270019531,9059.3447265625,101.39576721191,62.74805450439,108.1660232544,1756,3412,9,0,0,3,0,0,0
8466,2586.9418945312,9061.53125,101.39576721191,62.74805450439,108.1660232544,1756,3412,9,0,0,3,0,0,0
8467,2641.2873535156,9059.33203125,101.39576721191,62.74805450439,108.1660232544,1756,3412,9,0,0,3,0,0,0
8468,2720.1477050781,9040.60546875,36.12768554688,62.74805450439,108.1660232544,1756,3412,9,0,0,3,0,0,0
8469,2761.4602050781,9040.6064453125,36.12768554688,62.74805450439,152.97784423828,1756,3412,9,0,0,3,0,0,0
8470,2816.3698730469,9040.6064453125,36.12768554688,62.74805450439,108.1660232544,1756,3412,9,0,0,3,0,0,0
8471,2878.0166015625,9040.6064453125,36.12768554688,62.74805450439,108.1660232544,1756,3412,9,0,0,3,0,0,0
8472,2932.9582519531,9040.6064453125,36.12768554688,62.74805450439,183.59202575684,1756,3412,9,0,0,3,0,0,0
8473,2932.9582519531,9086.3095703125,5.53646230698,62.74805450439,108.1660232544,1756,3412,9,0,0,3,0,0,0
8474,2932.9582519531,9146.0390625,9.36166381836,62.74805450439,108.1660232544,1756,3412,9,0,0,3,0,0,0
8475,2932.9582519531,9221.708984375,-11.29536247253,62.74805450439,169.88511657715,1756,3412,9,0,0,3,0,0,0
8476,2932.9582519531,9284.5205078125,-43.12297821045,62.74805450439,108.1660232544,1756,3412,9,0,0,3,0,0,0
8477,2932.9582519531,9318.8642578125,-53.64847183228,114.69013214111,137.18171691895,1756,3412,9,0,0,3,0,0,0
8478,2932.9582519531,9407.630859375,-104.96201324463,137.09371948242,178.8631439209,1756,3412,9,0,0,3,0,0,0
8479,2932.9582519531,9541.921875,-104.96201324463,137.09371948242,178.8631439209,1756,3412,9,0,0,3,0,0,0
8480,8800.6201171875,4020.8212890625,970.09332275391,163.68923950195,212.67652893066,1756,3421,9,0,0,3,0,0,0
8481,8497.7490234375,4303.7734375,558.34466552734,153.41032409668,212.67652893066,1756,3413,9,0,0,3,0,0,0
8482,8667.0205078125,4303.7734375,558.34466552734,153.41032409668,212.67652893066,1756,3413,9,0,0,3,0,0,0
8483,9023.3525390625,4303.7734375,687.83508300781,153.41032409668,212.67652893066,1756,3413,9,0,0,3,0,0,0
8484,8535.1953125,4129.8671875,391.10275268555,153.41032409668,212.67652893066,1756,3413,9,0,0,3,0,0,0
8485,8543.48046875,3997.8186035156,312.38146972656,153.41032409668,212.67652893066,1756,3413,9,0,0,3,0,0,0
8486,8522.0625,3838.8879394531,312.38146972656,153.41032409668,212.67652893066,1756,3413,9,0,0,3,0,0,0
8487,8825.6923828125,4303.7734375,558.34466552734,153.41032409668,212.67652893066,1756,3413,9,0,0,3,0,0,0
8488,9130.47265625,4303.7734375,796.59289550781,153.41032409668,212.67652893066,1756,3413,9,0,0,3,0,0,0
8489,9248.01171875,4303.7734375,893.97735595703,153.41032409668,212.67652893066,1756,3413,9,0,0,3,0,0,0
8490,9349.3173828125,4303.7734375,981.95001220703,153.41032409668,212.67652893066,1756,3413,9,0,0,3,0,0,0
8491,9130.47265625,4119.8647460938,991.69476318359,153.41032409668,212.67652893066,1756,3413,9,0,0,3,0,0,0
8492,9137.5439453125,4027.5329589844,1077.8883056641,153.41032409668,212.67652893066,1756,3413,9,0,0,3,0,0,0
8493,9137.5439453125,3916.8498535156,1077.8883056641,153.41032409668,212.67652893066,1756,3413,9,0,0,3,0,0,0
8494,9137.5439453125,3771.4748535156,1077.8883056641,153.41032409668,212.67652893066,1756,3413,9,0,0,3,0,0,0
8498,9259.6904296875,13833.03125,78.91581726074,169.02328491211,308.96713256836,1658,3415,9,0,0,3,0,0,0
8499,-8706.5068359375,1366.1892089844,0.41037327051,776.46270751953,931.73901367188,1655,2847,9,0,0,3,0,0,0
8500,759.39758300781,814.90625,-53.64051055908,1027.6577148438,1296.6804199219,1779,12,9,0,0,3,0,0,0
8502,791.58679199219,760.87847900391,75.40798950195,1109.0850830078,1377.1496582031,1779,3437,9,0,0,3,0,0,0
8504,865.25866699219,-1868.6007080078,-5.390625,641.15832519531,819.99005126953,1779,1776,9,0,0,3,0,0,0
8506,-1811.8420410156,762.50518798828,115.21701812744,898.96752929688,960.38891601563,1779,1756,9,0,0,3,0,0,0
8508,-4111.9428710938,639.98266601563,320.70318603516,746.24005126953,808.69592285156,1779,792,9,0,0,3,0,0,0
8509,12707.671875,13135.193359375,61.84003448486,87.84478759766,136.96168518066,1756,3401,9,0,0,3,0,0,0
8513,14605.473632812,14657.91015625,28.76736068726,759.17047119141,859.76275634766,1780,2089,9,0,0,3,0,0,0
8520,-5581.6337890625,-6562.5571289062,169.03533935547,313.03384399414,473.73657226563,1669,3379,9,0,0,3,0,0,0
8521,-3551.4340820312,9441.4287109375,89.18530273438,2.8660697937,15.09976196289,1712,3431,9,0,0,3,0,0,0
8522,-3380.6650390625,9526.5556640625,-39.0294303894,154.15713500977,224.07510375977,1712,3522,9,0,0,3,0,0,0
8527,4571.8803710938,-1280.8941650391,4.37385225296,1686.4659423828,1909.3389892578,1676,3280,9,3280,0,3,0,0,0
8529,2490.9011230469,1381.8923339844,-11.85616111755,254.79315185547,329.43286132813,1642,3551,3551,3551,3551,3,0,0,0
8531,-2026.2170410156,-1811.28125,49.029296875,308.21166992188,370.67651367188,1779,3178,9,0,0,3,0,0,0
8532,-1763.3819580078,-2073.9775390625,49.029296875,85.76564025879,137.53668212891,1779,3231,9,0,0,3,0,0,0
8909,960.68927001953,-4788.173828125,187.24130249023,394.02346801758,567.04614257813,1779,3438,9,0,0,3,0,0,0
8910,396.77258300781,-4144.6704101562,187.24130249023,394.02346801758,567.04614257813,1779,3438,9,0,0,3,0,0,0
8915,-1870.7951660156,-1788.0850830078,-73.71728515625,538.78717041016,571.62524414063,1779,3439,9,0,0,3,0,0,0
8916,184.66493225098,6233.0522460938,-7.24228906631,58.08010101318,84.32098388672,1676,2089,2780,2757,0,3,0,0,0
8917,175.416015625,6749.8955078125,44.94268035889,148.77676391602,213.25158691406,1676,2623,2623,2623,0,3,0,0,0
8919,576.13714599609,5417.7641601562,53.57883453369,93.96234893799,162.11968994141,1676,2796,3020,2796,0,3,0,0,0
8920,512.95489501953,5884.0112304688,41.32638931274,88.34802246094,139.61030578613,1676,2127,3020,2127,0,3,0,0,0
8921,361.109375,5545.0366210938,34.40333938599,43.96458816528,114.83994293213,1676,2127,3020,2127,0,3,0,0,0
8922,1059.68359375,6465.123046875,133.61923217773,110.38332366943,181.01057434082,1676,2127,3020,2127,0,3,0,0,0
8923,655.56427001953,6683.158203125,76.01444244385,139.26463317871,210.71989440918,1676,2243,3020,2243,0,3,0,0,0
8924,943.1298828125,6196.57421875,77.52606964111,96.12661743164,171.43406677246,1676,2090,3020,2090,0,3,0,0,0
8925,552.21875,6142.1215820312,41.32638931274,117.28642272949,171.49957275391,1676,2614,3020,2614,0,3,0,0,0
8926,547.81945800781,6283.1430664062,41.32638931274,101.40576934815,151.2565612793,1676,2614,3020,2614,0,3,0,0,0
8927,-164.875,6209.8872070312,44.94268035889,148.77676391602,267.53659057617,1676,2630,2873,2630,0,3,0,0,0
8928,-366.00173950195,5437.4384765625,44.94267654419,168.33361816406,277.11663818359,1676,2630,2873,2630,0,3,0,0,0
8929,-534.828125,5912.99609375,48.5297164917,55.37897109985,114.56255340576,1676,2630,2873,2630,0,3,0,0,0
8930,-208.12673950195,7017.2866210938,44.94268035889,223.54020690918,301.41287231445,1676,2630,2873,2630,0,3,0,0,0
8932,-338.52432250977,6590.447265625,0.13264973462,122.57359313965,216.66902160645,1676,2779,2872,2757,0,3,0,0,0
8933,-1103.1927490234,6107.5122070312,69.89289093018,120.95831298828,218.36657714844,1676,2778,2588,2778,0,3,0,0,0
8934,-1329.4566650391,6172.3046875,102.9211730957,120.95831298828,218.36657714844,1676,2778,2588,2778,0,3,0,0,0
8936,526.857421875,4817.2998046875,-39.48247528076,390.37170410156,460.9619140625,1676,3084,3020,3084,0,3,0,0,0
8937,925.6923828125,4824.7861328125,40.52891921997,298.46356201172,360.61547851563,1676,3084,3020,3084,0,3,0,0,0
8938,216.87847900391,5232.681640625,-0.0209962409,111.24556732178,153.62814331055,1676,3084,3020,3084,0,3,0,0,0
8939,191.04513549805,5102.9946289062,20.3729839325,109.63921356201,138.59172058106,1676,3084,3020,3084,0,3,0,0,0
8940,-2701.5173339844,-2136.6059570312,19.59980201721,126.41291809082,233.29196166992,1779,3440,9,0,0,3,0,0,0
8941,6467.03125,-1280.8941650391,2828.8937988281,1782.3135986328,1782.3135986328,1676,3158,9,3158,0,3,0,0,0
8942,-4105.3178710938,-4666.658203125,80.46126556396,780.67016601563,1389.5653076172,1779,904,9,0,0,3,0,0,0
8943,14500.62890625,11068.200195312,40.89236068726,1036.5615234375,1194.6364746094,1780,2531,9,0,0,3,0,0,0
8949,4539.6005859375,9833.6142578125,169.39120483398,254.28448486328,254.28448486328,1669,3444,9,0,0,3505,0,0,0
8950,-3584.3698730469,-1565.0989990234,-73.71726989746,576.00616455078,594.98010253906,1779,3439,1756,0,0,3,0,0,0
8953,8652.23046875,-5600.5053710938,5.72100162506,414.08258056641,636.99084472656,1655,3271,9,0,0,3,0,0,0
8964,1644.1146240234,2288.6613769531,62.50721740723,207.05264282227,328.49960327148,1642,3457,9,3457,9,3,0,0,0
8966,1904.8090820312,236.95660400391,69.19384765625,3394.873046875,3938.6853027344,1804,3459,9,0,0,3,0,0,0
8967,14669.762695312,6974.4208984375,61.99701690674,1149.5677490234,1407.0242919922,1780,2630,9,0,0,3,0,0,0
8970,2244.8681640625,1906.6997070312,272.26959228516,285.35006713867,421.51806640625,1669,3462,9,0,0,3506,0,0,0
8977,-1862.2291259766,-4536.4340820312,3.9659e-07,1.20704042912,1494.5592041016,1779,3461,9,0,0,3,0,0,0
8978,-3697.2258300781,-7989.3784179688,0,1434.8276367188,3102.4616699219,1779,3463,9,0,0,3,0,0,0
8980,2107.4775390625,1788.609375,338.72732543945,171.45097351074,297.62622070313,1669,3462,9,0,0,3506,0,0,0
8981,837.49829101563,1820.3472900391,602.80041503906,1.0351074934,57.16222000122,1669,3465,9,0,0,3506,0,0,0
8982,780.81768798828,1815.7535400391,605.02429199219,1.0351074934,57.16222000122,1669,3465,9,0,0,3506,0,0,0
8983,1470.5642089844,2088.8715820312,439.24624633789,86.64895629883,153.29699707031,1669,3466,9,0,0,3506,0,0,0
8984,1368.2517089844,2127.8212890625,411.9421081543,115.44654846191,163.71124267578,1669,3466,9,0,0,3506,0,0,0
8985,1240.59375,2130.1145019531,417.609375,114.12415313721,160.67510986328,1669,3466,9,0,0,3506,0,0,0
8986,14405.45703125,-678.35241699219,-14.94032096863,2065.9248046875,2434.9047851562,1780,1375,9,0,0,3,0,0,0
8987,3066.3872070312,-4515.4965820312,-8.29521e-06,550.90252685547,656.56524658203,1712,3467,9,0,0,3,0,0,0
8994,-342.81945800781,2109.109375,-279.29479980469,153.86140441895,200.658203125,1643,3557,3486,3670,3890,3,0,0,0
8995,-428.98959350586,4881.7954101562,123.50437927246,50.50339508057,60.31907272339,1642,3420,3881,3882,3881,3,0,0,0
8998,1970.9497070312,4781.3447265625,22.93873786926,207.13348388672,306.79275512695,1642,3562,3881,3886,3881,3,0,0,0
9005,-61.95830154419,-917.97900390625,10.95310020447,1405.2199707031,1617.0799560547,1813,12,3725,12,3725,3,0,0,0
9006,-482.78472900391,-1082.0590820312,69.16753387451,1264.1824951172,1782.1350097656,1814,4095,4096,4095,4096,3,0,0,0
9007,2780.0815429688,-290.84548950195,36.47298049927,2.640625,16.28503417969,1643,1587,3736,3693,3744,3,0,0,0
9008,1703.453125,-277.97570800781,77.44123077393,92.27321624756,148.70626831055,1643,3480,3890,3670,3890,3,0,0,0
9010,1599.9635009766,-343.15451049805,77.44123077393,97.30139160156,128.39421081543,1643,3480,3890,3670,3890,3,0,0,0
9011,1467.5850830078,-365.30035400391,24.46691322327,125.53634643555,145.56271362305,1643,3480,3890,3670,3890,3,0,0,0
9012,1541.4254150391,-481.06597900391,77.44123077393,97.30139160156,128.39421081543,1643,3480,3890,3670,3890,3,0,0,0
9014,-7803.4047851562,-6327.234375,-85.54139709473,1416.7296142578,1906.5318603516,1669,3482,9,0,0,3,0,0,0
9016,-5501.140625,-6547.0434570312,-194.59294128418,1800.5961914062,1800.5961914062,1669,3482,9,0,0,3,0,0,0
9018,1613.4288330078,1947.5434570312,272.60662841797,217.81086730957,249.65045166016,1643,3484,3486,3873,3890,3,0,0,0
9022,-2314.9392089844,9659.935546875,174.64643859863,3.03161334991,25.19412994385,1712,3491,9,0,0,3,0,0,0
9023,-2810.4877929688,10650.833007812,-171.68180847168,512.31414794922,1113.0544433594,1712,3525,9,0,0,3,0,0,0
9024,1687.4860839844,1686.0555419922,272.60662841797,217.81086730957,249.65045166016,1643,3484,3486,3873,3890,3,0,0,0
9025,1758.6944580078,1429.9357910156,272.60662841797,217.81086730957,364.27197265625,1643,3484,3486,3873,3890,3,0,0,0
9026,512.51739501953,1357.1024169922,-21.90338897705,154.22640991211,181.09078979492,1643,3764,3486,3670,3890,3,0,0,0
9027,509.48785400391,1078.0972900391,-37.79348373413,157.92274475098,217.52317810059,1643,3764,3486,3670,3890,3,0,0,0
9035,677.19793701172,714.32116699219,9.89033985138,90.14702606201,144.90055847168,1643,3764,3486,3670,3890,3,0,0,0
9039,305.59201049805,3077.4445800781,152.33181762695,198.4373626709,327.18933105469,1642,3495,3881,3882,3881,3,0,0,0
9040,-7342.1596679688,831.26043701172,-13.59961891174,2211.7749023438,2651.3901367188,1815,253,9,0,0,3,0,0,0
9042,3317.0520019531,-9657.30078125,-2.63680934906,616.24249267578,616.24249267578,1712,3518,9,0,0,3,0,0,0
9044,3284.0278320312,2500.9619140625,-7.87420320511,173.94087219238,236.10081481934,1642,3510,3881,3892,3881,3,0,0,0
9045,3684.375,2523.6589355469,26.97283744812,141.15992736816,218.87275695801,1642,3514,3881,3892,3881,3,0,0,0
9046,3659.9113769531,2669.1301269531,65.69692230225,181.91288757324,249.50424194336,1642,3514,3881,3892,3881,3,0,0,0
9048,3344.1389160156,2243.4150390625,-23.46780014038,201.0620880127,272.15539550781,1642,3510,3881,3892,3881,3,0,0,0
9052,3847.875,2770.8488769531,22.47482872009,112.50184631348,257.23608398438,1642,3514,3881,3892,3881,3,0,0,0
9053,-1388.2326660156,3822.1918945312,20.46180534363,178.96092224121,245.06097412109,1643,3612,3951,3612,0,3,0,0,0
9058,0,0,0,11.59333992004,22.27708816528,1803,3616,9,3616,0,3,0,0,0
9061,-3688.25,9554.0087890625,-130.69973754883,45.40341186523,45.40341186523,1712,3520,9,0,0,3,0,0,0
9062,-3786.0729980469,9429.9892578125,-150.97219848633,31.64204978943,31.64204978943,1712,3522,9,0,0,3,0,0,0
9063,-3786.1875,9316.8955078125,-150.97216796875,58.49429702759,58.49429702759,1712,3523,9,0,0,3,0,0,0
9064,-3780.2985839844,9192.6416015625,-150.97219848633,55.66729354858,58.87181472778,1712,3524,9,0,0,3,0,0,0
9065,-3778.765625,9541.064453125,-150.97216796875,45.73163223267,56.52103424072,1712,3521,9,0,0,3,0,0,0
9066,-4619.9047851562,-10641,558.572265625,10.38737487793,17.81290817261,1669,3349,9,3349,0,3,0,0,0
9067,-12920.309570312,-2273.4497070312,1952.2095947266,5.49255037308,18.87968063354,1669,3284,9,0,0,3,0,0,0
9071,72.00694274902,-2701.0104980469,7.70974397659,672.19494628906,898.45440673828,1643,3741,3486,3741,3890,3,0,0,0
9074,-9869.5205078125,-4529.6337890625,0,947.95037841797,1565.3414306641,1779,904,9,0,0,3,0,0,0
9075,4458.009765625,6626.2846679688,38.13508987427,1046.9390869141,1242.9992675781,1779,3437,9,0,0,3,0,0,0
9077,-1442.8853759766,8237.333984375,62.65505599976,1043.6301269531,1752.9819335938,1779,1756,9,0,0,3,0,0,0
9078,-9844.169921875,2689.2004394531,16.27322006226,585.36041259766,691.62548828125,1779,792,9,0,0,3,0,0,0
9079,5451.5380859375,-9703.5087890625,7.76519107819,1667.4008789062,2166.720703125,1779,3463,9,0,0,3,0,0,0
9080,5633.6235351562,-1856.5677490234,-62.89398956299,922.42596435547,1121.6674804688,1779,3439,9,0,0,3,0,0,0
9083,0,0,0,843.22692871094,950.90740966797,1763,3303,3303,3303,3303,3,0,0,0
9107,-820.109375,-12516.708007812,-148.00466918945,1000.8698730469,1238.3258056641,1655,3541,9,0,0,3,0,0,0
9108,2761.9904785156,3071.0051269531,-21.16615867615,178.55651855469,257.87454223633,1642,3542,3881,3889,3881,3,0,0,0
9109,2834.1623535156,3330.9331054688,-27.40114784241,189.3106842041,272.81457519531,1642,3542,3881,3889,3881,3,0,0,0
9110,0,0,0,16.84106826782,24.71087265015,1841,3657,9,0,0,3,0,0,0
9111,-8583.28125,5107.6762695312,5.48279857635,224.9263458252,508.28427124023,1655,3551,9,0,0,3,0,0,0
9113,2310.0383300781,840.74829101563,17.2808265686,87.80462646484,150.72492980957,1642,3361,3585,3875,3585,3,0,0,0
9115,-218.82292175293,2110.9792480469,61.17761230469,46.33964157104,70.25020599365,1643,3516,3486,3670,3890,3,0,0,0
9116,5577.9868164062,-11610.411132812,11.40709114075,254.48735046387,342.44989013672,1060,2935,9,0,0,3,0,0,0
9117,-345.40972900391,2155.9982910156,79.79272460938,59.62219619751,82.82036590576,1643,3516,3486,3670,3890,3,0,0,0
9118,-220.58854675293,2187.6389160156,61.17761230469,46.33964157104,70.25020599365,1643,3516,3486,3670,3890,3,0,0,0
9119,-345.40972900391,2090.9497070312,79.79272460938,83.98773193359,102.8486328125,1643,3516,3486,3670,3890,3,0,0,0
9121,-396.09896850586,2135.8784179688,79.79272460938,79.361328125,122.35385894775,1643,3516,3486,3670,3890,3,0,0,0
9123,197.96701049805,1938.2673339844,68.86973571777,83.92630767822,110.44360351563,1643,3935,3486,3670,3890,3,0,0,0
9124,186.484375,2039.5399169922,92.07210540771,83.16656494141,114.13900756836,1643,3935,3486,3670,3890,3,0,0,0
9125,-540.07116699219,2149.71875,104.30264282227,116.74011993408,157.41555786133,1643,3516,3573,3670,3890,3,0,0,0
9133,1788.15625,4577.1225585938,48.77810287476,118.79499053955,174.63774108887,1642,3562,3881,3886,3881,3,0,0,0
9134,2169.7119140625,4847.34375,48.77810287476,118.91982269287,200.91110229492,1642,3562,3881,3886,3881,3,0,0,0
9135,2197.4582519531,4682.7836914062,48.77810287476,116.83418273926,211.32165527344,1642,3562,3881,3886,3881,3,0,0,0
9137,-752.66839599609,1551.3385009766,32.4493522644,131.8888092041,235.97897338867,1643,3935,3486,3670,3890,3,0,0,0
9138,2178.5642089844,1367.1910400391,15.4462890625,238.14239501953,317.73342895508,1642,3551,3551,3551,3551,3,0,0,0
9139,-582.93231201172,1801.1805419922,61.36290359497,99.52942657471,147.75216674805,1643,3566,3486,3670,3890,3,0,0,0
9146,-44.84027862549,2095.1579589844,92.07210540771,68.69705963135,110.44360351563,1643,3519,3486,3670,3890,3,0,0,0
9150,-6157.640625,3472.99609375,0,897.08331298828,1334.6944580078,1817,254,207,425,207,3,0,0,0
9151,-6419.306640625,-233.361328125,0,196.91667175293,306.33334350586,1817,253,207,408,207,3,0,0,0
9152,-8401.056640625,-209.3125,199.83723449707,221.78779602051,322.45556640625,1817,1000,946,1002,11,3,0,0,0
9154,-1022.0416870117,-263.71008300781,458.8681640625,53.24175643921,70.76290893555,1754,3586,3573,0,0,3,0,0,0
9155,-479.57986450195,1797.6528320312,76.67669677734,73.37899017334,102.27194976807,1643,3566,3486,3670,3890,3,0,0,0
9156,-652.01043701172,1884.1215820312,90.87650299072,65.35146331787,103.67109680176,1643,3566,3486,3670,3890,3,0,0,0
9157,-1195.5173339844,1296.90625,7.48863887787,106.74465179443,155.55397033691,1643,3516,3486,3670,3890,3,0,0,0
9158,-8127.5502929688,11964.629882812,-147.498046875,759.56213378906,898.21264648438,1655,3168,9,0,0,3,0,0,0
9159,-1421.7430419922,1874.2708740234,167.23443603516,154.92749023438,350.0947265625,1643,3934,3486,3670,3890,3,0,0,0
9172,-540.07116699219,2067.0104980469,104.30264282227,70.15260314941,123.13345336914,1643,3516,3573,3670,3890,3,0,0,0
9173,-540.07116699219,2005.3732910156,104.30264282227,70.15260314941,89.77108001709,1643,3516,3573,3670,3890,3,0,0,0
9174,-803.42706298828,722.36804199219,-121.88947296143,91.3204574585,109.52955627441,1643,3288,3486,3670,3890,3,0,0,0
9175,1402.0399169922,1140.6129150391,558.95336914063,146.1282043457,161.14183044434,1669,3596,9,0,0,3,0,0,0
9179,-2328.671875,1775.3125,32.96929168701,464.50152587891,568.37231445313,1847,12,9,0,0,3,0,0,0
9180,10404.732421875,-7719.3872070312,23.193359375,278.16165161133,358.22177124023,1847,3264,9,0,0,3,0,0,0
9181,10393.47265625,-6704.1977539062,26.07638931274,278.16165161133,358.22177124023,1847,3264,9,0,0,3,0,0,0
9182,-6215.1977539062,-5826.1235351562,-113.86242675781,769.87701416016,1185.7153320312,1655,3534,9,0,0,3,0,0,0
9186,-861.39758300781,4041.8386230469,253.12716674805,28.24510192871,34.84079360962,1643,3592,3951,3592,0,3,0,0,0
9188,999.734375,-3186.265625,84.3977355957,66.42892456055,91.17055511475,1594,3602,9,0,0,3,0,0,0
9189,2044.6666259766,2542.0043945312,52.64985656738,162.9377746582,256.15063476563,1642,3603,3881,3889,3881,3,0,0,0
9193,795.56079101563,2102.0798339844,-64.6343460083,169.02000427246,224.63922119141,1643,3950,3930,3670,3890,3,0,0,0
9195,1228.9617919922,1420.0850830078,30.32826042175,112.58717346191,201.75970458984,1643,3607,3893,3670,3890,3,0,0,0
9196,0,0,0,47.86793899536,78.38786315918,1865,2653,9,0,0,3,0,0,0
9202,-866.90972900391,821.76391601563,107.10968017578,48.95820236206,67.26745605469,1643,3614,3486,3670,3890,3,0,0,0
9203,1038.6232910156,3557.1875,232.58146667481,11.63224506378,30.42868995667,1642,3615,3881,3889,3881,3,0,0,0
9204,8695.4775390625,-4982.1787109375,-46.83143615723,134.83459472656,198.03764343262,1060,1005,9,0,0,3,0,0,0
9205,8980.580078125,-4993.9047851562,-44.97835159302,2.87647008896,13.88888931274,1060,1944,9,0,0,3,0,0,0
9206,14964.700195312,15102.099609375,-1.32438004017,1255.2199707031,1724.0500488281,1882,12,3725,12,3725,3,0,0,0
9207,-122.69271087647,155.04861450195,-0.33780923486,0.71759790182,27.2785243988,1880,1562,9,0,0,3,0,0,0
9208,113.24478912354,-1.75694441795,4.62323665619,95.81896209717,154.20977783203,1880,1852,9,0,0,3,0,0,0
9209,9338.0400390625,9864.4599609375,-0.63281297684,1367.7299804688,1808.2099609375,1892,12,3725,12,3725,3,0,0,0
9210,2927.3186035156,905.50518798828,-17.49129295349,861.68096923828,1398.0231933594,1887,1901,9,0,0,3,0,0,0
9211,-823.67199707031,2210.9399414062,42.69789886475,1020.9000244141,1453.25,1883,12,3725,12,3725,3,0,0,0
9212,1325.5,222.45799255371,30.17329978943,636.18597412109,857.76800537109,1893,12,3725,12,3725,3,0,0,0
9215,14402.209960938,14626.977539062,94.1628036499,1114.734375,1109.1884765625,1881,3073,9,3073,0,3,0,0,0
9216,2934.5407714844,840.27606201172,22.04380989075,416.74353027344,596.45306396484,1888,3355,9,0,0,3,0,0,0
9217,14119.461914062,11467.450195312,39.40419006348,1563.2646484375,1821.5014648438,1879,12,4146,12,4146,3,0,0,0
9218,1892.8350830078,-2551.9096679688,30.1532535553,765.68499755859,833.43676757813,1896,2944,9,2944,0,3,0,0,0
9220,1672.9166259766,2443.4045410156,57.02011489868,149.8037109375,184.68673706055,1885,2791,9,0,0,3,0,0,0
9221,1510.6597900391,2189.0712890625,294.41781616211,49.06483840942,69.05965423584,1885,2089,9,0,0,3,0,0,0
9222,3158.6806640625,133.81770324707,-195.65727233887,353.61904907227,425.06100463867,1760,3622,39,3622,39,3,0,0,0
9226,-1193.9288330078,-2014.1978759766,66.24596405029,692.50744628906,1026.2219238281,1876,3909,31,10,31,3,0,0,0
9229,843.171875,2415.0227050781,-1142.2945556641,2924.9714355469,2924.9714355469,1895,2070,9,2070,0,3,0,0,0
9233,8666.783203125,-4993.8994140625,-44.97840118408,758.72955322266,758.72955322266,1898,12,3725,12,3725,3,0,0,0
9234,8695.4775390625,-4982.1787109375,-469.0735168457,134.83459472656,198.03764343262,1898,1005,9,0,0,3,0,0,0
9237,-1379.8038330078,-3230.7258300781,66.24596405029,741.21783447266,1116.1118164062,1876,3909,31,10,31,3,0,0,0
9239,560.23956298828,880.47393798828,450.48303222656,27.34869003296,60.87529754639,1860,3626,9,0,0,3,0,0,0
9242,-89.98958587646,-485.13540649414,3.59906697273,176.19769287109,244.23338317871,1643,3535,3486,3670,3890,3,0,0,0
9243,2196.1008300781,883.80554199219,17.2808265686,100.0500869751,150.72492980957,1642,3361,3585,3875,3585,3,0,0,0
9244,1568.3732910156,-491.015625,9.0110578537,62.45070266724,122.27304077148,1642,3635,3634,3635,3634,3,0,0,0
9249,434.06076049805,1975.1353759766,536.70635986328,18.78943634033,42.04082489014,1860,3638,9,0,0,3,0,0,0
9250,948.95831298828,2090.5346679688,-23.53314971924,77.23494720459,115.73523712158,1642,3639,3880,3639,3880,3,0,0,0
9251,-134.53125,4475.3212890625,-158.01388549805,6.79184103012,17.17212677002,1643,3640,3486,3670,3890,3,0,0,0
9252,1728.1302490234,280.19790649414,-349.88888549805,40.24557495117,66.94803619385,1661,3148,9,0,0,3,0,0,0
9253,1746.7430419922,358.51388549805,-335.94790649414,46.91417694092,76.75411224365,1661,3642,9,0,0,3,0,0,0
9254,1814.5451660156,408.43923950195,-323.66320800781,46.91417694092,76.75411224365,1661,3642,9,0,0,3,0,0,0
9256,2251.6232910156,214.20832824707,20.26920509338,992.53509521484,1122.1434326172,1907,12,3725,12,3725,3,0,0,0
9263,-922.625,3763.8820800781,59.32466125488,153.96263122559,213.69332885742,1643,3648,3951,3648,0,3,0,0,0
9264,-954.69268798828,232.16145324707,118.56748199463,268.37359619141,331.61322021484,1642,3655,3940,3782,3940,3,0,0,0
9266,-406.57986450195,-105.5781326294,218.51707458496,81.61756896973,116.20192718506,1642,3649,3940,3781,3940,3,0,0,0
9267,-667.47052001953,3054.5842285156,6.50313711166,217.41996765137,265.98651123047,1643,3650,3486,3670,3890,3,0,0,0
9268,0,0,0,272.41638183594,280.59976196289,1762,3651,9,0,0,3,0,0,0
9270,-9082.921875,840.12152099609,171.36990356445,11.64930915833,23.03741264343,1904,3652,9,0,0,3,0,0,0
9272,-1394.3507080078,-1098.7153320312,508.3332824707,15.917096138,29.98676490784,1643,3764,3486,3670,3890,3,0,0,0
9273,1506.3403320312,1807.4184570312,-7.49592161179,168.59747314453,272.36694335938,1642,3361,3585,3875,3585,3,0,0,0
9274,4164.8271484375,3680.296875,-47.49826431274,195.77787780762,228.81748962402,1877,3660,9,0,0,3,0,0,0
9276,3536.7282714844,3422.7170410156,47.52951431274,68.5319442749,102.7297668457,1877,3720,9,0,0,3,0,0,0
9281,830.05554199219,1012.2205200195,50.28330230713,126.02091217041,146.7403717041,1841,3705,9,0,0,3,0,0,0
9282,892.546875,1387.7326660156,102.99255371094,534.01885986328,575.1142578125,1841,3701,9,0,0,3,0,0,0
9283,1079.4774169922,1179.0278320312,-6.35750341415,144.01713562012,184.23608398438,1841,3666,9,0,0,3,0,0,0
9284,0,0,0,2650.36328125,2992.8332519531,1822,3679,3933,3679,3933,3,0,0,0
9290,3998.9289550781,-1275.9271240234,140.38400268555,174.45083618164,332.16885375977,1643,3693,3744,3693,3744,3,0,0,0
9292,15635.194335938,-5099.8422851562,34.41463088989,376.70748901367,473.19348144531,1060,3669,9,0,0,3,0,0,0
9296,-612.53472900391,3561.140625,190.39854431152,60.21846008301,139.29222106934,1643,3612,3951,3612,0,3,0,0,0
9297,-498.58682250977,3740.5573730469,134.70188903809,4.82748174667,75.21492767334,1643,3612,3951,3612,0,3,0,0,0
9304,1505.1805419922,3926.5659179688,-9.18991565704,75.19700622559,112.9156036377,1642,3355,9,3907,9,3,0,0,0
9305,581.73956298828,-44.66666793823,20.26483535767,64.98108673096,120.78991699219,1643,3684,3486,3670,3890,3,0,0,0
9306,125.47222137451,-2736.296875,27.0883769989,908.48681640625,1235.7777099609,1771,3528,9,3528,9,3,0,0,0
9307,-551.43579101563,-160.12153625488,218.51707458496,127.12835693359,156.3035736084,1642,3649,3940,3781,3940,3,0,0,0
9308,-112.77256774902,-55.50520706177,218.51707458496,100.61769104004,141.14427185059,1642,3649,3940,3781,3940,3,0,0,0
9309,-262.43576049805,-87.0625,218.51707458496,81.61756896973,115.00736999512,1642,3649,3940,3781,3940,3,0,0,0
9310,-746.96356201172,-202.00520324707,237.63389587402,65.86933135986,80.50399780273,1642,3649,3940,3781,3940,3,0,0,0
9311,-866.546875,-264.14758300781,232.29307556152,72.57025909424,92.58358764648,1642,3649,3940,3781,3940,3,0,0,0
9315,1654.9704589844,39.06770706177,16.53091049194,185.10615539551,218.95413208008,1760,3686,39,3686,39,3,0,0,0
9321,1477.5799560547,1280.8399658203,19.28129959106,1546.2199707031,1946.4300537109,1897,12,3725,12,3725,3,0,0,0
9324,689.58856201172,3398.6579589844,206.71420288086,258.97412109375,600.22845458984,1643,3706,3486,3706,3890,3,0,0,0
9328,3145.9602050781,3134.6633300781,344.93753051758,57.90442657471,91.85841369629,1642,3695,3881,3889,3881,3,0,0,0
9334,2448.6457519531,3845.7873535156,75.94046020508,131.19816589356,133.1457824707,1877,3700,9,0,0,3,0,0,0
9339,2278.2690429688,843.26910400391,93.60221862793,50.69986724854,60.25897598267,1643,3704,3736,3693,3744,3,0,0,0
9340,2312.9167480469,772.02429199219,102.32425689697,38.21092987061,52.64678955078,1643,3704,3736,3693,3744,3,0,0,0
9341,2569.3254394531,922.52258300781,81.79716491699,42.55299758911,51.3045501709,1643,3704,3736,3693,3744,3,0,0,0
9342,2400.9758300781,686.00866699219,104.75340270996,34.25025558472,41.97184371948,1643,3704,3736,3693,3744,3,0,0,0
9343,2564.9106445312,646.72570800781,62.21392822266,28.77099990845,44.02523422241,1643,3704,3736,3693,3744,3,0,0,0
9344,2322.7744140625,918.86456298828,85.80388641357,54.03897857666,71.71539306641,1643,3704,3736,3693,3744,3,0,0,0
9362,882.85766601563,3022.7014160156,106.33963012695,126.25077056885,180.86857604981,1642,3708,3881,3906,3881,3,0,0,0
9366,0,0,0,53.37496185303,53.55574035645,1760,3710,39,3710,39,3,0,0,0
9368,2839.6892089844,149.02778625488,-195.65727233887,302.52920532227,345.36099243164,1760,3622,39,3622,39,3,0,0,0
9369,3967.9252929688,451.13369750977,122.21643066406,101.13330841065,269.47775268555,1643,3737,3736,3693,3744,3,0,0,0
9372,2854.6145019531,2393.46875,103.56569671631,212.10520935059,282.69491577148,1642,3716,3881,3889,3881,3,0,0,0
9373,2390.1110839844,2776.1555175781,16.17784309387,84.77768707275,277.27590942383,1877,2942,9,0,0,3,0,0,0
9376,2390.1110839844,3373.6501464844,16.17784309387,84.77768707275,277.27590942383,1877,3631,9,0,0,3,0,0,0
9378,3866.3325195312,3101.28125,47.52951431274,68.5319442749,102.7297668457,1877,3723,9,0,0,3,0,0,0
9379,3912.2465820312,3520.5573730469,14.90938472748,72.56753540039,88.93611907959,1877,3722,9,0,0,3,0,0,0
9381,412.08160400391,1554.2117919922,2.48092150688,17.12948417664,24.52076148987,1897,3724,9,0,0,3,0,0,0
9384,3099.3706054688,680.39410400391,-26.680103302,73.12129211426,141.35925292969,1643,3874,3736,3693,3744,3,0,0,0
9391,0,0,0,1120.7369384766,1399.6580810547,1944,3743,9,3743,9,3,0,0,0
9392,3350.375,3147.2778320312,143.92678833008,69.38537597656,78.34212493896,1877,3631,9,0,0,3,0,0,0
9393,3646.0920410156,-1686.0278320312,57.28903579712,169.52680969238,233.59312438965,1864,3732,3915,3732,3915,3,0,0,0
9394,-406.28125,1575.3211669922,381.64770507813,90.95290374756,115.05019378662,1642,3740,3940,3780,3940,3,0,0,0
9395,-284.234375,1609.2899169922,381.64770507813,90.95290374756,115.37342834473,1642,3740,3940,3780,3940,3,0,0,0
9396,-1000.2396240234,993.55731201172,315.89395141602,37.23900604248,54.71300888062,1642,3734,3940,3783,3940,3,0,0,0
9397,4264.8740234375,456.18923950195,13.5399389267,117.08905029297,360.6032409668,1643,3737,3736,3693,3744,3,0,0,0
9398,1010.203125,-318.44445800781,-5.29801130295,103.18036651611,166.02941894531,1825,3738,3486,3670,3890,3,0,0,0
9399,4031.8386230469,-1478.0816650391,87.29188537598,2.76767158508,13.88888931274,1864,3693,3693,3693,3693,3,0,0,0
9400,-72.625,-645.88366699219,237.35717773438,152.08222961426,250.87141418457,1642,3740,3940,3780,3940,3,0,0,0
9401,-1968.4444580078,2505.7136230469,9.25,1391.9615478516,1775.8560791016,1955,3724,3725,3724,3725,3,0,0,0
9402,2679.8957519531,3420.7961425781,78.4768447876,26.50065231323,32.69618988037,1642,3747,9,0,0,3,0,0,0
9403,-1618.0954589844,-868.15106201172,-29.81332778931,53.24175643921,61.02589035034,1754,3745,3573,0,0,3,0,0,0
9404,-1570.0920410156,-886.03125,-65.95855712891,53.24175643921,61.02589035034,1754,3745,3573,0,0,3,0,0,0
9405,-1494.4149169922,-958.46179199219,-108.516746521,53.24175643921,61.02589035034,1754,3745,3573,0,0,3,0,0,0
9406,-1656.9791259766,-863.12677001953,29.58290672302,53.24175643921,61.02589035034,1754,3745,3573,0,0,3,0,0,0
9407,-1490.6232910156,-1042.8732910156,82.41051483154,64.17259979248,77.33046722412,1754,3745,3573,0,0,3,0,0,0
9408,-1583.71875,-1082.2985839844,112.96063232422,53.24175643921,61.02589035034,1754,3745,3573,0,0,3,0,0,0
9409,-1645.5728759766,-1107.03125,112.96063232422,57.04350280762,61.02589035034,1754,3745,3573,0,0,3,0,0,0
9410,-1710.5017089844,-1146.8125,112.96063232422,57.04350280762,61.83074951172,1754,3745,3573,0,0,3,0,0,0
9411,-1781.8507080078,-1146.8125,112.96063232422,57.04350280762,61.83074951172,1754,3745,3573,0,0,3,0,0,0
9412,-1855.234375,-1140.2742919922,119.32556152344,57.04350280762,61.83074951172,1754,3745,3573,0,0,3,0,0,0
9413,-1937.0035400391,-1082.4757080078,97.78330230713,57.04350280762,61.83074951172,1754,3745,3573,0,0,3,0,0,0
9414,-1918.9653320312,-998.90106201172,70.90624237061,57.04350280762,61.83074951172,1754,3745,3573,0,0,3,0,0,0
9415,-1916.5208740234,-939.32293701172,28.36894416809,57.04350280762,61.83074951172,1754,3745,3573,0,0,3,0,0,0
9416,-1916.5208740234,-877.95660400391,28.36894416809,57.04350280762,61.83074951172,1754,3745,3573,0,0,3,0,0,0
9417,-1997.9600830078,-821.71179199219,34.98290634155,57.04350280762,61.83074951172,1754,3745,3573,0,0,3,0,0,0
9418,-2001.78125,-736.671875,40.25701522827,57.04350280762,61.83074951172,1754,3745,3573,0,0,3,0,0,0
9419,-1949.5555419922,-557.76043701172,111.91819000244,57.04350280762,61.83074951172,1754,3745,3573,0,0,3,0,0,0
9420,-1938.8472900391,-414,40.14706420898,57.04350280762,61.83074951172,1754,3745,3573,0,0,3,0,0,0
9421,-1947.0555419922,-475.62152099609,60.9471244812,57.04350280762,61.83074951172,1754,3745,3573,0,0,3,0,0,0
9422,-1863.1423339844,-370.46182250977,-13.48036575317,57.04350280762,66.38579559326,1754,3745,3573,0,0,3,0,0,0
9423,-1776.5555419922,-370.46182250977,-13.48036575317,57.04350280762,61.83074951172,1754,3745,3573,0,0,3,0,0,0
9424,-1813.0416259766,-386.74652099609,20.57592391968,17.03084564209,22.67072296143,1754,3745,3573,0,0,3,0,0,0
9425,-1651.65625,-432.83853149414,-13.48036575317,57.04350280762,61.83074951172,1754,3745,3573,0,0,3,0,0,0
9426,-1682.65625,-370.64584350586,-13.48036575317,39.67378234863,50.26145935059,1754,3745,3573,0,0,3,0,0,0
9427,-1667.2778320312,-464.97570800781,-13.48036575317,39.67378234863,50.26145935059,1754,3745,3573,0,0,3,0,0,0
9428,-1482.7430419922,-489.22396850586,16.96355056763,54.99201583862,62.59942245483,1754,3745,3573,0,0,3,0,0,0
9429,-1482.7430419922,-564.43231201172,-4.7390961647,54.99201583862,62.59942245483,1754,3745,3573,0,0,3,0,0,0
9430,-1456.40625,-650.03125,-17.3923740387,54.99201583862,62.59942245483,1754,3745,3573,0,0,3,0,0,0
9431,-1461.4566650391,-729.71008300781,-130.19702148438,54.99201583862,62.59942245483,1754,3745,3573,0,0,3,0,0,0
9432,-1530.7552490234,-748.61804199219,-10.76605033875,54.99201583862,62.59942245483,1754,3745,3573,0,0,3,0,0,0
9433,-1560.5364990234,-705.31768798828,5.88627290726,23.62985420227,24.12846755981,1754,3745,3573,0,0,3,0,0,0
9434,-1603.8732910156,-748.61804199219,-136.32679748535,54.99201583862,62.59942245483,1754,3745,3573,0,0,3,0,0,0
9435,-1651.328125,-794.06427001953,-14.26130008698,59.76849746704,65.89298248291,1754,3745,3573,0,0,3,0,0,0
9436,-1650.0485839844,-741.84204101563,-19.73923301697,53.24175643921,61.02589035034,1754,3745,3573,0,0,3,0,0,0
9437,-1649.9410400391,-683.53643798828,0.3284343183,23.62985420227,29.0775604248,1754,3745,3573,0,0,3,0,0,0
9448,1140.3923339844,739.83856201172,-357.66119384766,322.06451416016,345.29156494141,1642,3168,3880,3168,3880,3,0,0,0
9449,-1115.3299560547,-733.81597900391,-603.44897460938,21.60540008545,36.24639892578,1813,3973,3974,3973,3974,3,0,0,0
9450,-1110.6700439453,-827.79901123047,-603.44799804688,21.60540008545,36.24639892578,1813,2589,3952,2589,3952,3,0,0,0
9451,-1110.4499511719,-925.19299316406,-603.44799804688,21.60540008545,36.24639892578,1813,2398,3953,2398,3953,3,0,0,0
9452,-1108.1999511719,-1023.8200073242,-603.44799804688,21.60540008545,36.24639892578,1813,3724,3954,3724,3954,3,0,0,0
9453,7677.7797851562,-5197.5200195312,-621.44702148438,31.67000007629,53.29919815063,1898,2089,3961,2089,3961,3,0,0,0
9454,7678.25,-5328.080078125,-621.44396972656,31.67000007629,53.29919815063,1898,3724,3961,3724,3961,3,0,0,0
9455,7684.740234375,-5466.41015625,-621.44396972656,31.67000007629,53.29919815063,1898,3704,3961,3704,3961,3,0,0,0
9456,7689.0698242188,-5612.5200195312,-621.44396972656,31.67000007629,53.29919815063,1898,2945,3961,2945,3961,3,0,0,0
9457,7694.3100585938,-5750.330078125,-621.44396972656,31.67000007629,53.29919815063,1898,3655,3961,3655,3961,3,0,0,0
9458,8836.3095703125,8802.58984375,-581.63000488281,24.77549934387,37.3902015686,1892,2945,3961,2945,3961,3,0,0,0
9459,8929.1103515625,8803.169921875,-581.62799072266,24.77549934387,37.3902015686,1892,3562,3961,3562,3961,3,0,0,0
9460,9029.990234375,8807.25,-581.62799072266,24.77549934387,37.3902015686,1892,3435,3961,3435,3961,3,0,0,0
9461,9133.169921875,8812.1396484375,-581.62799072266,24.77549934387,37.3902015686,1892,3364,3961,3364,3961,3,0,0,0
9462,411.91299438477,1376.6099853516,-198.36399841309,13.57759952545,20.90439987183,1897,2935,3961,2935,3961,3,0,0,0
9463,413.15301513672,1326.9300537109,-198.36500549316,13.57759952545,20.90439987183,1897,3534,3961,3534,3961,3,0,0,0
9464,417.2619934082,1279.0400390625,-198.36500549316,13.57759952545,20.90439987183,1897,3459,3961,3459,3961,3,0,0,0
9465,421.71899414063,1226.8199462891,-198.36500549316,13.57759952545,20.90439987183,1897,3457,3961,3457,3961,3,0,0,0
9466,14110,15355.5,-296.79098510742,13.7236995697,26.68330001831,1882,3618,3955,3618,3955,3,0,0,0
9467,14112.700195312,15293.5,-296.7919921875,13.7236995697,26.68330001831,1882,2398,3953,2398,3953,3,0,0,0
9468,14117.200195312,15225.900390625,-296.7919921875,13.7236995697,26.68330001831,1882,2791,3956,2791,3956,3,0,0,0
9469,14123.599609375,15160,-296.7919921875,13.7236995697,26.68330001831,1882,2261,3957,2261,3957,3,0,0,0
9470,-160.57600402832,558.58697509766,-621.44500732422,26.43829917908,44.32540130615,1893,3959,3961,3959,3961,3,0,0,0
9471,-151.16799926758,445.55599975586,-621.44396972656,26.43829917908,44.32540130615,1893,3693,3961,3693,3961,3,0,0,0
9472,-142.81399536133,327.89099121094,-621.44396972656,26.43829917908,44.32540130615,1893,2776,3961,2776,3961,3,0,0,0
9473,-133.49699401856,217.24699401856,-621.44097900391,26.43829917908,44.32540130615,1893,2928,3961,2928,3961,3,0,0,0
9474,-1905.9100341797,2410.1499023438,-604.02398681641,9.23219013214,15.97049999237,1883,3971,3972,3971,3972,3,0,0,0
9475,-1904.3100585938,2372.9399414062,-604.02398681641,9.23219013214,15.97049999237,1883,3969,3970,3969,3970,3,0,0,0
9476,-1903.6600341797,2333.3798828125,-604.02398681641,9.23219013214,15.97049999237,1883,3965,3966,3965,3966,3,0,0,0
9477,-1902.9114990234,2290.3698730469,-604.02429199219,9.23219490051,15.97045230865,1883,3900,3725,3900,3725,3,0,0,0
9481,2503.2292480469,3047.9765625,-3.96401906013,59.56786727905,62.07312011719,1642,3751,9,0,0,3,0,0,0
9498,-5847.9409179688,1726.5711669922,260.69097900391,626.20684814453,862.06329345703,1655,1587,9,0,0,3,0,0,0
9499,-5808.2446289062,792.02258300781,246.89930725098,626.20684814453,862.06329345703,1655,1587,9,0,0,3,0,0,0
9504,13494.720703125,15078.080078125,-1.21388077736,77.81285095215,97.67802429199,1658,1587,9,0,0,3,0,0,0
9509,0,0,0,44.42004013062,133.53395080566,1862,3706,9,3706,0,3,0,0,0
9512,0,0,0,11.64930915833,23.03741264343,1904,3772,9,0,0,3,0,0,0
9515,348.77777099609,-437.58853149414,-13.86564445496,135.86486816406,167.06687927246,1643,3774,3486,3670,3890,3,0,0,0
9520,5315.142578125,349.19619750977,-15.194688797,24.92532348633,37.9147605896,1917,3887,9,0,0,3,0,0,0
9521,0,0,0,24.11611366272,41.99729537964,1917,3778,9,0,0,3,0,0,0
9616,3112.4775390625,1164.7170410156,-23.12222290039,93.15413665771,173.11389160156,1643,3874,3736,3693,3744,3,0,0,0
9622,0,0,0,453.91461181641,453.91461181641,1861,3719,9,3719,0,3,0,0,0
9624,3240.8117675781,4266.6665039062,255.90625,134.15298461914,178.42004394531,1642,2942,3881,3882,3881,3,0,0,0
9625,-48.87326431274,-1529.7552490234,-59.17932891846,274.87399291992,378.25210571289,1643,3764,3486,3670,3890,3,0,0,0
9626,-265.28125,-1565.4879150391,-59.17932891846,251.09065246582,351.76861572266,1643,3764,3486,3670,3890,3,0,0,0
9627,566.50347900391,849.74652099609,-12.52285766602,119.64964294434,167.62236022949,1643,3764,3486,3670,3890,3,0,0,0
9630,3200.7561035156,3482.0383300781,-13.96298980713,59.56786727905,62.07312011719,1642,3883,9,0,0,3,0,0,0
9631,1017.0485839844,1951.96875,328.26473999023,137.04325866699,229.28956604004,1642,3354,9,3879,0,3,0,0,0
9632,-169.40104675293,247.37673950195,12.33804702759,56.98213195801,76.47105407715,1643,3764,3884,3670,3890,3,0,0,0
9633,-155.59028625488,150.81944274902,1.63568496704,35.08324432373,55.41302108765,1643,3764,3884,3670,3890,3,0,0,0
9635,-817.76043701172,-970.47393798828,171.9962310791,162.7149810791,192.88705444336,1643,3484,3486,3873,3890,3,0,0,0
9636,-1143.8697509766,-661.54339599609,171.9962310791,101.6272277832,139.14027404785,1643,3484,3486,3873,3890,3,0,0,0
9637,-939.31768798828,-1188.0972900391,291.90048217773,212.37368774414,262.18380737305,1643,3484,3486,3873,3890,3,0,0,0
9639,-1106.6180419922,-393.91494750977,334.57473754883,207.52798461914,243.86012268066,1643,3484,3486,3873,3890,3,0,0,0
9640,-1022.8558959961,-28.77083396912,272.23608398438,204.70993041992,241.78324890137,1643,3484,3486,3873,3890,3,0,0,0
9641,-1438.1059570312,256.3125,399.97399902344,204.70993041992,303.90737915039,1643,3484,3486,3873,3890,3,0,0,0
9642,-1045.5972900391,-173.16319274902,323.72091674805,155.90405273438,179.1685333252,1643,3484,3486,3873,3890,3,0,0,0
9643,-546.05383300781,-1188.0972900391,294.12774658203,199.82740783691,243.37826538086,1643,3484,3486,3873,3890,3,0,0,0
9644,-773.13891601563,-1318.2639160156,408.69580078125,199.82740783691,243.37826538086,1643,3484,3486,3873,3890,3,0,0,0
9645,-1029.3715820312,-943.92535400391,140.91548156738,118.43977355957,139.14027404785,1643,3484,3486,3873,3890,3,0,0,0
9646,-1058.7934570312,-831.18927001953,100.91150665283,51.60179138184,69.89087677002,1643,3484,3486,3873,3890,3,0,0,0
9647,-1179.8559570312,296.44790649414,181.70341491699,139.09904479981,246.89518737793,1643,3484,3486,3873,3890,3,0,0,0
9648,403.203125,-955.01739501953,194.62359619141,139.2576751709,176.71315002441,1643,3484,3486,3873,3890,3,0,0,0
9649,206.05381774902,-1079.953125,167.2848815918,134.91723632813,170.92713928223,1643,3484,3486,3873,3890,3,0,0,0
9651,-8737.4013671875,944.65106201172,85.27153778076,4.90215682983,14.9060049057,0,3895,13,5456,5456,3,0,0,0
9652,1518.578125,817.71356201172,53.30446243286,80.58869934082,115.3222732544,1643,3898,3486,3670,3890,3,0,0,0
9653,1424.7708740234,841.21356201172,53.30446243286,50.55859375,80.06201934814,1643,3898,3486,3670,3890,3,0,0,0
9655,1538.1978759766,720.140625,53.30446243286,45.33840560913,99.87851715088,1643,3898,3486,3670,3890,3,0,0,0
9656,530.61981201172,-275.24652099609,9.27621841431,36.88717269897,54.26075363159,1643,3899,3486,3670,3890,3,0,0,0
9657,424.1875,-214.43923950195,23.93602561951,38.59309005737,48.70698547363,1643,3899,3486,3670,3890,3,0,0,0
9658,477.53646850586,-246.63888549805,9.27621841431,42.4146194458,53.73033905029,1643,3899,3486,3670,3890,3,0,0,0
9660,830.06945800781,-221.54513549805,-14.11559391022,64.22178649902,85.96118164063,1643,3901,3486,3670,3890,3,0,0,0
9661,1001.2639160156,-297.640625,-30.86062240601,81.10983276367,98.11487579346,1643,3901,3486,3670,3890,3,0,0,0
9662,918.77258300781,-236.11111450195,-16.49411964417,65.04564666748,80.82178497314,1643,3901,3486,3670,3890,3,0,0,0
9663,852.42535400391,-363.16320800781,-16.91564369202,51.85543823242,86.0503616333,1643,3905,3486,3670,3890,3,0,0,0
9664,969.88018798828,-391.71701049805,-16.91564369202,40.08255004883,67.64284515381,1643,3901,3486,3670,3890,3,0,0,0
9669,-1971.8576660156,1313.3732910156,36.76457595825,238.08848571777,274.95065307617,1911,3908,9,0,0,3,0,0,0
9670,-1030.2170410156,-2104.4096679688,42.90400695801,2031.6041259766,2158.2912597656,1943,3909,31,0,31,3,0,0,0
9673,-1421.015625,-2380.6875,59.38064193726,2174.5476074219,2443.5046386719,1945,3909,31,0,31,3,0,0,0
9674,1878.5329589844,2248.2622070312,606.33575439453,408.03433227539,457.07965087891,1643,3484,3486,3873,3890,3,0,0,0
9675,-795.32641601563,208.56423950195,46.16566467285,85.09074401855,111.51132965088,1643,3912,3486,3670,3890,3,0,0,0
9676,-850.79516601563,134.02082824707,47.34355545044,82.6031036377,119.7903213501,1643,3912,3486,3670,3890,3,0,0,0
9678,9957.173828125,1766.4097900391,1298.1575927734,25.41013717651,34.62408447266,1,3913,9,0,0,3,0,0,0
9682,7552.1000976562,-5768.2998046875,-621.44396972656,31.67000007629,53.29919815063,1898,3908,3961,3908,3961,3,0,0,0
9684,7546.7797851562,-5620.7001953125,-621.44396972656,31.67000007629,53.29919815063,1898,3775,3961,3775,3961,3,0,0,0
9685,-253.47700500488,208.06799316406,-621.44396972656,26.43829917908,44.32540130615,1893,3875,3961,3875,3961,3,0,0,0
9686,-259.39801025391,310.53500366211,-621.44396972656,26.43829917908,44.32540130615,1893,3737,3725,3737,3725,3,0,0,0
9687,369.22601318359,1224.1400146484,-198.36500549316,13.57759952545,20.90439987183,1897,3764,3961,3764,3961,3,0,0,0
9688,9134.990234375,8718.9296875,-581.62799072266,24.77549934387,37.3902015686,1892,3908,3961,3908,3961,3,0,0,0
9689,9041.7099609375,8722.7802734375,-581.62799072266,24.77549934387,37.3902015686,1892,3879,3961,3879,3961,3,0,0,0
9690,14057.299804688,15154.900390625,-296.7919921875,13.7236995697,26.68330001831,1882,3780,3960,3780,3960,3,0,0,0
9691,-1942.8199462891,2290.8798828125,-604.02600097656,9.23219013214,15.97049999237,1883,3963,3964,3963,3964,3,0,0,0
9692,-1948.0400390625,2331.8898925781,-604.03601074219,9.23219013214,15.97049999237,1883,3967,3968,3967,3968,3,0,0,0
9700,0,0,0,0.3787920177,1.03381109238,2076,1041,9,1041,0,3,0,0,0
9702,95.16666412354,1009.7066040039,-90.88249969482,189.14025878906,244.92295837402,1643,3535,3930,3670,3890,3,0,0,0
9706,773.97570800781,1956.5972900391,-55.64159011841,76.94451904297,88.58871459961,1643,3950,3930,3670,3890,3,0,0,0
9708,899.72918701172,2680.6936035156,-90.88249969482,159.8761138916,234.06872558594,1643,3535,3930,3670,3890,3,0,0,0
9709,945.21704101563,2439.0417480469,-164.47985839844,130.67163085938,208.63610839844,1643,3950,3930,3670,3890,3,0,0,0
9710,1134.0989990234,2514.9548339844,-128.79667663574,258.62167358398,313.68795776367,1643,3535,3930,3670,3890,3,0,0,0
9712,1753.4982910156,-610.30383300781,334.57473754883,207.52798461914,243.86012268066,1643,3484,3486,3873,3890,3,0,0,0
9714,1940.8489990234,-282.26388549805,220.04521179199,91.83592224121,105.16323852539,1643,3484,3486,3873,3890,3,0,0,0
9715,1919.84375,-422.60070800781,245.24894714356,91.83592224121,105.16323852539,1643,3484,3486,3873,3890,3,0,0,0
9716,1851.7100830078,-422.60070800781,226.28930664063,91.83592224121,105.16323852539,1643,3484,3486,3873,3890,3,0,0,0
9717,1837.2916259766,-1057.2708740234,387.82858276367,277.46426391602,309.67221069336,1643,3484,3486,3873,3890,3,0,0,0
9718,1649.4913330078,-860.19268798828,314.18356323242,277.46426391602,309.67221069336,1643,3484,3486,3873,3890,3,0,0,0
9725,907.70831298828,1973.7673339844,-55.64159011841,76.94451904297,88.58871459961,1643,3950,3930,3670,3890,3,0,0,0
9726,908.18402099609,1876.9722900391,-62.96403884888,76.94451904297,81.40702056885,1643,3950,3930,3670,3890,3,0,0,0
9727,947.11456298828,1800.7014160156,-58.97731399536,64.13938903809,67.16431427002,1643,3950,3930,3670,3890,3,0,0,0
9728,755.97570800781,1839.671875,-59.77481460571,76.94451904297,88.58871459961,1643,3950,3930,3670,3890,3,0,0,0
9729,736.62677001953,1772.0139160156,-67.41230773926,62.87224197388,96.22034454346,1643,3950,3930,3670,3890,3,0,0,0
9739,2365.0546875,-873.583984375,63.91666793823,262.55557250977,404.77777099609,1931,40,24,407,24,3,0,0,0
9740,2133.3330078125,1471.99609375,0,522.44445800781,838.08331298828,1931,40,43,407,43,3,0,0,0
9741,2676.5434570312,190.15451049805,1.43327e-06,1235.2762451172,1558.1945800781,1931,40,39,407,39,3,0,0,0
9742,947.77734375,680.1875,59.29138946533,109.4080581665,143.39610290527,1931,979,42,979,42,3,0,0,0
9743,959.99609375,-1822.6953125,21.30555534363,56.52777862549,92.52777862549,1931,49,45,473,45,3,0,0,0
9744,1779.103515625,-1740.59375,344.25445556641,13.9305973053,13.9305973053,1931,46,45,473,45,3,0,0,0
9745,1517.837890625,-1608.265625,64.52896881104,114.14231109619,159.28527832031,1931,966,9,966,11,3,0,0,0
9746,1732.1455078125,-1179.859375,183.71821594238,32.85457611084,32.85457611084,1931,938,45,938,45,3,0,0,0
9747,572.416015625,-487.611328125,0,261.22222900391,478.91665649414,1931,427,45,422,45,3,0,0,0
9752,215.35069274902,789.83679199219,-90.88249969482,189.14025878906,250.63374328613,1643,3535,3930,3670,3890,3,0,0,0
9754,-86.82291412354,1126.8420410156,-126.90396881104,159.23338317871,234.71920776367,1643,3535,3930,3670,3890,3,0,0,0
9755,-171.35591125488,906.64758300781,-136.95307922363,189.14025878906,321.91485595703,1643,3535,3930,3670,3890,3,0,0,0
9756,3342.1137695312,469.60589599609,199.03295898438,8.18678188324,14.81220054626,1642,2847,3936,3876,3939,3,0,0,0
9757,142.921875,1624.8941650391,3.91434979439,88.31248474121,134.67210388184,1643,3938,3486,3670,3890,3,0,0,0
9758,-1112.5590820312,1173.4566650391,7.48863887787,106.74465179443,155.55397033691,1643,3516,3573,3670,3890,3,0,0,0
9759,0,0,0,2.91983342171,13.81944465637,1954,2089,2784,1445,1625,3,0,0,0
9760,0,0,0,2.91983342171,13.81944465637,2066,2089,2784,1445,1625,3,0,0,0
9761,-33.15451431274,-248.76910400391,697.74053955078,71.65717315674,94.33420562744,1861,3941,9,3941,0,3,0,0,0
9762,261.80035400391,-535.42016601563,697.74053955078,65.19198608398,93.58449554443,1861,3941,9,3941,0,3,0,0,0
9763,255.37847900391,34.61632156372,697.74053955078,71.34799194336,93.77688598633,1861,3941,9,3941,0,3,0,0,0
9764,537.78302001953,-259.25695800781,688.76300048828,69.78410339355,93.58449554443,1861,3941,9,3941,0,3,0,0,0
9765,3015.5339355469,496.90625,-55.52165222168,127.30921936035,200.33074951172,1643,3874,3736,3693,3744,3,0,0,0
9766,3058.0910644531,864.44964599609,-26.680103302,73.12129211426,177.00863647461,1643,3874,3736,3693,3744,3,0,0,0
9767,2990.6223144531,1007.5433959961,-26.680103302,73.12129211426,143.78559875488,1643,3874,3736,3693,3744,3,0,0,0
9768,3107.4904785156,1284.1857910156,-23.12222290039,41.74370193481,94.34848022461,1643,3874,3736,3693,3744,3,0,0,0
9769,3769.0676269531,509.453125,112.21286773682,56.0256652832,261.302734375,1643,3737,3736,3693,3744,3,0,0,0
9770,3533.1267089844,1241.6475830078,0.52175563574,217.89796447754,319.08541870117,1643,3944,3945,3693,3744,3,0,0,0
9771,3508.0520019531,1333.8264160156,0.52175855637,217.89796447754,319.08541870117,1643,3944,3945,3693,3744,3,0,0,0
9774,-1059.8038330078,891.203125,-7.40157079697,48.38849258423,103.02168273926,1643,3288,3486,3670,3890,3,0,0,0
9782,-934.72918701172,994.67706298828,321.234375,33.758934021,48.67157363892,1642,3734,3940,3783,3940,3,0,0,0
9783,-872.01910400391,982.82293701172,320.94790649414,33.70558547974,50.39354705811,1642,3734,3940,3783,3940,3,0,0,0
9784,-1064.90625,1005.3021240234,315.89395141602,31.73491859436,49.46161651611,1642,3734,3940,3783,3940,3,0,0,0
9785,-624.93579101563,1102.5086669922,318.97705078125,40.45224380493,57.40729904175,1642,3734,3940,3783,3940,3,0,0,0
9786,-582.13543701172,1156.6059570312,320.5,33.2763671875,50.26918029785,1642,3734,3940,3783,3940,3,0,0,0
9787,-523.96356201172,1188.5329589844,314.92535400391,38.7861328125,59.80859375,1642,3734,3940,3783,3940,3,0,0,0
9788,2900.5017089844,2837.6293945312,38.86458206177,119.18911743164,166.56921386719,1642,3542,3881,3889,3881,3,0,0,0
9789,-1139.7274169922,-34.12152862549,218.51707458496,203.95651245117,264.41253662109,1642,3655,3940,3782,3940,3,0,0,0
9790,-1233.1076660156,359.72396850586,156.16487121582,203.95651245117,264.41253662109,1642,3655,3940,3782,3940,3,0,0,0
9791,-625.53302001953,305.89236450195,147.25370788574,178.40557861328,251.05130004883,1642,3655,3940,3782,3940,3,0,0,0
9792,-298.09375,277.02432250977,192.94613647461,201.09904479981,275.74920654297,1642,3655,3940,3782,3940,3,0,0,0
9793,-34.35763931274,411.12152099609,146.20252990723,201.09904479981,275.74920654297,1642,3655,3940,3782,3940,3,0,0,0
9794,129.29341125488,575.68054199219,106.39170074463,173.48048400879,287.54495239258,1642,3655,3940,3782,3940,3,0,0,0
9795,-1379.3107910156,-175.72743225098,362.39398193359,130.51142883301,195.0274810791,1642,3655,3940,3782,3940,3,0,0,0
9796,-229.01388549805,-454.21008300781,194.73764038086,186.2243347168,266.84512329102,1642,3740,3940,3780,3940,3,0,0,0
9797,-61.31423568726,-423.50521850586,119.53701782227,186.2243347168,266.84512329102,1642,3740,3940,3780,3940,3,0,0,0
9804,1547.8004150391,238.61805725098,-89.14121246338,9.18312263489,23.77598953247,1718,3978,4291,4271,4284,3,0,0,0
9805,164.23091125488,601.64410400391,175.68013000488,30.94344139099,52.20489883423,2097,3979,9,0,0,3,0,0,0
9806,279.78298950195,647.88195800781,-39.38888931274,49.41048049927,78.12451934814,2097,3980,9,0,0,3,0,0,0
9817,1530.7413330078,1630.5816650391,309.97085571289,260.55718994141,318.45559692383,2106,3982,9,0,0,3,0,0,0
9818,963.71704101563,1553.171875,311.48181152344,155.56871032715,181.77258300781,2106,3989,9,0,0,3,0,0,0
9819,963.71704101563,1269.2135009766,309.78009033203,174.62612915039,177.08053588867,2106,3989,9,0,0,3,0,0,0
9822,1497.34375,-916.82464599609,-255.44586181641,28.38407897949,28.38407897949,1718,3985,4292,4271,4284,3,0,0,0
9823,1767.0069580078,-1555.6666259766,-276.86898803711,49.29272079468,57.69442749023,1718,3986,4290,4271,4284,3,0,0,0
9825,11886.116210938,-10992.059570312,2059.3969726562,3925.9104003906,4495.2543945312,2112,3987,9,0,0,3,0,0,0
9827,8808.2734375,9803.888671875,0,4417.123046875,4667.8671875,2112,3987,9,0,0,3,0,0,0
9828,-7027.4599609375,10177.241210938,29.49153709412,4930.8696289062,5480.15625,2112,3987,9,0,0,3,0,0,0
9835,6910.859375,-19.10243034363,-5.06343412399,6460.1088867188,6460.1088867188,2105,3995,4022,3995,4022,3,0,0,0
9836,-10578.196289062,-14190.576171875,78.9970703125,3894.5861816406,6766.4018554688,2112,3987,9,0,0,3,0,0,0
9837,0,0,0,18.63725280762,32.8165512085,2107,3991,4068,4067,4069,3,0,0,0
9838,5227.4516601562,-7155.9584960938,2059.3969726562,3925.9104003906,4495.2543945312,2112,3987,9,0,0,3,0,0,0
9844,-13827.653320312,-4732.2431640625,-4.187421e-05,4234.1860351562,5200.4233398438,2112,3987,9,0,0,3,0,0,0
9848,1342.6076660156,1774.625,20.92415428162,5.50094223022,17.54754066467,1718,3994,9,0,0,3,0,0,0
9851,-1084.9670410156,801.75695800781,398.31646728516,77.72644805908,87.96750640869,2070,4134,9,0,0,3,0,0,0
9853,1071.3333740234,99.89236450195,376.83242797852,10.68119716644,42.82694244385,2097,4002,9,0,0,3,0,0,0
9861,1530.7413330078,1386.2829589844,309.97085571289,260.55718994141,318.45559692383,2106,3982,9,0,0,3,0,0,0
9865,1374.4583740234,-244.40451049805,29.95795440674,714.5380859375,714.5380859375,2124,12,3725,12,3725,3,0,0,0
9866,1902.4860839844,-939.61456298828,0,2.77777767181,11.39037799835,2124,4008,4011,4008,4011,3,0,0,0
9867,1814.2100830078,-946.94964599609,0,2.77777767181,14.37882804871,2124,4009,4012,4009,4012,3,0,0,0
9868,1733.8715820312,-957.24304199219,0,2.77777767181,13.88888931274,2124,3909,4013,3909,4013,3,0,0,0
9869,1645.9930419922,-967.79168701172,-0.00010850695,2.77777767181,13.88888931274,2124,4007,4010,4007,4010,3,0,0,0
9871,1893.8923339844,369.87847900391,32.56060409546,927.818359375,1069.7489013672,2127,4039,9,0,0,3,0,0,0
9872,6910.859375,-19.10243034363,-5.06343412399,4456.5361328125,4456.5361328125,2111,3995,4022,3995,4022,3,0,0,0
9873,6910.859375,-19.10243034363,-5.06343412399,3551.2416992188,4653.7509765625,2129,3995,4022,3995,4022,3,0,0,0
9874,6910.859375,-19.10243034363,-5.06343412399,1606.4239501953,1904.1384277344,2115,4019,4022,4019,4022,3,0,0,0
9877,-6124.765625,2407.15625,42.22647094727,1252.4903564453,1381.2335205078,2070,4116,9,4070,9,3,0,0,0
9890,0,0,0,2.69506955147,13.81944465637,2128,4034,4034,4034,4034,3,0,0,0
9893,3557.6284179688,-1306.0434570312,-659.21942138672,606.88702392578,611.77868652344,2096,4036,4036,4036,4036,3,0,0,0
9926,242.27256774902,761.61804199219,186.5770111084,60.64242172241,77.99615478516,2097,3980,9,0,0,3,0,0,0
9929,-1054.5434570312,-12277.278320312,2059.3969726562,3925.9104003906,4495.2543945312,2112,3987,9,0,0,3,0,0,0
9948,1165.2916259766,863.70141601563,-113.39637756348,67.13759613037,90.4030380249,2107,4080,4068,4081,4069,3,0,0,0
9949,1197.8715820312,926.19445800781,-100.09896087647,35.07647705078,57.31438064575,2107,4080,4068,4081,4069,3,0,0,0
9954,-12667.986328125,3202.2744140625,0.00014951362,4335.3198242188,4885.9677734375,2132,4329,9,0,0,3,0,0,0
9958,2920.7414550781,5066.8256835938,21.49202537537,978.52709960938,1468.7296142578,2143,4086,4088,0,0,3,0,0,0
9963,2750.3532714844,4917.765625,0.88758635521,159.64784240723,219.85845947266,2143,4089,4088,0,0,3,0,0,0
9965,576.94445800781,-221.38888549805,-116.84822845459,15.9324836731,114.32752990723,1718,4091,4285,4271,4284,3,0,0,0
9969,-2510.7395019531,-3304.4514160156,-460.03820800781,3.97964572906,29.91256332397,1814,4095,4096,4095,4096,3,0,0,0
9970,-2377.2153320312,-3304.4514160156,-460.03820800781,3.97964572906,29.91256332397,1814,4097,4096,4097,4096,3,0,0,0
9971,-2250.0173339844,-3304.4514160156,-460.03820800781,3.97964572906,29.91256332397,1814,4098,4096,4098,4096,3,0,0,0
9972,-2112.6806640625,-3304.4514160156,-460.03820800781,3.97964572906,29.91256332397,1814,4099,4096,4099,4096,3,0,0,0
9976,-13399.232421875,-4994.3837890625,0,3995.9289550781,5617.265625,2132,4103,9,0,0,3,0,0,0
9977,-13959.118164062,-8870.173828125,5.081892e-05,2422.1096191406,2989.9204101562,2132,4103,9,0,0,3,0,0,0
9979,11425.723632812,9252.6923828125,759.76031494141,104.15189361572,134.00648498535,2132,4208,9,0,0,3,0,0,0
9980,3493.1606445312,-574.38195800781,-1525.7520751953,1129.8723144531,1229.5631103516,1718,4060,4060,4060,4060,3,0,0,0
9983,310.67013549805,401.98263549805,122.84927368164,70.85997772217,119.63304901123,2097,4112,9,0,0,3,0,0,0
9984,165.58160400391,368.39584350586,97.68668365479,41.66939926147,55.19743347168,2097,4113,9,0,0,3,0,0,0
9985,222.42707824707,337.63021850586,150.77229309082,30.44325637817,55.19743347168,2097,4113,9,0,0,3,0,0,0
9986,255.46180725098,329.16665649414,150.77229309082,30.44325637817,55.19743347168,2097,4113,9,0,0,3,0,0,0
9992,-882.3125,-14338.215820312,158.00456237793,713.87133789063,1481.6955566406,2132,4115,9,0,0,3,0,0,0
9993,-13342.188476562,-14436.669921875,-483.83029174805,1011.6519775391,1385.5903320312,2132,905,9,0,0,3,0,0,0
9995,-5586.3818359375,3328.9367675781,10.09722232819,1416.5255126953,1416.5255126953,2132,4083,9,0,0,3,0,0,0
10006,-14913.997070312,-3691.6926269531,52.41593551636,494.74938964844,526.67852783203,2132,4105,9,0,0,3,0,0,0
10007,-9600,11692.647460938,253.08512878418,2.76388883591,17.6091594696,2132,4184,9,0,0,3,0,0,0
10008,834.25177001953,459.15103149414,-308.41717529297,26.77907752991,48.93453216553,2097,4164,9,0,0,3,0,0,0
10009,675.17706298828,430.22570800781,-319.95919799805,19.3431892395,41.38482284546,2097,4137,9,0,0,3,0,0,0
10010,445.07290649414,263.34896850586,-262.94451904297,10.72895812988,17.65900421143,2097,4124,9,0,0,3,0,0,0
10016,467.69445800781,284.48089599609,-311.22756958008,13.25049304962,19.8835067749,2097,4130,9,0,0,3,0,0,0
10017,950.67883300781,743.28643798828,-304.92404174805,30.94344139099,52.20489883423,2097,4133,9,0,0,3,0,0,0
10019,498.953125,299.79165649414,-325.10833740234,10.52173137665,21.4435710907,2097,4139,9,0,0,3,0,0,0
10020,485.71701049805,244.04341125488,-355.39831542969,7.54773283005,47.9471206665,2097,4141,9,0,0,3,0,0,0
10021,13717.450195312,-14583.701171875,-64.01937103271,988.47668457031,2167.1501464844,2070,3535,9,0,0,3,0,0,0
10022,14458.842773438,12653.489257812,-319.44183349609,56.6640663147,92.68034362793,1879,4144,4146,4144,4146,3,0,0,0
10023,14256.537109375,12653.489257812,-319.44183349609,56.6640663147,92.68034362793,1879,4142,4150,4142,4150,3,0,0,0
10024,14050.322265625,12653.489257812,-319.44183349609,56.6640663147,92.68034362793,1879,4143,4149,4143,4149,3,0,0,0
10025,13851.993164062,12653.489257812,-319.44183349609,56.6640663147,92.68034362793,1879,4147,4148,4147,4148,3,0,0,0
10026,-12800.006835938,-16017.791992188,89.26302337646,696.6142578125,868.88726806641,2132,194,9,0,0,3,0,0,0
10030,495.22570800781,175.38542175293,-355.39834594727,7.54773283005,57.26501083374,2097,4155,9,0,0,3,0,0,0
10031,581.05035400391,193.15972900391,-355.39834594727,7.54773283005,59.39905166626,2097,4156,9,0,0,3,0,0,0
10033,570.52777099609,260.72915649414,-355.39834594727,7.54773283005,70.84412384033,2097,4156,9,0,0,3,0,0,0
10038,3623.2258300781,5130.8247070312,23.7031917572,85.52612304688,106.84951019287,1643,4086,9,4086,0,3,0,0,0
10039,-13101.75390625,-3404.7673339844,24.17254638672,102.34381103516,166.13676452637,2132,4158,9,0,0,3,0,0,0
10040,11741.368164062,8742.2705078125,-53.01845169067,110.33265686035,161.89033508301,2132,4158,4158,0,0,3,0,0,0
10041,2135.65625,-552.28991699219,-425.6305847168,28.56401062012,55.11067581177,1718,4160,4287,4160,4287,3,0,0,0
10042,633.78820800781,270.41494750977,-355.39834594727,7.54773283005,61.81023788452,2097,4156,9,0,0,3,0,0,0
10044,771.80554199219,366.49307250977,-309.55792236328,20.54207229614,41.99684143066,2097,4138,9,0,0,3,0,0,0
10045,701.13714599609,363.68923950195,-315.45547485352,18.73053741455,32.07686233521,2097,4162,9,0,0,3,0,0,0
10046,752.09027099609,300.89236450195,-315.45547485352,21.66496658325,38.55620193481,2097,4163,9,0,0,3,0,0,0
10047,800.86114501953,349.88540649414,-309.55792236328,17.94433021545,33.48125076294,2097,4138,9,0,0,3,0,0,0
10048,820.00518798828,339.359375,-313.09024047852,22.22326850891,33.48125076294,2097,4138,9,0,0,3,0,0,0
10050,13752.182617188,14482.23046875,31.17925453186,8005.5649414062,9986.1220703125,2168,1587,9,0,0,3,0,0,0
10060,-6548.1391601562,-1736.4514160156,93.37936401367,1767.6119384766,1767.6119384766,2132,3905,9,0,0,3,0,0,0
10062,-283.9375,-112.66665649414,-8.3328742981,63.89923858643,157.78002929688,1718,4214,4289,4271,4284,3,0,0,0
10063,12035.84375,10326.946289062,-39.50747299194,409.24496459961,449.06951904297,2132,4171,9,0,0,3,0,0,0
10064,12388.22265625,8171.8159179688,576.17993164063,104.93924713135,120.41555023193,2132,4172,9,0,0,3,0,0,0
10066,11796.084960938,9431.6728515625,42.5894203186,240.75540161133,364.55151367188,2132,4105,9,0,0,3,0,0,0
10067,3647.7482910156,-1741.1458740234,81.4358215332,153.48083496094,212.50846862793,2096,3732,3915,3732,3915,3,0,0,0
10068,16169.94140625,15614.310546875,0,149.10136413574,220.59184265137,1658,4175,9,0,0,3,0,0,0
10069,0,0,0,453.91461181641,453.91461181641,2169,3719,9,3719,0,3,0,0,0
10074,1272.8211669922,-781.51739501953,-344.29727172852,127.20252227783,205.51411437988,1718,4278,4278,4271,4284,3,0,0,0
10076,1376.2691650391,-390.96182250977,-534.67724609375,187.44970703125,321.39068603516,1718,4182,4286,4271,4284,3,0,0,0
10077,1737.6180419922,-138.80555725098,-564.26489257813,165.36332702637,233.28805541992,1718,4183,4183,4271,4284,3,0,0,0
10078,6886.0771484375,-37.41145706177,18.41623306274,564.44598388672,741.36016845703,2131,4019,4019,4019,4019,3,0,0,0
10079,6329.4262695312,102.97396087647,18.41627311707,587.09771728516,739.66094970703,2131,4019,4019,4019,4019,3,0,0,0
10080,5706.2568359375,207.63194274902,18.41633224487,587.09771728516,739.66094970703,2131,4019,4019,4019,4019,3,0,0,0
10081,4997.7255859375,241.15972900391,18.41635322571,587.09771728516,739.66094970703,2131,4019,4019,4019,4019,3,0,0,0
10082,7399.5747070312,-677.33331298828,18.41617774963,564.44598388672,741.36016845703,2131,4019,4019,4019,4019,3,0,0,0
10083,7673.064453125,-1330.5867919922,18.41616249084,564.44598388672,741.36016845703,2131,4019,4019,4019,4019,3,0,0,0
10085,0,0,0,21.811170578,34.41655731201,2179,336,9,336,0,3,0,0,0
10086,0,0,0,39.49589538574,59.6354637146,2180,2715,2586,2715,2586,3,0,0,0
10087,11606.126953125,8744.3173828125,-53.01845169067,124.55986785889,163.91467285156,2132,4158,4158,0,0,3,0,0,0
10088,11436.272460938,8744.3173828125,-53.01845169067,101.1588973999,141.74795532227,2132,4158,4158,0,0,3,0,0,0
10089,11818.405273438,8881.3779296875,-77.91584777832,135.67434692383,183.7692565918,2132,4158,4158,0,0,3,0,0,0
10092,12191.266601562,8663.12890625,-122.36292266846,176.90086364746,206.84805297852,2132,4215,4158,0,0,3,0,0,0
10097,12725.59765625,8595.986328125,-97.91595458984,159.66632080078,231.46043395996,2132,4158,4158,0,0,3,0,0,0
10098,13067.063476562,8578.4970703125,-97.91595458984,159.66632080078,231.46043395996,2132,4158,4158,0,0,3,0,0,0
10099,12876.330078125,8484.4765625,-97.91595458984,159.66632080078,231.46043395996,2132,4158,4158,0,0,3,0,0,0
10100,0,0,0,7.87834501266,16.70118904114,2177,3991,4068,4067,4069,3,0,0,0
10101,-6447.0903320312,1441.296875,24.4375,535.25726318359,605.74188232422,2132,4184,9,0,0,3,0,0,0
10102,-349.39236450195,825.83160400391,1222.8540039062,388.90512084961,427.22756958008,2164,4187,4187,0,0,3,0,0,0
10111,0,0,0,1.3672721386,26.10933494568,2162,4845,9,0,0,3,0,0,0
10113,0,0,0,1898.5695800781,2071.533203125,2164,4191,4191,0,0,3,0,0,0
10119,-13542.256835938,8325.751953125,888.28448486328,651.00891113281,820.00915527344,1584,4072,9,0,0,3,0,0,0
10120,-13274.455078125,6662.4790039062,870.18829345703,959.87579345703,1173.4587402344,1584,4105,9,0,0,3,0,0,0
10121,-12989.225585938,10489.245117188,865.36499023438,855.42419433594,1293.0672607422,1584,3987,9,0,0,3,0,0,0
10122,-5840.7065429688,1482.5364990234,50.67361068726,651.16149902344,737.53863525391,2132,4184,9,0,0,3,0,0,0
10123,-9532.955078125,10125.25390625,1551.0823974609,842.70745849609,1103.3015136719,1584,3987,9,0,0,3,0,0,0
10124,-11229.513671875,10133.860351562,870.18829345703,649.8515625,879.53289794922,1584,4072,9,0,0,3,0,0,0
10125,-13823,9466,735.90667724609,428.50875854492,734.13873291016,1584,3987,9,0,0,3,0,0,0
10126,13038.268554688,294.01910400391,5.21788215637,58.62231826782,91.1316986084,1658,4193,9,0,0,3,0,0,0
10127,-12916.965820312,10742.995117188,5.065782547,153.17500305176,226.05816650391,2132,4197,9,0,0,3,0,0,0
10128,-12613.778320312,9549.8359375,-16.54482078552,121.19941711426,178.32157897949,2132,4197,9,0,0,3,0,0,0
10131,1387.9879150391,-353.94790649414,-423.87054443359,5.40922212601,22.95587348938,2127,4039,4204,4039,4204,3,0,0,0
10132,1462.1649169922,-353.94790649414,-423.87054443359,5.40922212601,22.95587348938,2127,4200,4205,4200,4205,3,0,0,0
10133,1536.0329589844,-353.94790649414,-423.87054443359,5.40922212601,22.95587348938,2127,4202,4206,4202,4206,3,0,0,0
10134,1679.4166259766,-353.94790649414,-423.87054443359,5.40922212601,22.95587348938,2127,4203,4207,4203,4207,3,0,0,0
10136,-4790.7553710938,1764.9635009766,106.24652862549,651.16149902344,786.62292480469,2132,4184,9,0,0,3,0,0,0
10139,0,0,0,12.04783058167,18.8392791748,2186,4211,9,4211,0,3,0,0,0
10140,0,0,0,16.59162902832,19.47222137451,2187,893,946,893,946,3,0,0,0
10147,12058.559570312,8496.1533203125,-101.5191116333,176.90086364746,206.84805297852,2132,4215,4158,0,0,3,0,0,0
10148,11981.731445312,8298.9990234375,-91.98905181885,176.90086364746,206.84805297852,2132,4215,4158,0,0,3,0,0,0
10149,12103.426757812,8842.38671875,-118.84660339356,176.90086364746,206.84805297852,2132,4215,4158,0,0,3,0,0,0
10150,12451.178710938,8662.1650390625,-130.72760009766,191.04071044922,206.84805297852,2132,4215,4158,0,0,3,0,0,0
10152,-3724.2082519531,1037.5954589844,115.88194274902,339.16455078125,385.17794799805,2132,2935,9,0,0,3,0,0,0
10154,-8820.0107421875,9224.2568359375,43.55387496948,74.92476654053,104.5743637085,2132,4197,9,0,0,3,0,0,0
10155,-8264.5830078125,10487.004882812,-0.06197351217,216.12823486328,314.42105102539,2132,4231,9,0,0,3,0,0,0
10156,10798.625,-11177.892578125,4922.4248046875,1901.6990966797,2088.74609375,2132,3987,9,0,0,3,0,0,0
10159,1964.2985839844,2284.0539550781,-70.00005340576,1284.3328857422,1284.3328857422,1457,3510,9,3510,0,3,0,0,0
10160,0,0,0,11.67874240875,17.73460006714,2175,4414,9,4414,0,3,0,0,0
10168,2461.8420410156,-556.38018798828,-567.02331542969,180.15350341797,275.98034667969,1718,4237,4287,4237,4287,3,0,0,0
10169,0,0,0,978.52709960938,1468.7296142578,2097,4086,4088,4086,4088,3,0,0,0
10170,2750.3532714844,4917.765625,0.88758635521,159.64784240723,219.85845947266,2097,4089,4088,0,0,3,0,0,0
10173,0,0,0,148.00953674316,303.30654907227,2223,4242,9,4242,0,3,0,0,0
10174,2198.1545410156,-1218.0677490234,-572.81719970703,173.77130126953,273.15484619141,1718,4243,4287,4237,4287,3,0,0,0
10176,-8711.419921875,9503.3720703125,-13.41804695129,121.87079620361,131.36647033691,2132,4197,9,0,0,3,0,0,0
10178,-1834.5242919922,1310.0833740234,5962.8461914062,94.10078430176,159.93435668945,2222,4975,9,0,0,3,0,0,0
10193,-7680.6840820312,14708.178710938,-3.15447330475,143.84941101074,172.7317199707,2132,4197,9,0,0,3,0,0,0
10250,-12594.478515625,-12944.694335938,-6.848138e-05,620.47192382813,701.76849365234,2132,4103,9,0,0,3,0,0,0
10251,-13871.965820312,-12959.00390625,4.319999e-05,620.47192382813,701.76849365234,2132,4272,9,0,0,3,0,0,0
10252,550.23614501953,-2493.0659179688,151.58404541016,129.11698913574,170.20916748047,2175,4424,9,4273,0,3,0,0,0
10254,-35.32638931274,-2632.9184570312,67.75479888916,30.81888389587,58.09688949585,2175,4423,9,4276,0,3,0,0,0
10276,809.20489501953,214.20832824707,20.26926803589,204.84481811523,271.24755859375,1907,4294,3725,4294,3725,3,0,0,0
10277,809.20489501953,830.15454101563,20.26926803589,204.84481811523,271.24755859375,1907,4293,3725,4293,3725,3,0,0,0
10278,809.20489501953,-375.31076049805,20.26926803589,204.84481811523,271.24755859375,1907,4295,3725,4295,3725,3,0,0,0
10279,809.20489501953,-1095.4375,20.26926803589,204.84481811523,271.24755859375,1907,4296,3725,4296,3725,3,0,0,0
10280,-9291.4970703125,9801.5751953125,16.82531738281,91.91960906982,156.21513366699,2132,4197,9,0,0,3,0,0,0
10281,-9201.580078125,9714.8134765625,16.82531738281,126.38181304932,163.06278991699,2132,4197,9,0,0,3,0,0,0
10282,661.10418701172,-31.51388931274,-325.90158081055,241.56376647949,326.83978271484,1718,4091,4285,4271,4284,3,0,0,0
10283,639.17706298828,-480.69445800781,-309.04141235352,288.12377929688,360.72476196289,1718,4091,4285,4271,4284,3,0,0,0
10284,372.81423950195,-78.80381774902,-266.60620117188,224.56369018555,302.24243164063,1718,4091,4285,4271,4284,3,0,0,0
10285,308.51388549805,-366.91494750977,-231.48580932617,218.92495727539,277.90121459961,1718,4091,4285,4271,4284,3,0,0,0
10291,-3210.2414550781,-3616.78125,179.75627136231,1537.5991210938,2992.9958496094,2208,4299,4299,4299,4299,3,0,0,0
10389,-9124.51953125,9725.302734375,16.82531738281,75.45561218262,106.04440307617,2132,4197,9,0,0,3,0,0,0
10390,-9142.2294921875,9600.8408203125,16.82531738281,91.91960906982,106.04440307617,2132,4197,9,0,0,3,0,0,0
10392,-4537.90625,-3664.203125,6390.8012695312,256.57446289063,370.08236694336,2222,4319,4344,5102,4344,3,5107,0,0
10393,-1834.9461669922,-4195.5502929688,6632.939453125,98.12298583984,123.20097351074,2222,4340,5054,5115,5054,3,4826,0,0
10394,2463.3923339844,-1006.1198120117,-600.39434814453,139.63063049316,262.52127075195,1718,4243,4287,4271,4284,3,0,0,0
10395,-1897.8576660156,6963.830078125,5405.3500976562,36.23439788818,50.16250228882,2222,5111,5108,5046,5108,3,0,0,0
10396,-2653.5659179688,7568.2866210938,3899.3515625,23.97934341431,31.33387756348,2222,4307,5105,5104,5105,3,0,0,0
10397,11741.368164062,8742.2705078125,-53.01845169067,110.33265686035,161.89033508301,2222,4310,5109,5110,5109,3,0,0,0
10398,-2619.2604980469,6170.515625,3958.8610839844,103.07842254639,151.35987854004,2222,4310,5109,5110,5109,3,0,0,0
10400,-2832.1596679688,5826.328125,3906.8833007812,125.79704284668,197.26409912109,2222,4310,5109,5110,5109,3,0,0,0
10401,-2600.1997070312,5633.181640625,3950.7075195312,115.32465362549,150.95915222168,2222,4310,5109,5110,5109,3,0,0,0
10402,-2463.6684570312,5796.1840820312,3943.6545410156,87.67877197266,117.35298156738,2222,4310,5109,5110,5109,3,0,0,0
10403,-2848.2846679688,6802.7211914062,3936.3259277344,366.59289550781,432.75732421875,2222,4309,5108,5046,5108,3,0,0,0
10413,2167.8125,2391.7883300781,-331.56533813477,12.08625411987,12.08625411987,2243,4312,9,0,0,3,0,0,0
10415,-2424.2414550781,5957.8974609375,3957.14453125,113.07060241699,147.85668945313,2222,4310,5109,5110,5109,3,0,0,0
10416,-2177.8767089844,5906.7866210938,3969.9509277344,105.3823928833,122.70214080811,2222,4310,5109,5110,5109,3,0,0,0
10417,-2571.8854980469,6275.5883789062,3970.06640625,57.44654464722,164.43064880371,2222,4310,5109,5110,5109,3,0,0,0
10418,-1923.1892089844,5850.8491210938,3957.14453125,71.2275390625,121.84320068359,2222,4310,5109,5110,5109,3,0,0,0
10419,905.07464599609,2364.3801269531,384.73501586914,51.35841751099,52.89077377319,1669,4313,9,0,0,3,0,0,0
10420,-4354.5849609375,-4437.2465820312,6470.4375,167.61764526367,233.8472442627,2222,4328,4344,5102,4344,3,5107,0,0
10421,-4186.2397460938,-4656.2065429688,6510.3193359375,129.09140014648,200.95257568359,2222,4328,4344,5102,4344,3,5107,0,0
10422,-3777.4133300781,-1544.3403320312,95.23133850098,1130.7553710938,1130.7553710938,2132,4315,9,0,0,3,0,0,0
10423,0,0,0,64.52205657959,89.64764404297,2214,2516,9,2516,0,3,0,0,0
10424,0,0,0,534.89562988281,694.93933105469,2209,2581,9,2581,9,3,0,0,0
10426,-3810.3002929688,-550.24133300781,0,1130.7553710938,1130.7553710938,2132,4315,9,0,0,3,0,0,0
10427,0,0,0,128.68455505371,172.25175476074,1884,247,9,247,0,3,0,0,0
10428,2572.4501953125,1841.9052734375,-51.32772445679,63.73436737061,134.83361816406,2207,2423,9,0,0,3,0,0,0
10429,2743.10546875,1610.2080078125,-51.32436752319,37.76211929321,83.76819610596,2207,2424,9,0,0,3,0,0,0
10430,3066.318359375,1723.15234375,-51.43229293823,33.29722976685,63.79954910278,2207,2424,9,0,0,3,0,0,0
10431,2945.724609375,1900.306640625,-181.63542175293,84.40970611572,139.13784790039,2207,2449,9,0,0,3,0,0,0
10432,2760.2373046875,2027.3740234375,-211.78819274902,130.81825256348,209.57653808594,2207,2449,9,0,0,3,0,0,0
10433,0,0,0,173.5225982666,229.78518676758,2207,2110,9,0,0,3,0,0,0
10434,2934.9580078125,1276.3955078125,92.77951812744,45.99165725708,73.70383453369,2207,2451,9,0,0,3,0,0,0
10435,3500.10546875,1515.7529296875,66.57468414307,158.08741760254,183.99021911621,2207,2108,9,0,0,3,0,0,0
10436,2996.44921875,1801.2236328125,-51.32436752319,39.83176803589,65.23546600342,2207,2425,9,0,0,3,0,0,0
10437,2909.52734375,1388.2548828125,-0.30933722854,55.5514793396,84.340675354,2207,2422,9,0,0,3,0,0,0
10438,3058.3955078125,1626.87109375,-38.14595794678,31.53817367554,60.69116973877,2207,2426,9,0,0,3,0,0,0
10439,2965.3828125,1649.44921875,-47.03125,31.53817367554,61.11581039429,2207,2426,9,0,0,3,0,0,0
10440,2849.9208984375,1680.3916015625,-51.32436752319,56.26794433594,90.67259216309,2207,2450,9,0,0,3,0,0,0
10441,3203.568359375,1626.2421875,-60.3125,78.61926269531,106.06420135498,2207,2452,9,0,0,3,0,0,0
10442,-3384.171875,-277.861328125,60.42277908325,59.49277877808,105.90389251709,2170,226,980,450,980,3,0,0,0
10443,-3342.583984375,-465.97265625,48.82944488525,140.91722106934,196.10888671875,2170,226,980,450,980,3,0,0,0
10444,-3121.333984375,-24.5,48.16805648804,27.79444313049,73.32111358643,2170,226,223,450,223,3,0,0,0
10445,-3193.5625,-768.1953125,29.6247215271,240.69444274902,361.02777099609,2170,226,980,450,980,3,0,0,0
10446,-3046.861328125,-1171.47265625,0,240.69444274902,361.02777099609,2170,226,980,450,980,3,0,0,0
10447,-2705.9453125,-1427.5625,63.91666793823,109.38889312744,153.16667175293,2170,210,244,449,244,3,0,0,0
10448,0,0,0,20.89369392395,20.89369392395,2170,210,211,449,211,3,0,0,0
10450,11187.521484375,14671.98828125,398.87121582031,1943.1381835938,2322.5234375,2132,4316,9,0,0,3,0,0,0
10451,3719.7309570312,-510.87326049805,-887.74163818359,147.82792663574,243.10151672363,1718,4317,4317,4317,4317,3,0,0,0
10456,-3000.3784179688,-3778.8142089844,10.16282844543,141.31527709961,146.46643066406,2132,4320,9,0,0,3,0,0,0
10457,-7468.4443359375,-7472.25,219.8716583252,697.72857666016,814.94348144531,2132,4321,9,0,0,3,0,0,0
10463,11219.754882812,15932.774414062,374.61026000977,127.95684051514,147.31137084961,2132,4326,9,0,0,3,0,0,0
10464,-1352.3507080078,1695.2379150391,0.00011822618,1208.5169677734,1552.0600585938,2211,4318,9,0,0,3,0,0,0
10465,0,0,0,2.83361077309,13.88888931274,2217,4327,9,0,0,3,0,0,0
10467,-4335.7934570312,-4172.3627929688,6498.8549804688,125.36430358887,231.72476196289,2222,4341,4344,5102,4344,3,5107,0,0
10468,12147.142578125,15107.833007812,211.36212158203,424.11166381836,505.57089233398,2132,4326,9,0,0,3,0,0,0
10469,15034.34375,16070.200195312,27.13663673401,568.69207763672,884.21905517578,2132,4316,9,0,0,3,0,0,0
10470,-1881.15625,-3135.7204589844,6530.8657226562,87.16638183594,130.81185913086,2222,4357,5055,4357,5055,3,5057,0,0
10471,-4130.5659179688,-5284.3974609375,6514.978515625,31.28986740112,45.19846725464,2222,4340,5054,5115,5054,3,4826,0,0
10472,16402.44921875,8525.837890625,6.07788038254,769.12414550781,921.29425048828,1658,4348,9,0,0,3,0,0,0
10490,-6599.0971679688,-7823.7915039062,73.23299407959,455.53067016602,490.72854614258,2132,4342,9,0,0,3,0,0,0
10491,-4279.4965820312,-3952.0207519531,6529.05859375,108.39164733887,185.11148071289,2222,4341,4344,5102,4344,3,5107,0,0
10495,4977.4038085938,-1286.5278320312,3204.4243164062,57.57717895508,91.65577697754,2222,4824,4824,4965,4965,3,0,0,0
10502,15014.760742188,8778.41796875,182.37519836426,934.65393066406,1055.5634765625,1658,4481,9,0,0,3,0,0,0
10504,-8670.3818359375,-8049.6630859375,145.37953186035,270.03573608398,360.6455078125,2132,4329,9,0,0,3,0,0,0
10505,-7304.8681640625,-9154.326171875,191.07356262207,394.52236938477,491.14736938477,2132,4329,9,0,0,3,0,0,0
10508,3864.2744140625,-2061.9096679688,3197.935546875,232.5202331543,301.05728149414,2222,4747,4754,4747,4754,3,0,0,0
10513,-7657.9477539062,616.48089599609,5629.9252929688,28.58356666565,28.88387107849,2222,4912,4912,5137,5137,3,0,0,0
10516,-3758.7934570312,-4454.5625,6629.2841796875,93.92601013184,154.1150970459,2222,4358,4344,5102,4344,3,5107,0,0
10517,-3886.2258300781,-4395.5034179688,6647.9487304688,74.07022857666,119.08309936523,2222,4358,4344,5102,4344,3,5107,0,0
10518,-3841.078125,-4588.830078125,6647.3403320312,74.77407836914,125.31139373779,2222,4358,4344,5102,4344,3,5107,0,0
10526,0,0,0,4.6363658905,18.80773162842,2258,3602,9,0,0,3,0,0,0
10527,0,0,0,16.64501571655,26.54224014282,2263,3602,9,0,0,3,0,0,0
10529,-5980.1630859375,1318.140625,5526.947265625,73.03881072998,117.90897369385,2222,4329,5049,5137,5137,3,0,0,0
10530,-5634.59375,-548.60766601563,5748.2416992188,16.95097351074,28.08541107178,2222,4960,5049,5137,5137,3,0,0,0
10533,-7002.923828125,-616.73089599609,5691.2836914062,37.51814651489,53.41040802002,2222,4908,4908,5064,5064,3,0,0,0
10549,-7278.9165039062,-16358.063476562,35.53390884399,678.05383300781,830.12640380859,2132,4348,9,0,0,3,0,0,0
10562,-5933.6962890625,1608.3038330078,6146.9545898438,40.91753768921,45.84174728394,2222,4365,5048,5059,5059,3,0,0,0
10563,-6824.2880859375,1208.0607910156,5908.44140625,54.7529296875,64.94957733154,2222,4321,4321,5099,5099,3,0,0,0
10600,-2771.0139160156,-5949.9877929688,6530.8657226562,295.34594726563,453.73782348633,2222,4357,5055,4357,5055,3,5057,0,0
10601,-1640.1146240234,-4830.984375,6530.8657226562,256.18975830078,395.73867797852,2222,4357,5055,4357,5055,3,5057,0,0
10652,-3034.7136230469,4929.736328125,0.19422742724,1928.1868896484,1928.1868896484,451,12,9,0,0,3,0,0,0
10654,-11623.751953125,9311.2109375,142.87959289551,315.43963623047,365.4345703125,2217,4390,4390,4390,4390,3,0,0,0
10655,0,0,0,0,0,2197,303,304,10,304,3,0,0,0
10773,3680.9479980469,6057.9399414062,4787.8857421875,2.0592508316,16.85405731201,2222,4718,4718,4718,4718,5419,0,0,0
10778,-5420.314453125,1631.5069580078,5413.7524414062,98.4097366333,186.13967895508,2222,4395,9,0,0,3,0,0,0
10779,-5432.1372070312,1995.8420410156,5419.8452148438,63.02323150635,113.74252319336,2222,4397,9,0,0,3,0,0,0
10780,-5430.6352539062,1866.1232910156,5408.7734375,51.37005996704,69.83180236816,2222,4396,9,0,0,3,0,0,0
10782,-1760.4514160156,-52.43402862549,-1533.5703125,298.73294067383,298.73294067383,2217,4399,4399,4399,4399,3,0,0,0
10787,-11115.666992188,9328.646484375,134.60549926758,155.97117614746,191.1813659668,2217,4400,9,0,0,3,0,0,0
10788,-11115.666992188,9328.646484375,-285.28823852539,155.97117614746,191.1813659668,2217,4400,9,0,0,3,0,0,0
10789,12805.291992188,15989.34765625,0,1116.8726806641,1203.5206298828,2235,521,9,0,0,3,0,0,0
10790,15608.72265625,-15513.271484375,0,1421.1502685547,2159.5568847656,2235,748,9,0,0,3,0,0,0
10793,-2947.0087890625,-4914.376953125,6704.1000976562,106.98316192627,191.07818603516,2222,4319,4344,5102,4344,3,5107,0,0
10794,0,0,0,1422.4571533203,1573.7838134766,2245,1107,1153,1107,1153,3,0,0,0
10808,-1771.6129150391,5706.447265625,3924.3190917969,106.84763336182,160.45324707031,2222,4310,5109,5110,5109,3,0,0,0
10810,4228.9243164062,-2864.0747070312,3373.5708007812,153.55902099609,211.62086486816,2222,4746,4746,5058,5058,3,0,0,0
10812,-9220,-9615.9423828125,-199.93630981445,727.49102783203,1433.6315917969,2132,4437,9,0,0,3,0,0,0
10813,-6895.5454101562,37.58159637451,5771.8544921875,76.96481323242,98.74508666992,2222,4438,5048,5059,5059,3,0,0,0
10814,-5898.578125,659.87847900391,5666.0732421875,20.73765563965,34.04902267456,2222,4440,5048,5096,5096,3,0,0,0
10817,-8617.875,648.18402099609,96.82866668701,1810.1497802734,1959.9288330078,2213,4322,4322,4322,4322,3,0,0,0
10818,1994.0086669922,-4369.048828125,47.18500518799,1063.2342529297,1122.3685302734,2212,4322,4322,4322,4322,3,0,0,0
10819,193.12326049805,-2062.9096679688,77.0623626709,70.92524719238,119.48764801025,2175,4441,9,0,0,3,0,0,0
10820,-10044.408203125,-1103.7430419922,34.11176300049,4727.3403320312,4882.3344726562,2274,4419,4419,4419,4419,3,0,0,0
10821,1055.3072509766,1495.0347900391,349.62368774414,2357.8088378906,2499.6237792969,2275,4298,4298,4298,4298,3,0,0,0
10823,0,0,0,453.43493652344,1388.9940185547,2236,4414,9,4414,0,3,0,0,0
10832,14905.743164062,839.41320800781,0,75.50369262695,118.44003295898,2132,4307,9,0,0,3,0,0,0
10835,-7652.267578125,1773.3941650391,5397.2905273438,342.24606323242,464.03060913086,2222,4451,4451,5064,5064,3,0,0,0
10836,-6332.4809570312,-212.78472900391,5666.70703125,74.98041534424,94.20030212402,2222,4450,5048,5098,5098,3,0,0,0
10840,-6089.7553710938,1646.2153320312,5597.5390625,161.0608215332,232.26261901856,2222,4452,5103,5097,5097,3,0,0,0
10841,-5939.5971679688,1540.2204589844,5565.4111328125,70.08459472656,132.4914855957,2222,4452,5048,5097,5097,3,0,0,0
10842,-5689.9755859375,1723.4357910156,5579.8701171875,167.74456787109,226.12861633301,2222,4717,4717,5097,5097,3,0,0,0
10843,-5436.1303710938,-541.77954101563,5632.9741210938,91.14476776123,129.37930297852,2222,4816,5049,5097,5097,3,0,0,0
10844,2367.2292480469,3820.6328125,-530.22802734375,1081.2509765625,2133.6416015625,2132,4327,4327,4327,4327,3,0,0,0
10845,-973.08679199219,3760.1997070312,-56.40277862549,993.88372802734,1699.4064941406,2132,1041,1041,1041,1041,3,0,0,0
10857,-680.39581298828,-8716.9443359375,3353.232421875,9.40427207947,16.17677116394,2132,4316,9,0,0,3,0,0,0
10858,-5289.0244140625,-440.15277099609,5938.1284179688,24.71671867371,30.41478729248,2222,4480,5048,5059,5059,3,0,0,0
10861,-681.76739501953,-6607.8818359375,7090.4057617188,113.09002685547,164.33995056152,2285,4836,9,4836,0,3,0,0,0
10864,-6063.265625,2156.4792480469,5549.0600585938,241.30450439453,337.39547729492,2222,4495,5048,5097,5097,3,0,0,0
10865,3707.5832519531,-3766.6164550781,3424.2062988281,140.50747680664,189.90032958984,2222,4757,5062,4757,5062,3,0,0,0
10866,3616.8291015625,-1289.7882080078,3146.0361328125,143.29368591309,188.25234985352,2222,4496,4756,4496,4756,3,0,0,0
10867,-3445.5451660156,-4760.8002929688,6541.2641601562,77.7400894165,110.49041748047,2222,4503,5054,5115,5054,3,4826,0,0
10869,14191.521484375,-6419.3627929688,-165.73405456543,1236.2520751953,2785.6125488281,1658,4512,9,0,0,3,0,0,0
10870,14191.521484375,-6419.3627929688,-165.73405456543,1236.2520751953,2785.6125488281,1658,4512,4512,4512,4512,3,0,0,0
10871,618.48956298828,12827.911132812,-46.85243225098,1607.8706054688,1753.9215087891,1658,4512,9,0,0,3,0,0,0
10875,83.47916412354,-2581.2707519531,71.58000946045,58.38372039795,95.69061279297,2175,4531,9,4276,0,3,0,0,0
10877,32.72048568726,-2498.4150390625,49.80115127563,75.13995361328,90.109375,2175,4531,9,4276,0,3,0,0,0
10879,537.51043701172,15421.254882812,-47.0693359375,403.58111572266,599.21813964844,1658,4533,4536,0,0,3,0,0,0
10892,-5825.9912109375,1338.9965820312,5526.947265625,56.86298751831,107.40014648438,2222,4329,5049,5137,5137,3,0,0,0
10893,-5917.2329101562,1387.7829589844,5526.947265625,41.63609313965,82.60353851318,2222,4329,5049,5137,5137,3,0,0,0
10894,-6066.546875,1375.5607910156,5523.6196289062,31.897315979,94.65187835693,2222,4329,5049,5097,5097,3,0,0,0
10895,-5892.3662109375,1229.2882080078,5495.1958007812,56.86298751831,107.40014648438,2222,4329,5049,5097,5097,3,0,0,0
10896,-6003.4130859375,1274.5728759766,5512.6928710938,33.49493026733,155.13777160645,2222,4329,5049,5097,5097,3,0,0,0
10903,-676.33160400391,38.81944656372,-524.82043457031,114.52841186523,114.52841186523,2217,4615,4615,4615,4615,3,0,0,0
10904,-522.16320800781,62.90104293823,-524.82043457031,101.67360687256,145.71504211426,2217,4615,4615,4615,4615,3,0,0,0
10905,-357.42361450195,62.20659637451,-524.82043457031,101.67360687256,145.71504211426,2217,4615,4615,4615,4615,3,0,0,0
10906,2983.3471679688,-4132.7485351562,3360.525390625,241.8472442627,259.42868041992,2222,4494,9,4494,0,3,0,0,0
10914,-5220.5590820312,-573.31945800781,5841.1801757812,57.8296546936,122.78967285156,2222,4650,4321,5059,5059,3,0,0,0
10933,-2933.6423339844,5870.3657226562,3916.5908203125,75.16481018066,91.32945251465,2222,4310,5109,5110,5109,3,0,0,0
10934,-2951.8957519531,5896.6928710938,3929.3408203125,68.79222106934,154.70034790039,2222,4310,5109,5110,5109,3,0,0,0
10935,-2691.4809570312,6067.939453125,3931.5837402344,74.96515655518,89.57344055176,2222,4310,5109,5110,5109,3,0,0,0
10936,-2759.9445800781,5693.9340820312,3928.3605957031,92.12412261963,136.86108398438,2222,4310,5109,5110,5109,3,0,0,0
10937,-2565.078125,5740.5434570312,3933.9240722656,82.64213562012,139.24783325195,2222,4310,5109,5110,5109,3,0,0,0
10938,-2465.1301269531,5697.7099609375,3943.6545410156,58.78073501587,75.51127624512,2222,4310,5109,5110,5109,3,0,0,0
10940,-2328.8627929688,5879.236328125,3970.6696777344,64.8590927124,103.20609283447,2222,4310,5109,5110,5109,3,0,0,0
10941,-2039.0954589844,5952.7133789062,3936.6340332031,105.3823928833,157.63586425781,2222,4310,5109,5110,5109,3,0,0,0
10942,-1842.0711669922,5769.166015625,3918.2590332031,71.2275390625,109.35864257813,2222,4310,5109,5110,5109,3,0,0,0
10943,-1654.3247070312,5679.064453125,3906.5361328125,106.84763336182,152.39703369141,2222,4310,5109,5110,5109,3,0,0,0
10944,-1739.6840820312,5592.0756835938,3922.6657714844,95.1867980957,122.56006622315,2222,4310,5109,5110,5109,3,0,0,0
10945,-2534.90625,6085.53125,3958.6228027344,85.91534423828,135.77947998047,2222,4310,5109,5110,5109,3,0,0,0
10946,-3088.0122070312,6505.3696289062,3858.2634277344,275.69284057617,359.31420898438,2222,4309,9,5046,0,3,0,0,0
10952,-1790.9114990234,5221.59375,3939.2565917969,106.84763336182,116.44962310791,2222,4310,5109,5110,5109,3,0,0,0
10953,-1930.1232910156,5233.171875,3939.2565917969,106.84763336182,116.44962310791,2222,4310,5109,5110,5109,3,0,0,0
10954,-1882.0208740234,5170.7319335938,3939.2565917969,106.84763336182,116.44962310791,2222,4310,5109,5110,5109,3,0,0,0
10955,-1927.4271240234,5091.2431640625,3918.8107910156,106.84763336182,116.44962310791,2222,4310,5109,5110,5109,3,0,0,0
10960,-5895.2309570312,650.53125,5494.0888671875,104.30090332031,142.13876342773,2222,4651,5048,5096,5096,3,0,0,0
10961,7665.91015625,106.29699707031,304.85900878906,2.94902992249,13.74209976196,2162,4926,9,0,0,3,0,0,0
10962,-5524.048828125,-335.11111450195,5638.8188476562,118.05584716797,150.14987182617,2222,4904,5049,4904,4904,3,0,0,0
10964,-6876.4790039062,27.43402862549,5458.2509765625,102.19792175293,140.5447845459,2222,4652,5048,5059,5059,3,0,0,0
10965,-6672.0224609375,370.02432250977,5525.0932617188,99.18744659424,135.11471557617,2222,4658,5049,5137,5137,3,0,0,0
10966,2268.921875,-11718.930664062,0,2673.6123046875,2826.0048828125,1584,2942,9,0,0,3,0,0,0
10990,4559.4487304688,5956.501953125,4854.7612304688,258.15289306641,325.36373901367,2222,4707,4707,4707,4707,5419,0,0,0
10991,4247.0678710938,6008.4956054688,4839.1616210938,220.61706542969,330.29391479492,2222,4707,4707,4707,4707,5419,0,0,0
10992,3323.7727050781,6282.0278320312,4668.3984375,29.37591362,41.49319839478,2222,4710,4710,4710,4710,5419,0,0,0
10993,3878.4201660156,6670.7553710938,4788.8403320312,109.83542633057,110.27308654785,2222,4710,4710,4710,4710,5419,0,0,0
10994,4649.9443359375,7160.3481445312,4837.6684570312,283.37481689453,325.98739624023,2222,4490,4490,4490,4490,5419,0,0,0
10995,-2406.6477050781,6077.0087890625,3957.14453125,73.49797821045,73.49797821045,2222,4310,5109,5110,5109,3,0,0,0
10997,-7377.7255859375,2849.9245605469,5610.7705078125,5.76144742966,11.57395935059,2222,4716,5001,4716,4716,3,0,0,0
10998,-7521.8266601562,1507.8021240234,5397.2905273438,227.3755645752,315.25445556641,2222,4451,4451,5064,5064,3,0,0,0
11000,-5481.3852539062,-135.52082824707,5679.2602539062,123.91268920898,181.33888244629,2222,4904,5049,4904,4904,3,0,0,0
11001,-7997.720703125,531.8125,5458.5532226562,122.49710845947,203.04203796387,2222,4913,4913,5137,5137,3,0,0,0
11002,-8178.5869140625,531.8125,5458.5532226562,123.64434051514,193.37666320801,2222,4913,4913,5137,5137,3,0,0,0
11003,-7863.953125,583.27606201172,5458.5532226562,100.14820098877,150.30154418945,2222,4913,4913,5137,5137,3,0,0,0
11004,-7943.5190429688,708.23785400391,5458.5532226562,100.14820098877,150.30154418945,2222,4913,9,5137,5137,3,0,0,0
11005,-8136.5693359375,761.703125,5458.5532226562,111.7805480957,176.17976379395,2222,4913,4913,5137,5137,3,0,0,0
11007,1141.515625,-4397.5590820312,0,42.89072799683,54.83892440796,2289,4732,9,0,0,3,0,0,0
11009,-7394.828125,2888.171875,5341.0966796875,80.89755249023,176.08401489258,2222,4729,5001,4729,4729,3,0,0,0
11010,-7219.4741210938,2249.8732910156,5474.6982421875,157.3385925293,267.36898803711,2222,4731,4731,4731,4731,3,0,0,0
11012,3543.2265625,6432.5971679688,4497.3212890625,109.57028961182,206.88368225098,2222,4733,4733,4733,4733,5419,0,0,0
11014,-5390.2744140625,-254.90451049805,5664.7631835938,73.84913635254,88.61702728271,2222,4904,5049,4904,4904,3,0,0,0
11031,2828.1650390625,-2547.6284179688,3259.5520019531,358.13305664063,496.48843383789,2293,4740,9,4740,0,3,0,0,0
11042,-3324.609375,-3457.8176269531,6605.0849609375,134.59930419922,164.50996398926,2222,4782,5056,4782,5056,3,0,0,0
11044,-3286.1823730469,-4127.6787109375,6593.1274414062,88.45907592773,136.68273925781,2222,4730,5056,4730,5056,3,0,0,0
11056,2759.6198730469,-1755.6180419922,3230.6782226562,16.38805198669,34.47352600098,2222,4749,4753,4749,4753,3,0,0,0
11057,-91.14930725098,-7583.5502929688,7948.5458984375,278.31057739258,458.69247436523,2285,4750,9,4957,0,3,0,0,0
11059,2332.9582519531,-1109.3107910156,3373.5466308594,196.00219726563,256.69998168945,2222,4751,4751,4751,4751,3,0,0,0
11061,-6520.2954101562,1325.5347900391,5632.6328125,121.62590026856,181.30389404297,2222,4752,4321,5059,5059,3,0,0,0
11076,2016.4896240234,-3558.6042480469,3260.265625,66.75621032715,128.9723815918,2289,4762,9,0,0,3,0,0,0
11080,2022.5833740234,-3773.8247070312,3210.0869140625,48.44338607788,59.91562652588,2289,4784,9,0,0,3,0,0,0
11091,2918.9836425781,-2879.0417480469,31.01471710205,3.10984539986,14.23893165588,2291,4774,9,0,0,3,0,0,0
11093,2767.9948730469,-1705.1545410156,64.46019744873,26.26007080078,41.08346939087,2291,4775,9,0,0,3,0,0,0
11097,-2618.3454589844,4887.8891601562,3903.22265625,182.90928649902,233.98593139648,2222,4780,5108,5046,5108,3,0,0,0
11098,-2683.0502929688,5099.4306640625,3903.22265625,131.44839477539,177.11576843262,2222,4780,5108,5046,5108,3,0,0,0
11099,-2544.5642089844,5027.8637695312,3903.22265625,130.23159790039,176.34201049805,2222,4780,5108,5046,5108,3,0,0,0
11100,-2898.4931640625,4900.1079101562,3943.26953125,130.23159790039,176.34201049805,2222,4780,5108,5046,5108,3,0,0,0
11101,-2627.3332519531,5363.1704101562,3931.6857910156,124.73818969727,187.09074401856,2222,4781,5108,0,5108,3,0,0,0
11102,-2494.7119140625,5448.1650390625,3980.1657714844,61.23389816284,109.00318145752,2222,4781,5108,0,5108,3,0,0,0
11103,-2687.4792480469,5460.8740234375,3962.3840332031,61.23389816284,136.35250854492,2222,4781,5108,0,5108,3,0,0,0
11104,-2786.5625,5302.4633789062,3962.3840332031,61.23389816284,109.00318145752,2222,4781,5108,0,5108,3,0,0,0
11106,-2310.515625,8038.1987304688,4022.1142578125,65.64652252197,107.31437683106,2222,4783,5105,5104,5105,3,0,0,0
11107,-2375.8940429688,8185.4086914062,4057.3107910156,127.47644805908,182.32861328125,2222,4783,5105,5104,5105,3,0,0,0
11108,-7536.5454101562,-568.14758300781,5445.3544921875,184.44184875488,338.03149414063,2222,4785,4785,5099,5099,3,0,0,0
11109,-2262.4602050781,6641.8784179688,4252.3247070312,61.8507270813,99.13883209229,2222,4786,5108,5046,5108,3,0,0,0
11110,-2263.296875,6538.6440429688,4252.3247070312,55.49687194824,84.04823303223,2222,4786,5108,5046,5108,3,0,0,0
11111,1709.9670410156,-3799.6423339844,3182.8740234375,6.53075170517,16.69623565674,2289,4787,9,0,0,3,0,0,0
11112,-3432.8715820312,5485.0400390625,4223.3266601562,157.87516784668,188.66532897949,2222,4788,5108,5046,5108,3,0,0,0
11114,1608.4340820312,-3736.7534179688,3200.119140625,45.16190338135,52.49457550049,2289,4789,9,0,0,3,0,0,0
11115,-3507.9826660156,5669.666015625,4223.3266601562,101.5719833374,132.23579406738,2222,4788,5108,5046,5108,3,0,0,0
11116,2030.640625,-3515.7863769531,3263.5559082031,66.75621032715,105.00894927979,2289,4762,9,0,0,3,0,0,0
11117,1827.578125,-3851.4323730469,3214.0161132812,15.12994098663,39.11796569824,2289,4787,9,0,0,3,0,0,0
11119,-2823.2136230469,5079.4721679688,4162.140625,70.000831604,96.07948303223,2222,4790,5108,5046,5108,3,0,0,0
11120,-2966.46875,5062.0590820312,4162.140625,70.000831604,96.07948303223,2222,4790,5108,5046,5108,3,0,0,0
11121,-2875.4826660156,5175.4375,4123.302734375,85.46742248535,134.47354125977,2222,4790,5108,5046,5108,3,0,0,0
11122,1855.921875,-1663.0625,3420.3872070312,9.52713394165,15.34047603607,2222,4802,5061,4802,5061,3,0,0,0
11123,-3016.2082519531,2034.9947509766,5837.1845703125,0.27777779102,114.55319976807,2222,4407,9,0,0,3,0,0,0
11165,-13964.771484375,1148.7639160156,78.61540985107,75.32479095459,119.60193634033,1658,4829,9,0,0,3,0,0,0
11176,-1961.5191650391,-1339.1458740234,4757.0668945312,509.50387573242,629.24139404297,2296,4874,9,0,0,3,0,0,0
11179,-2009.7291259766,6748.5244140625,4903.4907226562,147.55465698242,208.69087219238,2296,4881,9,0,0,3,0,0,0
11185,4977.4038085938,-1469.3541259766,3204.4243164062,57.57717895508,91.65577697754,2222,4902,4902,4902,4902,3,0,0,0
11191,-6063.265625,2156.4792480469,5549.0600585938,241.30450439453,337.39547729492,2290,4495,4495,0,0,3,0,0,0
11204,-7377.7255859375,2849.9245605469,5610.7705078125,5.76144742966,11.57395935059,2290,4716,4716,0,0,3,0,0,0
11205,-6089.7553710938,1646.2153320312,5597.5390625,161.0608215332,232.26261901856,2290,4452,4452,0,0,3,0,0,0
11206,-7652.267578125,1773.3941650391,5397.2905273438,342.24606323242,464.03060913086,2290,4451,4451,0,0,3,0,0,0
11207,-5596.9912109375,-27.05208396912,5718.3388671875,14.42125892639,44.15759658813,2222,4905,5049,4904,4904,3,0,0,0
11219,-1923.7360839844,-9336.263671875,4727.890625,338.66015625,443.10290527344,2296,4874,9,0,0,3,0,0,0
11220,-1725.5590820312,6185.712890625,4162.3735351562,7.03018045425,8.63270759583,2222,4921,5108,5046,5108,3,0,0,0
11221,0,0,0,3.00444412231,15.10704898834,2287,4922,4922,4922,4922,3,0,0,0
11222,-178.28298950195,194.19097900391,959.72027587891,81.37124633789,118.53578186035,2373,4836,4344,0,0,3,0,0,0
11227,6070.7700195312,-148.43055725098,-1943.7641601562,4.39601230621,21.62560844421,1264,4926,9,0,0,3,0,0,0
11232,10912.6640625,-2764.3264160156,100.00002288818,39.72204971313,48.63886642456,2162,4929,9,0,0,3,0,0,0
11239,-5978.9096679688,-285.96701049805,5601.4829101562,36.23896408081,52.03689956665,2222,4450,5048,5059,5059,3,0,0,0
11240,-6027.8247070312,-540.63891601563,5607.0927734375,74.86647796631,178.1226348877,2222,4930,5048,5059,5059,3,0,0,0
11245,6251.2055664062,5082.3803710938,134.8550567627,306.16879272461,382.47125244141,1264,4848,9,0,0,3,0,0,0
11247,-260.26910400391,-7375.1494140625,7194.3579101562,39.50323486328,82.61460876465,2285,4957,9,4957,0,3,0,0,0
11251,-1861.6771240234,-319.63195800781,5582.5556640625,556.76818847656,556.76818847656,2222,4407,9,0,0,3,0,0,0
11256,324.75,267.03646850586,251.7262878418,604.10162353516,627.54632568359,2363,4963,9,0,0,3,0,0,0
11257,11795.965820312,15859.298828125,30,211.12316894531,294.82983398438,1658,2746,9,0,0,3,0,0,0
11258,11598.90625,16289.578125,30,2.6843559742,14.23611164093,1658,2589,9,0,0,3,0,0,0
11259,-3807.9809570312,2599.3898925781,-137.96517944336,1266.5836181641,1553.177734375,2374,5512,5512,5512,5512,3,0,0,0
11260,-3274.9721679688,443.88369750977,-7.67958164215,2.79104542732,13.88888931274,2374,4968,4968,5490,5490,3,0,0,0
11261,-3759.9079589844,781.05383300781,592.51391601563,4.50145721436,13.47222328186,2374,4970,9,0,0,3,0,0,0
11262,-1857.2569580078,1379.7864990234,4039.3876953125,139.09033203125,246.11895751953,2222,4958,9,0,0,3,0,0,0
11265,-7017.8891601562,2294.5556640625,5474.6982421875,147.14044189453,256.99615478516,2222,4731,4731,4731,4731,3,0,0,0
11266,-7394.828125,2888.171875,5341.0966796875,80.89755249023,176.08401489258,2290,4729,4729,0,0,3,0,0,0
11267,-6973.8852539062,2258.9738769531,5474.6982421875,127.76320648193,252.27485656738,2290,4976,4976,0,0,3,0,0,0
11268,-7212.1821289062,2198.5607910156,5474.6982421875,139.81074523926,249.72209167481,2290,4976,4976,0,0,3,0,0,0
11271,-1904.4201660156,2691.5903320312,5474.1083984375,525.17889404297,530.96130371094,2222,4407,9,0,0,3,0,0,0
11272,2634.6076660156,346.39410400391,246.36982727051,98.86178588867,98.36993408203,2354,4846,9,0,0,3,0,0,0
11273,-4111.9428710938,639.98266601563,320.70318603516,746.24005126953,808.69592285156,2368,792,9,0,0,3,0,0,0
11274,-2026.2170410156,-1811.28125,49.029296875,308.21166992188,370.67651367188,2368,3178,9,0,0,3,0,0,0
11275,-1870.7951660156,-1788.0850830078,-73.71728515625,538.78717041016,571.62524414063,2368,3439,9,0,0,3,0,0,0
11276,-1763.3819580078,-2073.9775390625,49.029296875,85.76564025879,137.53668212891,2368,3231,9,0,0,3,0,0,0
11278,-4105.3178710938,-4666.658203125,80.46126556396,780.67016601563,1389.5653076172,2368,904,9,0,0,3,0,0,0
11279,-6880.2915039062,1023.0034790039,6294.4428710938,159.10534667969,282.83056640625,2222,5050,5050,5099,5099,3,0,0,0
11280,-855.22570800781,384.75695800781,5369.2524414062,545.13385009766,545.13385009766,2222,4407,9,0,0,3,0,0,0
11281,-3124.6875,667.03125,5450.6469726562,572.28558349609,575.69439697266,2222,4407,9,0,0,3,0,0,0
11290,1654.4410400391,2129.0712890625,408.21755981445,221.08615112305,233.33117675781,2162,4301,4301,4301,4301,3,0,0,0
11292,0,0,0,4.49144601822,11.50139045715,2437,2089,9,0,0,3,0,0,0
11293,10912.6640625,-2764.3264160156,100.00002288818,39.72204971313,48.63886642456,2162,5082,9,0,0,3,0,0,0
11295,1262.2291259766,-3671.0034179688,3151.271484375,64.0959777832,115.37306976318,2289,5083,9,0,0,3,0,0,0
11296,1582.4149169922,-3726.1633300781,3182.2409667969,45.16190338135,52.49457550049,2289,4789,9,0,0,3,0,0,0
11298,2000.671875,-3211.0139160156,3246.6369628906,119.26133728027,129.30146789551,2289,5084,9,5084,0,3,0,0,0
11302,-1456.78125,7260.8046875,3999.7443847656,55.76208877563,101.37507629395,2222,4307,5105,5104,5105,3,0,0,0
11303,-1490.78125,7392.6103515625,3999.7443847656,55.76208877563,88.49548339844,2222,4307,5105,5104,5105,3,0,0,0
11304,-1533.2829589844,7460.8852539062,3999.7443847656,55.76208877563,88.49548339844,2222,4307,5105,5104,5105,3,0,0,0
11305,-1553.6372070312,7582.4663085938,3983.0715332031,55.76208877563,88.49548339844,2222,4307,5105,5104,5105,3,0,0,0
11306,-6984.5087890625,859.125,5631.3623046875,100.74417114258,164.39965820313,2222,5100,5100,5099,5099,3,0,0,0
11307,-7138.5625,571.61633300781,5560.9594726562,168.86549377441,212.46356201172,2222,5100,5100,5099,5099,3,0,0,0
11308,-7088.3403320312,713.99829101563,5616.0751953125,134.28753662109,206.11999511719,2222,5100,5100,5099,5099,3,0,0,0
11309,10575.271484375,1255.390625,94.94147491455,5.83631134033,11.91597270966,2162,5101,9,0,0,3,0,0,0
11322,-4920.330078125,98.92014312744,19.21578407288,20.06694793701,29.48404884338,2374,5517,5517,5490,5490,3,0,0,0
11323,-3873.9670410156,78.09722137451,-304.96139526367,347.98773193359,538.02557373047,2374,5139,5139,5490,5490,3,0,0,0
11324,-3307.7119140625,-485.36807250977,-13.35983371735,10.76110172272,18.1962890625,2374,5183,5183,5490,5490,3,0,0,0
11356,6967.3803710938,-1923.2795410156,0,45.74367523193,81.09069824219,2175,4590,9,4590,0,3,0,0,0
11363,12139.389648438,14597.078125,18.37543296814,2.77777767181,13.88888931274,2441,5284,9,5284,0,3,0,0,0
11364,-12702.736328125,-11464.767578125,-34.11595535278,2.77777767181,13.88888931274,2441,5245,9,0,0,3,0,0,0
11365,-2434.0676269531,7647.4755859375,3977.1159667969,11.20742607117,12.56785202026,2222,5168,9,0,0,3,0,0,0
11366,-2434.0676269531,7622.3896484375,3971.7331542969,11.20742607117,12.56785202026,2222,5177,9,0,0,3,0,0,0
11369,1972.6146240234,-3230.1389160156,3252.8083496094,94.62060546875,116.96324157715,2222,5084,9,5084,0,3,0,0,0
11370,2666.6667480469,-2133.3332519531,0,4.53749704361,36.92139434814,2222,4732,9,4732,0,3,0,0,0
11371,6911.625,3044.5339355469,4787.2729492188,204.63949584961,267.11331176758,2132,4718,9,0,0,3,0,0,0
11372,15234.504882812,16303.711914062,-10.75368976593,614.43719482422,679.46722412109,1658,5182,9,0,0,3,0,0,0
11375,15156.899414062,15975.942382812,-6.35214567184,163.20027160645,185.34257507324,1658,5186,9,0,0,3,0,0,0
11380,7538.6674804688,2789.2421875,4881.7006835938,403.71447753906,448.30499267578,2132,5186,9,0,0,3,0,0,0
11383,2200.234375,2114.0139160156,0,456.50747680664,549.89105224609,2249,4086,4086,4086,4086,3,0,0,0
11387,3323.7727050781,6282.0278320312,4764.0751953125,29.37591362,41.49319839478,2456,4710,4710,4710,4710,5419,0,0,0
11388,3543.2265625,6432.5971679688,4497.3212890625,109.57028961182,206.88368225098,2456,4733,4733,4733,4733,5419,0,0,0
11389,3878.4201660156,6670.7553710938,4788.8403320312,109.83542633057,110.27308654785,2456,4710,4710,4710,4710,5419,0,0,0
11390,4649.9443359375,7160.3481445312,4837.6684570312,283.37481689453,325.98739624023,2456,4490,4490,4490,4490,5419,0,0,0
11391,3680.9479980469,6057.9399414062,4787.8857421875,2.0592508316,16.85405731201,2456,4718,4718,4718,4718,5419,0,0,0
11392,4559.4487304688,5956.501953125,4854.7612304688,144.46864318848,152.43135070801,2456,4707,4707,4707,4707,5419,0,0,0
11393,4247.0678710938,6008.4956054688,4839.1616210938,172.55683898926,174.03591918945,2456,4707,4707,4707,4707,5419,0,0,0
11395,3273.15625,5967.1508789062,4927.3125,18.61466789246,27.45134353638,2456,5243,9,0,0,5419,0,0,0
11426,2449.2377929688,6110.1640625,4784.7978515625,10.41396522522,16.60276412964,2222,5243,9,5243,0,5419,0,0,0
11428,8000.4833984375,4670.9047851562,0,3.40703320503,15.06621360779,2450,5274,9,0,0,3,0,0,0
11430,4961.6997070312,-1183.8489990234,-0.00012022508,317.03088378906,317.03088378906,2441,5283,5283,5283,5283,3,0,0,0
11434,-250.29513549805,-1276.7639160156,5668.4331054688,428.1862487793,502.9621887207,2450,5260,9,0,0,3,0,0,0
11437,-3734.2309570312,-1712.3350830078,153.34439086914,297.58432006836,820.88049316406,2374,5277,5277,5490,5490,3,0,0,0
11439,838.25,1966.9097900391,399.17211914063,16.52240753174,31.07978248596,1658,5278,9,0,0,3,0,0,0
11440,837.78302001953,1885.4184570312,403.78814697266,21.61646270752,33.67807006836,1658,5279,9,0,0,3,0,0,0
11441,779.40972900391,1919.5798339844,431.35040283203,11.98637294769,25.25563812256,1658,5280,9,0,0,3,0,0,0
11442,209.61979675293,-840.76214599609,186.18037414551,319.36419677734,412.75299072266,2450,5254,9,0,0,3,0,0,0
11443,-283.74307250977,-1249.7708740234,2292.982421875,81.85586547852,119.61224365234,2450,5407,9,0,0,3,0,0,0
11444,663.53302001953,-1297.3923339844,2682.1789550781,6.04020357132,18.97709465027,2450,5256,9,0,0,3,0,0,0
11456,-341.84722900391,-1049.4548339844,2292.982421875,81.85586547852,129.88554382324,2450,5391,9,0,0,3,0,0,0
11457,-412.22915649414,-886.15277099609,2292.982421875,81.85586547852,129.88554382324,2450,5391,9,0,0,3,0,0,0
11458,-191.20138549805,-859.72222900391,2292.982421875,81.85586547852,129.88554382324,2450,5256,9,0,0,3,0,0,0
11459,298.11111450195,-1466.1163330078,2736.9975585938,97.17223358154,122.36179351807,2450,5391,9,0,0,3,0,0,0
11460,416.06597900391,-1403.546875,2736.9975585938,101.15277862549,122.36179351807,2450,5391,9,0,0,3,0,0,0
11462,573.37152099609,-996.53302001953,3635.5327148438,269.27398681641,335.3420715332,2450,5391,9,0,0,3,0,0,0
11474,-645.88195800781,-1662.5954589844,5008.078125,34.40901565552,86.67796325684,2450,5287,9,0,0,3,0,0,0
11539,-1857.2569580078,1379.7864990234,3534.5629882812,139.09033203125,246.11895751953,2222,5117,9,0,0,3,0,0,0
11540,-1857.2569580078,1379.7864990234,2958.9174804688,139.09033203125,246.11895751953,2222,5259,9,0,0,3,0,0,0
11541,-5333.3334960938,6400,0,2.77777767181,13.88888931274,2222,5333,5333,5333,5333,3,0,0,0
11547,2724.640625,6584.1708984375,4793.1079101562,22.44474983215,34.26850128174,2222,5342,9,5342,0,5419,0,0,0
11548,2255.0747070312,6215.666015625,4862.8579101562,244.32470703125,306.19250488281,2222,5400,9,5343,0,5419,0,0,0
11598,-342.45834350586,-731.82116699219,2292.982421875,81.85586547852,118.64808654785,2450,5391,9,0,0,3,0,0,0
11599,-131.61111450195,-1074.8646240234,2292.982421875,81.85586547852,129.88554382324,2450,5256,9,0,0,3,0,0,0
11607,-3822.0659179688,-1341.4617919922,388.65026855469,17.68513298035,30.69684410095,2481,4968,9,4968,0,3,0,0,0
11608,-3827.125,-1418.4478759766,51.32052993774,166.88092041016,267.08435058594,2481,4968,9,4968,0,3,0,0,0
11609,-3842.3837890625,-1872.3403320312,53.20930862427,185.33393859863,243.13603210449,2481,5412,9,5412,0,3,0,0,0
11610,-3817.6284179688,-2354.2917480469,97.06004333496,116.68161773682,154.02737426758,2481,5413,9,5413,0,3,0,0,0
11629,-3025.9426269531,-17.05555534363,-96.42928314209,151.09074401856,199.40841674805,2374,5434,5434,5490,5490,3,0,0,0
11631,-3239.5695800781,1945.6389160156,5474.1083984375,525.17889404297,530.96130371094,2222,4407,9,0,0,3,0,0,0
11633,-3092.3627929688,-3236.8471679688,712.01202392578,52.86336517334,52.86336517334,2481,5437,9,5437,0,3,0,0,0
11994,-4066.6979980469,-2797.9895019531,8.24316120148,80.005027771,145.12336730957,2481,5445,9,5445,0,3,0,0,0
11995,-4981.517578125,-3706.703125,100.26786804199,226.07693481445,226.07693481445,2481,5451,9,5451,0,3,0,0,0
11998,0,0,0,8.25978279114,29.49890327454,2472,2226,9,2226,0,3,0,0,0
12002,-5490.4321289062,-3228.9184570312,100.05462646484,84.99657440186,84.99657440186,2481,5446,9,5446,0,3,0,0,0
12003,-1834.3610839844,1356.1875,5816.3256835938,719.32427978516,3697.361328125,2504,5260,9,0,0,3,0,0,0
12004,-6298.09375,-4202.6372070312,98.34764099121,336.44021606445,496.623046875,2481,5451,9,5451,0,3,0,0,0
12017,-2259.5747070312,38.125,-66.93430328369,251.51429748535,362.72109985352,2374,5183,5183,5490,5490,3,0,0,0
12029,-5833.3315429688,-3669.5971679688,98.34764862061,241.94606018066,303.85360717773,2481,5451,9,5451,0,3,0,0,0
12030,-3856.0104980469,-675.96008300781,8.55032062531,181.97052001953,302.67272949219,2374,5471,5471,5490,5490,3,0,0,0
12038,265.27603149414,266.13540649414,89.2678527832,260.14407348633,319.63433837891,2511,5277,9,0,0,3,0,0,0
12039,-4254.046875,1182.7100830078,-137.96516418457,287.82107543945,366.43212890625,2374,5512,5512,5512,5512,3,0,0,0
12040,-3429.5954589844,1032.1215820312,-137.96516418457,287.82107543945,366.43212890625,2374,5512,5512,5512,5512,3,0,0,0
12054,-2588.4965820312,-3565.9636230469,97.54119873047,159.27899169922,373.17599487305,2481,5507,9,5507,0,3,0,0,0
12064,-3836.9409179688,1058.5903320312,41.33275222778,35.89504623413,67.65254211426,2374,5516,5516,5516,5516,3,0,0,0
12069,0,0,0,88.34957122803,27.03462600708,2509,4316,9,0,0,3,0,0,0
12071,-5935.6025390625,-3946.96875,98.34764862061,104.01560211182,150.32424926758,2481,5451,9,5451,0,3,0,0,0
12134,0,0,0,23.52159500122,34.84912872314,2547,5277,9,0,0,3,0,0,0
3723,-163.75,1369.0517578125,215.65188598633,35.75406646729,128.91111755371,870,1234,9,1386,11,3,0,0,0
6945,9517.685546875,-13572.453125,-7.8564e-07,1007.2874755859,1179.7666015625,605,2502,9,0,0,3,0,0,0
7603,2683.2622070312,12228.864257812,195.77909851074,412.49667358398,481.19763183594,1655,2802,3020,0,0,3,0,0,0
8365,8299.728515625,14299.16015625,123.56139373779,44.37111282349,93.32704162598,1756,3405,9,0,0,3,0,0,0
9638,-1143.8697509766,-661.54339599609,171.9962310791,101.6272277832,139.14027404785,1643,3484,3486,3873,3890,3,0,0,0
10939,-2463.6684570312,5796.1840820312,3943.6545410156,87.67877197266,117.35298156738,2222,4310,5109,5110,5109,3,0,0,0
